{
    "created_at": "Wed Mar 13 13:44:57 +0000 2019",
    "id": 1105827087770939392,
    "id_str": "1105827087770939392",
    "text": "RT @NYLONJAPAN: M\u00b7A\u00b7C \u3068 #\u771e\u6804\u7530\u90f7\u6566 ( @maedagordon )\u304c\u30b3\u30e9\u30dc\u30ec\u30fc\u30b7\u30e7\u30f3\uff01\u3000\u30d3\u30e5\u30fc\u30c6\u30a3\u30d7\u30ed\u30c0\u30af\u30c8\u306f\u7537\u5973\u3067\u30b7\u30a7\u30a2\u3059\u308b\u6642\u4ee3\u3078\u2661\u3000\u5f7c\u5973\u3068\u306e\u4f11\u65e5\u3092\u30a4\u30e1\u30fc\u30b8\u3057\u305f\u3001\u30ca\u30c1\u30e5\u30e9\u30eb\u30e0\u30fc\u30c9\u306e\u30b9\u30da\u30b7\u30e3\u30eb\u30e0\u30fc\u30d3\u30fc\u306fhttps://t.co/Z3dZ7CPfEl\u3067\u2026",
    "truncated": false,
    "entities": {
        "hashtags": [
            {
                "text": "\u771e\u6804\u7530\u90f7\u6566",
                "indices": [
                    24,
                    30
                ]
            }
        ],
        "symbols": [],
        "user_mentions": [
            {
                "screen_name": "NYLONJAPAN",
                "name": "NYLON JAPAN",
                "id": 110144063,
                "id_str": "110144063",
                "indices": [
                    3,
                    14
                ]
            },
            {
                "screen_name": "maedagordon",
                "name": "\u771e\u6804\u7530 \u90f7\u6566",
                "id": 1035552997151928321,
                "id_str": "1035552997151928321",
                "indices": [
                    33,
                    45
                ]
            }
        ],
        "urls": [
            {
                "url": "https://t.co/Z3dZ7CPfEl",
                "expanded_url": "http://NYLON.JP",
                "display_url": "NYLON.JP",
                "indices": [
                    115,
                    138
                ]
            }
        ]
    },
    "metadata": {
        "iso_language_code": "ja",
        "result_type": "recent"
    },
    "source": "<a href=\"http://twitter.com/download/iphone\" rel=\"nofollow\">Twitter for iPhone</a>",
    "in_reply_to_status_id": null,
    "in_reply_to_status_id_str": null,
    "in_reply_to_user_id": null,
    "in_reply_to_user_id_str": null,
    "in_reply_to_screen_name": null,
    "user": {
        "id": 1102920970451378176,
        "id_str": "1102920970451378176",
        "name": "TOMO_Gordon",
        "screen_name": "tomogordon_0833",
        "location": "",
        "description": "\u90f7\u6566\u304f\u3093\u4ff3\u512a\u30c7\u30d3\u30e5\u30fc\u304a\u3081\u3067\u3068\u3046\u2764\ufe0f\u2728\u90f7\u6566\u304f\u3093\u3092\u5fdc\u63f4\u3059\u308b\u57a2\u3002\u8cb4\u91cd\u306a\u2728\u2728\u2728",
        "url": null,
        "entities": {
            "description": {
                "urls": []
            }
        },
        "protected": false,
        "followers_count": 1,
        "friends_count": 10,
        "listed_count": 0,
        "created_at": "Tue Mar 05 13:17:05 +0000 2019",
        "favourites_count": 26,
        "utc_offset": null,
        "time_zone": null,
        "geo_enabled": false,
        "verified": false,
        "statuses_count": 31,
        "lang": "en",
        "contributors_enabled": false,
        "is_translator": false,
        "is_translation_enabled": false,
        "profile_background_color": "F5F8FA",
        "profile_background_image_url": null,
        "profile_background_image_url_https": null,
        "profile_background_tile": false,
        "profile_image_url": "http://pbs.twimg.com/profile_images/1105838087932764166/PPmDXSzw_normal.jpg",
        "profile_image_url_https": "https://pbs.twimg.com/profile_images/1105838087932764166/PPmDXSzw_normal.jpg",
        "profile_banner_url": "https://pbs.twimg.com/profile_banners/1102920970451378176/1552488314",
        "profile_link_color": "1DA1F2",
        "profile_sidebar_border_color": "C0DEED",
        "profile_sidebar_fill_color": "DDEEF6",
        "profile_text_color": "333333",
        "profile_use_background_image": true,
        "has_extended_profile": false,
        "default_profile": true,
        "default_profile_image": false,
        "following": null,
        "follow_request_sent": null,
        "notifications": null,
        "translator_type": "none"
    },
    "geo": null,
    "coordinates": null,
    "place": null,
    "contributors": null,
    "retweeted_status": {
        "created_at": "Thu Mar 07 11:24:55 +0000 2019",
        "id": 1103617520802553856,
        "id_str": "1103617520802553856",
        "text": "M\u00b7A\u00b7C \u3068 #\u771e\u6804\u7530\u90f7\u6566 ( @maedagordon )\u304c\u30b3\u30e9\u30dc\u30ec\u30fc\u30b7\u30e7\u30f3\uff01\u3000\u30d3\u30e5\u30fc\u30c6\u30a3\u30d7\u30ed\u30c0\u30af\u30c8\u306f\u7537\u5973\u3067\u30b7\u30a7\u30a2\u3059\u308b\u6642\u4ee3\u3078\u2661\u3000\u5f7c\u5973\u3068\u306e\u4f11\u65e5\u3092\u30a4\u30e1\u30fc\u30b8\u3057\u305f\u3001\u30ca\u30c1\u30e5\u30e9\u30eb\u30e0\u30fc\u30c9\u306e\u30b9\u30da\u30b7\u30e3\u30eb\u30e0\u30fc\u30d3\u30fc\u306f\u2026 https://t.co/dVhAHJtuEt",
        "truncated": true,
        "entities": {
            "hashtags": [
                {
                    "text": "\u771e\u6804\u7530\u90f7\u6566",
                    "indices": [
                        8,
                        14
                    ]
                }
            ],
            "symbols": [],
            "user_mentions": [
                {
                    "screen_name": "maedagordon",
                    "name": "\u771e\u6804\u7530 \u90f7\u6566",
                    "id": 1035552997151928321,
                    "id_str": "1035552997151928321",
                    "indices": [
                        17,
                        29
                    ]
                }
            ],
            "urls": [
                {
                    "url": "https://t.co/dVhAHJtuEt",
                    "expanded_url": "https://twitter.com/i/web/status/1103617520802553856",
                    "display_url": "twitter.com/i/web/status/1\u2026",
                    "indices": [
                        101,
                        124
                    ]
                }
            ]
        },
        "metadata": {
            "iso_language_code": "ja",
            "result_type": "recent"
        },
        "source": "<a href=\"http://twitter.com\" rel=\"nofollow\">Twitter Web Client</a>",
        "in_reply_to_status_id": null,
        "in_reply_to_status_id_str": null,
        "in_reply_to_user_id": null,
        "in_reply_to_user_id_str": null,
        "in_reply_to_screen_name": null,
        "user": {
            "id": 110144063,
            "id_str": "110144063",
            "name": "NYLON JAPAN",
            "screen_name": "NYLONJAPAN",
            "location": "NYLON  \u2764\ufe0e JAPAN",
            "description": "NYLON JAPAN Official / \u30cb\u30e5\u30fc\u30e8\u30fc\u30af\u751f\u307e\u308c\u306e\u30d5\u30a1\u30c3\u30b7\u30e7\u30f3\u30de\u30ac\u30b8\u30f3\u300e\u30ca\u30a4\u30ed\u30f3 \u30b8\u30e3\u30d1\u30f3\u300f\u3002\u898b\u308b\u3060\u3051\u3067\u30ad\u30e5\u30f3\u3068\u3057\u3061\u3083\u3046\u3088\u3046\u306a\u3001\u53ef\u611b\u304f\u3066\u30af\u30fc\u30eb\u306a\u30d5\u30a1\u30c3\u30b7\u30e7\u30f3\u30fb\u97f3\u697d\u30fb\u30a2\u30fc\u30c8\u304c\u8a70\u307e\u3063\u305f\u201c\u304a\u3057\u3083\u308c\u30b9\u30af\u30e9\u30c3\u30d7\u30de\u30ac\u30b8\u30f3\u201d\uff01 \u2728\u6bce\u670828\u65e5\u767a\u58f2\u2728",
            "url": "https://t.co/3g39dlJzZb",
            "entities": {
                "url": {
                    "urls": [
                        {
                            "url": "https://t.co/3g39dlJzZb",
                            "expanded_url": "http://nylon.jp",
                            "display_url": "nylon.jp",
                            "indices": [
                                0,
                                23
                            ]
                        }
                    ]
                },
                "description": {
                    "urls": []
                }
            },
            "protected": false,
            "followers_count": 150607,
            "friends_count": 26,
            "listed_count": 1587,
            "created_at": "Sun Jan 31 14:03:36 +0000 2010",
            "favourites_count": 3776,
            "utc_offset": null,
            "time_zone": null,
            "geo_enabled": true,
            "verified": true,
            "statuses_count": 45938,
            "lang": "ja",
            "contributors_enabled": false,
            "is_translator": false,
            "is_translation_enabled": false,
            "profile_background_color": "FFFFFF",
            "profile_background_image_url": "http://abs.twimg.com/images/themes/theme1/bg.png",
            "profile_background_image_url_https": "https://abs.twimg.com/images/themes/theme1/bg.png",
            "profile_background_tile": true,
            "profile_image_url": "http://pbs.twimg.com/profile_images/875526865296818176/URubs2VO_normal.jpg",
            "profile_image_url_https": "https://pbs.twimg.com/profile_images/875526865296818176/URubs2VO_normal.jpg",
            "profile_banner_url": "https://pbs.twimg.com/profile_banners/110144063/1550724308",
            "profile_link_color": "FA226E",
            "profile_sidebar_border_color": "FFFFFF",
            "profile_sidebar_fill_color": "030303",
            "profile_text_color": "FF005E",
            "profile_use_background_image": true,
            "has_extended_profile": false,
            "default_profile": false,
            "default_profile_image": false,
            "following": null,
            "follow_request_sent": null,
            "notifications": null,
            "translator_type": "none"
        },
        "geo": null,
        "coordinates": null,
        "place": null,
        "contributors": null,
        "is_quote_status": false,
        "retweet_count": 29,
        "favorite_count": 88,
        "favorited": false,
        "retweeted": false,
        "possibly_sensitive": false,
        "lang": "ja"
    },
    "is_quote_status": false,
    "retweet_count": 29,
    "favorite_count": 0,
    "favorited": false,
    "retweeted": false,
    "possibly_sensitive": false,
    "lang": "ja"
}