{
    "created_at": "Wed Mar 13 16:38:49 +0000 2019",
    "id": 1105870841139609602,
    "id_str": "1105870841139609602",
    "text": "@MACcosmetics PLEASE LISTEN TO US! WE WANT AN AMY WINEHOUSE COLLECTION!! COULD BE THE MOST BEAUTIFUL TO PAY TRIBUTE\u2026 https://t.co/tv2h69P1rO",
    "truncated": true,
    "entities": {
        "hashtags": [],
        "symbols": [],
        "user_mentions": [
            {
                "screen_name": "MACcosmetics",
                "name": "MAC Cosmetics",
                "id": 15225275,
                "id_str": "15225275",
                "indices": [
                    0,
                    13
                ]
            }
        ],
        "urls": [
            {
                "url": "https://t.co/tv2h69P1rO",
                "expanded_url": "https://twitter.com/i/web/status/1105870841139609602",
                "display_url": "twitter.com/i/web/status/1\u2026",
                "indices": [
                    117,
                    140
                ]
            }
        ]
    },
    "metadata": {
        "iso_language_code": "en",
        "result_type": "recent"
    },
    "source": "<a href=\"http://twitter.com/download/iphone\" rel=\"nofollow\">Twitter for iPhone</a>",
    "in_reply_to_status_id": 1105560972398395393,
    "in_reply_to_status_id_str": "1105560972398395393",
    "in_reply_to_user_id": 15225275,
    "in_reply_to_user_id_str": "15225275",
    "in_reply_to_screen_name": "MACcosmetics",
    "user": {
        "id": 2161342788,
        "id_str": "2161342788",
        "name": "Amy Winehouse For MAC\ud83d\udc84",
        "screen_name": "AmyWinehouseMAC",
        "location": "Southgate, London",
        "description": "https://t.co/de2vdGuwQ5",
        "url": null,
        "entities": {
            "description": {
                "urls": [
                    {
                        "url": "https://t.co/de2vdGuwQ5",
                        "expanded_url": "https://www.change.org/p/mac-cosmetics-to-release-an-amy-winehouse-x-mac-limited-edition-collection-amywinehouseformac",
                        "display_url": "change.org/p/mac-cosmetic\u2026",
                        "indices": [
                            0,
                            23
                        ]
                    }
                ]
            }
        },
        "protected": false,
        "followers_count": 751,
        "friends_count": 228,
        "listed_count": 8,
        "created_at": "Mon Oct 28 17:59:37 +0000 2013",
        "favourites_count": 3391,
        "utc_offset": null,
        "time_zone": null,
        "geo_enabled": true,
        "verified": false,
        "statuses_count": 2569,
        "lang": "en",
        "contributors_enabled": false,
        "is_translator": false,
        "is_translation_enabled": false,
        "profile_background_color": "FFCC4D",
        "profile_background_image_url": "http://abs.twimg.com/images/themes/theme1/bg.png",
        "profile_background_image_url_https": "https://abs.twimg.com/images/themes/theme1/bg.png",
        "profile_background_tile": true,
        "profile_image_url": "http://pbs.twimg.com/profile_images/1061085957062049792/cxCwxwin_normal.jpg",
        "profile_image_url_https": "https://pbs.twimg.com/profile_images/1061085957062049792/cxCwxwin_normal.jpg",
        "profile_banner_url": "https://pbs.twimg.com/profile_banners/2161342788/1541166381",
        "profile_link_color": "F58EA8",
        "profile_sidebar_border_color": "FFFFFF",
        "profile_sidebar_fill_color": "DDEEF6",
        "profile_text_color": "333333",
        "profile_use_background_image": true,
        "has_extended_profile": true,
        "default_profile": false,
        "default_profile_image": false,
        "following": null,
        "follow_request_sent": null,
        "notifications": null,
        "translator_type": "none"
    },
    "geo": null,
    "coordinates": null,
    "place": null,
    "contributors": null,
    "is_quote_status": false,
    "retweet_count": 0,
    "favorite_count": 1,
    "favorited": false,
    "retweeted": false,
    "possibly_sensitive": false,
    "lang": "en"
}