{
    "created_at": "Wed Mar 13 11:45:09 +0000 2019",
    "id": 1105796937918414848,
    "id_str": "1105796937918414848",
    "text": "RT @XingPark: 190306 @MACcosmetics Weibo Update: \"Hello everyone I'm MAC's China region spokesperson Zhang Yixing. Come to MAC x TMall Supe\u2026",
    "truncated": false,
    "entities": {
        "hashtags": [],
        "symbols": [],
        "user_mentions": [
            {
                "screen_name": "XingPark",
                "name": "\u5f20\u827a\u5174\u5427\u2729XingPark",
                "id": 499028180,
                "id_str": "499028180",
                "indices": [
                    3,
                    12
                ]
            },
            {
                "screen_name": "MACcosmetics",
                "name": "MAC Cosmetics",
                "id": 15225275,
                "id_str": "15225275",
                "indices": [
                    21,
                    34
                ]
            }
        ],
        "urls": []
    },
    "metadata": {
        "iso_language_code": "en",
        "result_type": "recent"
    },
    "source": "<a href=\"http://twitter.com/download/iphone\" rel=\"nofollow\">Twitter for iPhone</a>",
    "in_reply_to_status_id": null,
    "in_reply_to_status_id_str": null,
    "in_reply_to_user_id": null,
    "in_reply_to_user_id_str": null,
    "in_reply_to_screen_name": null,
    "user": {
        "id": 1016523753142960128,
        "id_str": "1016523753142960128",
        "name": "\u9165\u9165\u5174",
        "screen_name": "zyxzjs1007ss",
        "location": "",
        "description": "",
        "url": null,
        "entities": {
            "description": {
                "urls": []
            }
        },
        "protected": false,
        "followers_count": 1,
        "friends_count": 4,
        "listed_count": 0,
        "created_at": "Tue Jul 10 03:25:23 +0000 2018",
        "favourites_count": 116,
        "utc_offset": null,
        "time_zone": null,
        "geo_enabled": false,
        "verified": false,
        "statuses_count": 33,
        "lang": "zh-CN",
        "contributors_enabled": false,
        "is_translator": false,
        "is_translation_enabled": false,
        "profile_background_color": "F5F8FA",
        "profile_background_image_url": null,
        "profile_background_image_url_https": null,
        "profile_background_tile": false,
        "profile_image_url": "http://pbs.twimg.com/profile_images/1016525360953901063/TfHoEVTv_normal.jpg",
        "profile_image_url_https": "https://pbs.twimg.com/profile_images/1016525360953901063/TfHoEVTv_normal.jpg",
        "profile_banner_url": "https://pbs.twimg.com/profile_banners/1016523753142960128/1531221880",
        "profile_link_color": "1DA1F2",
        "profile_sidebar_border_color": "C0DEED",
        "profile_sidebar_fill_color": "DDEEF6",
        "profile_text_color": "333333",
        "profile_use_background_image": true,
        "has_extended_profile": true,
        "default_profile": true,
        "default_profile_image": false,
        "following": null,
        "follow_request_sent": null,
        "notifications": null,
        "translator_type": "none"
    },
    "geo": null,
    "coordinates": null,
    "place": null,
    "contributors": null,
    "retweeted_status": {
        "created_at": "Wed Mar 06 05:11:55 +0000 2019",
        "id": 1103161262664572928,
        "id_str": "1103161262664572928",
        "text": "190306 @MACcosmetics Weibo Update: \"Hello everyone I'm MAC's China region spokesperson Zhang Yixing. Come to MAC x\u2026 https://t.co/5uyqsn0Reh",
        "truncated": true,
        "entities": {
            "hashtags": [],
            "symbols": [],
            "user_mentions": [
                {
                    "screen_name": "MACcosmetics",
                    "name": "MAC Cosmetics",
                    "id": 15225275,
                    "id_str": "15225275",
                    "indices": [
                        7,
                        20
                    ]
                }
            ],
            "urls": [
                {
                    "url": "https://t.co/5uyqsn0Reh",
                    "expanded_url": "https://twitter.com/i/web/status/1103161262664572928",
                    "display_url": "twitter.com/i/web/status/1\u2026",
                    "indices": [
                        116,
                        139
                    ]
                }
            ]
        },
        "metadata": {
            "iso_language_code": "en",
            "result_type": "recent"
        },
        "source": "<a href=\"http://twitter.com/download/android\" rel=\"nofollow\">Twitter for Android</a>",
        "in_reply_to_status_id": null,
        "in_reply_to_status_id_str": null,
        "in_reply_to_user_id": null,
        "in_reply_to_user_id_str": null,
        "in_reply_to_screen_name": null,
        "user": {
            "id": 499028180,
            "id_str": "499028180",
            "name": "\u5f20\u827a\u5174\u5427\u2729XingPark",
            "screen_name": "XingPark",
            "location": "t.cn/R5zOTMz",
            "description": "Lay Zhang Yixing's Chinese fanbase since 2005/05/20 \u2729 Follow us for the latest updates & fan support news \u2729 Email: xingpark107@163.com \u2729 Instagram @xingpark1007",
            "url": "https://t.co/g43wDoejXw",
            "entities": {
                "url": {
                    "urls": [
                        {
                            "url": "https://t.co/g43wDoejXw",
                            "expanded_url": "http://weibo.com/zhangyixingbar",
                            "display_url": "weibo.com/zhangyixingbar",
                            "indices": [
                                0,
                                23
                            ]
                        }
                    ]
                },
                "description": {
                    "urls": []
                }
            },
            "protected": false,
            "followers_count": 110560,
            "friends_count": 51,
            "listed_count": 1616,
            "created_at": "Tue Feb 21 17:58:38 +0000 2012",
            "favourites_count": 243,
            "utc_offset": null,
            "time_zone": null,
            "geo_enabled": true,
            "verified": false,
            "statuses_count": 9777,
            "lang": "en",
            "contributors_enabled": false,
            "is_translator": false,
            "is_translation_enabled": false,
            "profile_background_color": "BCF5FF",
            "profile_background_image_url": "http://abs.twimg.com/images/themes/theme1/bg.png",
            "profile_background_image_url_https": "https://abs.twimg.com/images/themes/theme1/bg.png",
            "profile_background_tile": true,
            "profile_image_url": "http://pbs.twimg.com/profile_images/1100410554538090501/ydxRNMzw_normal.jpg",
            "profile_image_url_https": "https://pbs.twimg.com/profile_images/1100410554538090501/ydxRNMzw_normal.jpg",
            "profile_banner_url": "https://pbs.twimg.com/profile_banners/499028180/1551205451",
            "profile_link_color": "3465BA",
            "profile_sidebar_border_color": "FFFFFF",
            "profile_sidebar_fill_color": "DDEEF6",
            "profile_text_color": "333333",
            "profile_use_background_image": true,
            "has_extended_profile": false,
            "default_profile": false,
            "default_profile_image": false,
            "following": null,
            "follow_request_sent": null,
            "notifications": null,
            "translator_type": "none"
        },
        "geo": null,
        "coordinates": null,
        "place": null,
        "contributors": null,
        "is_quote_status": false,
        "retweet_count": 404,
        "favorite_count": 577,
        "favorited": false,
        "retweeted": false,
        "possibly_sensitive": false,
        "lang": "en"
    },
    "is_quote_status": false,
    "retweet_count": 404,
    "favorite_count": 0,
    "favorited": false,
    "retweeted": false,
    "lang": "en"
}