{
    "created_at": "Wed Mar 13 11:16:01 +0000 2019",
    "id": 1105789606136594433,
    "id_str": "1105789606136594433",
    "text": "Absolutely obsessed with @elseed's collaboration with @MACcosmetics \ud83d\ude0d Not only is the Tunisian-French artist's work\u2026 https://t.co/fs1EdwXGWL",
    "truncated": true,
    "entities": {
        "hashtags": [],
        "symbols": [],
        "user_mentions": [
            {
                "screen_name": "elseed",
                "name": "eL Seed",
                "id": 248968025,
                "id_str": "248968025",
                "indices": [
                    25,
                    32
                ]
            },
            {
                "screen_name": "MACcosmetics",
                "name": "MAC Cosmetics",
                "id": 15225275,
                "id_str": "15225275",
                "indices": [
                    54,
                    67
                ]
            }
        ],
        "urls": [
            {
                "url": "https://t.co/fs1EdwXGWL",
                "expanded_url": "https://twitter.com/i/web/status/1105789606136594433",
                "display_url": "twitter.com/i/web/status/1\u2026",
                "indices": [
                    117,
                    140
                ]
            }
        ]
    },
    "metadata": {
        "iso_language_code": "en",
        "result_type": "recent"
    },
    "source": "<a href=\"https://buffer.com\" rel=\"nofollow\">Buffer</a>",
    "in_reply_to_status_id": null,
    "in_reply_to_status_id_str": null,
    "in_reply_to_user_id": null,
    "in_reply_to_user_id_str": null,
    "in_reply_to_screen_name": null,
    "user": {
        "id": 102733570,
        "id_str": "102733570",
        "name": "Alexandra Talty",
        "screen_name": "taltywrites",
        "location": "Lebanon",
        "description": "Writer + part-time fish exploring the world. @Forbes Senior Travel Contributor. \u26a1\ufe0fOther bylines: @Playboy, @AFARmedia, @TheNationalUAE, @OutsideMagazine.",
        "url": "https://t.co/PjPlcpOzX7",
        "entities": {
            "url": {
                "urls": [
                    {
                        "url": "https://t.co/PjPlcpOzX7",
                        "expanded_url": "https://www.forbes.com/sites/alexandratalty/#21e61e6e407c",
                        "display_url": "forbes.com/sites/alexandr\u2026",
                        "indices": [
                            0,
                            23
                        ]
                    }
                ]
            },
            "description": {
                "urls": []
            }
        },
        "protected": false,
        "followers_count": 3525,
        "friends_count": 1191,
        "listed_count": 108,
        "created_at": "Thu Jan 07 17:07:54 +0000 2010",
        "favourites_count": 25861,
        "utc_offset": null,
        "time_zone": null,
        "geo_enabled": true,
        "verified": true,
        "statuses_count": 5585,
        "lang": "en",
        "contributors_enabled": false,
        "is_translator": false,
        "is_translation_enabled": false,
        "profile_background_color": "ACDED6",
        "profile_background_image_url": "http://abs.twimg.com/images/themes/theme18/bg.gif",
        "profile_background_image_url_https": "https://abs.twimg.com/images/themes/theme18/bg.gif",
        "profile_background_tile": true,
        "profile_image_url": "http://pbs.twimg.com/profile_images/512651842421915648/ngFMQKBK_normal.jpeg",
        "profile_image_url_https": "https://pbs.twimg.com/profile_images/512651842421915648/ngFMQKBK_normal.jpeg",
        "profile_banner_url": "https://pbs.twimg.com/profile_banners/102733570/1502139035",
        "profile_link_color": "4A913C",
        "profile_sidebar_border_color": "EEEEEE",
        "profile_sidebar_fill_color": "F6F6F6",
        "profile_text_color": "333333",
        "profile_use_background_image": true,
        "has_extended_profile": false,
        "default_profile": false,
        "default_profile_image": false,
        "following": null,
        "follow_request_sent": null,
        "notifications": null,
        "translator_type": "none"
    },
    "geo": null,
    "coordinates": null,
    "place": null,
    "contributors": null,
    "is_quote_status": false,
    "retweet_count": 1,
    "favorite_count": 5,
    "favorited": false,
    "retweeted": false,
    "possibly_sensitive": false,
    "lang": "en"
}