{
    "created_at": "Wed Mar 13 18:08:27 +0000 2019",
    "id": 1105893399461126144,
    "id_str": "1105893399461126144",
    "text": "Two Make-Up Companies Get in Bed with Planned Parenthood.\nRivals MAC Cosmetics and Benefit Cosmetics\u00a0have recently\u2026 https://t.co/BqCqEjlFar",
    "truncated": true,
    "entities": {
        "hashtags": [],
        "symbols": [],
        "user_mentions": [],
        "urls": [
            {
                "url": "https://t.co/BqCqEjlFar",
                "expanded_url": "https://twitter.com/i/web/status/1105893399461126144",
                "display_url": "twitter.com/i/web/status/1\u2026",
                "indices": [
                    116,
                    139
                ]
            }
        ]
    },
    "metadata": {
        "iso_language_code": "en",
        "result_type": "recent"
    },
    "source": "<a href=\"http://twitter.com/download/android\" rel=\"nofollow\">Twitter for Android</a>",
    "in_reply_to_status_id": null,
    "in_reply_to_status_id_str": null,
    "in_reply_to_user_id": null,
    "in_reply_to_user_id_str": null,
    "in_reply_to_screen_name": null,
    "user": {
        "id": 2349219440,
        "id_str": "2349219440",
        "name": "Carol",
        "screen_name": "CaroL007_",
        "location": "So Cal",
        "description": "Is this real life\u2753\n                         \n\nChristian\u271d\ufe0f   \ud83d\udc9fIsrael \n\ud83c\uddfa\ud83c\uddf8Vets \ud83d\udc6eBlue Lives Matter  \ud83d\udc97All Lives Matter    \ud83c\udd98Save California.   TRUMP2020    MAGA",
        "url": null,
        "entities": {
            "description": {
                "urls": []
            }
        },
        "protected": false,
        "followers_count": 4306,
        "friends_count": 4391,
        "listed_count": 3,
        "created_at": "Mon Feb 17 23:35:47 +0000 2014",
        "favourites_count": 62392,
        "utc_offset": null,
        "time_zone": null,
        "geo_enabled": true,
        "verified": false,
        "statuses_count": 16353,
        "lang": "en",
        "contributors_enabled": false,
        "is_translator": false,
        "is_translation_enabled": false,
        "profile_background_color": "C0DEED",
        "profile_background_image_url": "http://abs.twimg.com/images/themes/theme1/bg.png",
        "profile_background_image_url_https": "https://abs.twimg.com/images/themes/theme1/bg.png",
        "profile_background_tile": false,
        "profile_image_url": "http://pbs.twimg.com/profile_images/1052267550250217472/bTR1lJ-X_normal.jpg",
        "profile_image_url_https": "https://pbs.twimg.com/profile_images/1052267550250217472/bTR1lJ-X_normal.jpg",
        "profile_link_color": "1DA1F2",
        "profile_sidebar_border_color": "C0DEED",
        "profile_sidebar_fill_color": "DDEEF6",
        "profile_text_color": "333333",
        "profile_use_background_image": true,
        "has_extended_profile": false,
        "default_profile": true,
        "default_profile_image": false,
        "following": null,
        "follow_request_sent": null,
        "notifications": null,
        "translator_type": "none"
    },
    "geo": null,
    "coordinates": null,
    "place": null,
    "contributors": null,
    "is_quote_status": false,
    "retweet_count": 2,
    "favorite_count": 1,
    "favorited": false,
    "retweeted": false,
    "possibly_sensitive": false,
    "lang": "en"
}