{
    "created_at": "Wed Mar 13 17:52:00 +0000 2019",
    "id": 1105889259939160064,
    "id_str": "1105889259939160064",
    "text": "@winemedineme @MACcosmetics @BenefitBeauty @PPFA Gotta love MAC! \ud83d\udc84\ud83d\udc8b",
    "truncated": false,
    "entities": {
        "hashtags": [],
        "symbols": [],
        "user_mentions": [
            {
                "screen_name": "winemedineme",
                "name": "Julie Niesen",
                "id": 14120099,
                "id_str": "14120099",
                "indices": [
                    0,
                    13
                ]
            },
            {
                "screen_name": "MACcosmetics",
                "name": "MAC Cosmetics",
                "id": 15225275,
                "id_str": "15225275",
                "indices": [
                    14,
                    27
                ]
            },
            {
                "screen_name": "BenefitBeauty",
                "name": "Benefit Cosmetics US",
                "id": 18220767,
                "id_str": "18220767",
                "indices": [
                    28,
                    42
                ]
            },
            {
                "screen_name": "PPFA",
                "name": "Planned Parenthood",
                "id": 402957663,
                "id_str": "402957663",
                "indices": [
                    43,
                    48
                ]
            }
        ],
        "urls": []
    },
    "metadata": {
        "iso_language_code": "en",
        "result_type": "recent"
    },
    "source": "<a href=\"http://twitter.com/download/iphone\" rel=\"nofollow\">Twitter for iPhone</a>",
    "in_reply_to_status_id": 1105565729162739712,
    "in_reply_to_status_id_str": "1105565729162739712",
    "in_reply_to_user_id": 14120099,
    "in_reply_to_user_id_str": "14120099",
    "in_reply_to_screen_name": "winemedineme",
    "user": {
        "id": 26883130,
        "id_str": "26883130",
        "name": "Kelly Dobos",
        "screen_name": "kellydobos",
        "location": "Cincinnati, OH",
        "description": "Cosmetic chemist, out to make her mark on the world. All tweets are my own. Chemistry degree, Masters in Pharmaceutical Science, MBA.",
        "url": "https://t.co/exJX992Dkz",
        "entities": {
            "url": {
                "urls": [
                    {
                        "url": "https://t.co/exJX992Dkz",
                        "expanded_url": "http://chemistscorner.com",
                        "display_url": "chemistscorner.com",
                        "indices": [
                            0,
                            23
                        ]
                    }
                ]
            },
            "description": {
                "urls": []
            }
        },
        "protected": false,
        "followers_count": 2796,
        "friends_count": 2015,
        "listed_count": 82,
        "created_at": "Thu Mar 26 23:15:18 +0000 2009",
        "favourites_count": 2905,
        "utc_offset": null,
        "time_zone": null,
        "geo_enabled": true,
        "verified": false,
        "statuses_count": 14588,
        "lang": "en",
        "contributors_enabled": false,
        "is_translator": false,
        "is_translation_enabled": false,
        "profile_background_color": "000000",
        "profile_background_image_url": "http://abs.twimg.com/images/themes/theme2/bg.gif",
        "profile_background_image_url_https": "https://abs.twimg.com/images/themes/theme2/bg.gif",
        "profile_background_tile": false,
        "profile_image_url": "http://pbs.twimg.com/profile_images/965463195686264832/pDd_HeHz_normal.jpg",
        "profile_image_url_https": "https://pbs.twimg.com/profile_images/965463195686264832/pDd_HeHz_normal.jpg",
        "profile_banner_url": "https://pbs.twimg.com/profile_banners/26883130/1358973942",
        "profile_link_color": "F58EA8",
        "profile_sidebar_border_color": "000000",
        "profile_sidebar_fill_color": "000000",
        "profile_text_color": "000000",
        "profile_use_background_image": false,
        "has_extended_profile": false,
        "default_profile": false,
        "default_profile_image": false,
        "following": null,
        "follow_request_sent": null,
        "notifications": null,
        "translator_type": "none"
    },
    "geo": null,
    "coordinates": null,
    "place": null,
    "contributors": null,
    "is_quote_status": false,
    "retweet_count": 0,
    "favorite_count": 1,
    "favorited": false,
    "retweeted": false,
    "lang": "en"
}