{
    "created_at": "Wed Mar 13 18:57:56 +0000 2019",
    "id": 1105905851687227393,
    "id_str": "1105905851687227393",
    "text": "You Ain't Never Had a Friend Like MAC!\u00a0The Aladdin-Inspired Collection Is Here https://t.co/haHKDxfXeW",
    "truncated": false,
    "entities": {
        "hashtags": [],
        "symbols": [],
        "user_mentions": [],
        "urls": [
            {
                "url": "https://t.co/haHKDxfXeW",
                "expanded_url": "https://goo.gl/BmEf4W",
                "display_url": "goo.gl/BmEf4W",
                "indices": [
                    79,
                    102
                ]
            }
        ]
    },
    "metadata": {
        "iso_language_code": "en",
        "result_type": "recent"
    },
    "source": "<a href=\"http://www.wonderland.fm/\" rel=\"nofollow\">wonderland.fm</a>",
    "in_reply_to_status_id": null,
    "in_reply_to_status_id_str": null,
    "in_reply_to_user_id": null,
    "in_reply_to_user_id_str": null,
    "in_reply_to_screen_name": null,
    "user": {
        "id": 1150939670,
        "id_str": "1150939670",
        "name": "Fans Of Beauty",
        "screen_name": "FansOfBeauty",
        "location": "USA",
        "description": "All about beauty, tricks, tips, news and more !",
        "url": null,
        "entities": {
            "description": {
                "urls": []
            }
        },
        "protected": false,
        "followers_count": 1037,
        "friends_count": 1674,
        "listed_count": 15,
        "created_at": "Tue Feb 05 13:23:25 +0000 2013",
        "favourites_count": 0,
        "utc_offset": null,
        "time_zone": null,
        "geo_enabled": false,
        "verified": false,
        "statuses_count": 38501,
        "lang": "en",
        "contributors_enabled": false,
        "is_translator": false,
        "is_translation_enabled": false,
        "profile_background_color": "F088F0",
        "profile_background_image_url": "http://abs.twimg.com/images/themes/theme1/bg.png",
        "profile_background_image_url_https": "https://abs.twimg.com/images/themes/theme1/bg.png",
        "profile_background_tile": false,
        "profile_image_url": "http://pbs.twimg.com/profile_images/3211466871/377ddfe00dc21011b68fcf72371bec7b_normal.png",
        "profile_image_url_https": "https://pbs.twimg.com/profile_images/3211466871/377ddfe00dc21011b68fcf72371bec7b_normal.png",
        "profile_link_color": "0084B4",
        "profile_sidebar_border_color": "000000",
        "profile_sidebar_fill_color": "DDEEF6",
        "profile_text_color": "333333",
        "profile_use_background_image": false,
        "has_extended_profile": false,
        "default_profile": false,
        "default_profile_image": false,
        "following": null,
        "follow_request_sent": null,
        "notifications": null,
        "translator_type": "none"
    },
    "geo": null,
    "coordinates": null,
    "place": null,
    "contributors": null,
    "is_quote_status": false,
    "retweet_count": 0,
    "favorite_count": 0,
    "favorited": false,
    "retweeted": false,
    "possibly_sensitive": false,
    "lang": "en"
}