{
    "created_at": "Wed Mar 13 19:19:22 +0000 2019",
    "id": 1105911247164358657,
    "id_str": "1105911247164358657",
    "text": "RT @InStyle: Your next MAC and Benefit Cosmetics splurge can benefit @PPFA \u2014 here's how: https://t.co/bTlMAVuc11",
    "truncated": false,
    "entities": {
        "hashtags": [],
        "symbols": [],
        "user_mentions": [
            {
                "screen_name": "InStyle",
                "name": "InStyle",
                "id": 14934818,
                "id_str": "14934818",
                "indices": [
                    3,
                    11
                ]
            },
            {
                "screen_name": "PPFA",
                "name": "Planned Parenthood",
                "id": 402957663,
                "id_str": "402957663",
                "indices": [
                    69,
                    74
                ]
            }
        ],
        "urls": [
            {
                "url": "https://t.co/bTlMAVuc11",
                "expanded_url": "http://instyle.io/j7ah5wg",
                "display_url": "instyle.io/j7ah5wg",
                "indices": [
                    89,
                    112
                ]
            }
        ]
    },
    "metadata": {
        "iso_language_code": "en",
        "result_type": "recent"
    },
    "source": "<a href=\"http://twitter.com/download/iphone\" rel=\"nofollow\">Twitter for iPhone</a>",
    "in_reply_to_status_id": null,
    "in_reply_to_status_id_str": null,
    "in_reply_to_user_id": null,
    "in_reply_to_user_id_str": null,
    "in_reply_to_screen_name": null,
    "user": {
        "id": 30133033,
        "id_str": "30133033",
        "name": "mainbae",
        "screen_name": "cote180",
        "location": "Middle Of Heaven",
        "description": "Always summer \ud83d\udda4",
        "url": "https://t.co/CW3Hk0JZW4",
        "entities": {
            "url": {
                "urls": [
                    {
                        "url": "https://t.co/CW3Hk0JZW4",
                        "expanded_url": "http://weibo.com/3761573622/profile?topnav=1&wvr=5&user=1&sudaref=weibo.com",
                        "display_url": "weibo.com/3761573622/pro\u2026",
                        "indices": [
                            0,
                            23
                        ]
                    }
                ]
            },
            "description": {
                "urls": []
            }
        },
        "protected": false,
        "followers_count": 160,
        "friends_count": 1067,
        "listed_count": 10,
        "created_at": "Fri Apr 10 02:14:45 +0000 2009",
        "favourites_count": 207,
        "utc_offset": null,
        "time_zone": null,
        "geo_enabled": true,
        "verified": false,
        "statuses_count": 3287,
        "lang": "en",
        "contributors_enabled": false,
        "is_translator": false,
        "is_translation_enabled": false,
        "profile_background_color": "FFB5C4",
        "profile_background_image_url": "http://abs.twimg.com/images/themes/theme1/bg.png",
        "profile_background_image_url_https": "https://abs.twimg.com/images/themes/theme1/bg.png",
        "profile_background_tile": false,
        "profile_image_url": "http://pbs.twimg.com/profile_images/1008108810878312448/Vxec8fkN_normal.jpg",
        "profile_image_url_https": "https://pbs.twimg.com/profile_images/1008108810878312448/Vxec8fkN_normal.jpg",
        "profile_banner_url": "https://pbs.twimg.com/profile_banners/30133033/1456102339",
        "profile_link_color": "FFBFC7",
        "profile_sidebar_border_color": "FFEDD1",
        "profile_sidebar_fill_color": "FFDFD1",
        "profile_text_color": "FFD1D1",
        "profile_use_background_image": true,
        "has_extended_profile": false,
        "default_profile": false,
        "default_profile_image": false,
        "following": null,
        "follow_request_sent": null,
        "notifications": null,
        "translator_type": "none"
    },
    "geo": null,
    "coordinates": null,
    "place": null,
    "contributors": null,
    "retweeted_status": {
        "created_at": "Wed Mar 13 19:11:38 +0000 2019",
        "id": 1105909299539251202,
        "id_str": "1105909299539251202",
        "text": "Your next MAC and Benefit Cosmetics splurge can benefit @PPFA \u2014 here's how: https://t.co/bTlMAVuc11",
        "truncated": false,
        "entities": {
            "hashtags": [],
            "symbols": [],
            "user_mentions": [
                {
                    "screen_name": "PPFA",
                    "name": "Planned Parenthood",
                    "id": 402957663,
                    "id_str": "402957663",
                    "indices": [
                        56,
                        61
                    ]
                }
            ],
            "urls": [
                {
                    "url": "https://t.co/bTlMAVuc11",
                    "expanded_url": "http://instyle.io/j7ah5wg",
                    "display_url": "instyle.io/j7ah5wg",
                    "indices": [
                        76,
                        99
                    ]
                }
            ]
        },
        "metadata": {
            "iso_language_code": "en",
            "result_type": "recent"
        },
        "source": "<a href=\"http://www.socialflow.com\" rel=\"nofollow\">SocialFlow</a>",
        "in_reply_to_status_id": null,
        "in_reply_to_status_id_str": null,
        "in_reply_to_user_id": null,
        "in_reply_to_user_id_str": null,
        "in_reply_to_screen_name": null,
        "user": {
            "id": 14934818,
            "id_str": "14934818",
            "name": "InStyle",
            "screen_name": "InStyle",
            "location": "New York, NY",
            "description": "Everybody's in!",
            "url": "https://t.co/4hOf06d9sN",
            "entities": {
                "url": {
                    "urls": [
                        {
                            "url": "https://t.co/4hOf06d9sN",
                            "expanded_url": "http://www.instyle.com",
                            "display_url": "instyle.com",
                            "indices": [
                                0,
                                23
                            ]
                        }
                    ]
                },
                "description": {
                    "urls": []
                }
            },
            "protected": false,
            "followers_count": 4419497,
            "friends_count": 2493,
            "listed_count": 20699,
            "created_at": "Wed May 28 15:55:24 +0000 2008",
            "favourites_count": 3045,
            "utc_offset": null,
            "time_zone": null,
            "geo_enabled": false,
            "verified": true,
            "statuses_count": 198592,
            "lang": "en",
            "contributors_enabled": false,
            "is_translator": false,
            "is_translation_enabled": false,
            "profile_background_color": "BF1C23",
            "profile_background_image_url": "http://abs.twimg.com/images/themes/theme1/bg.png",
            "profile_background_image_url_https": "https://abs.twimg.com/images/themes/theme1/bg.png",
            "profile_background_tile": false,
            "profile_image_url": "http://pbs.twimg.com/profile_images/903270311239589888/PNGNxZDa_normal.jpg",
            "profile_image_url_https": "https://pbs.twimg.com/profile_images/903270311239589888/PNGNxZDa_normal.jpg",
            "profile_banner_url": "https://pbs.twimg.com/profile_banners/14934818/1552478428",
            "profile_link_color": "B00E0E",
            "profile_sidebar_border_color": "FFFFFF",
            "profile_sidebar_fill_color": "E0E0E0",
            "profile_text_color": "080000",
            "profile_use_background_image": true,
            "has_extended_profile": false,
            "default_profile": false,
            "default_profile_image": false,
            "following": null,
            "follow_request_sent": null,
            "notifications": null,
            "translator_type": "none"
        },
        "geo": null,
        "coordinates": null,
        "place": null,
        "contributors": null,
        "is_quote_status": false,
        "retweet_count": 2,
        "favorite_count": 5,
        "favorited": false,
        "retweeted": false,
        "possibly_sensitive": false,
        "lang": "en"
    },
    "is_quote_status": false,
    "retweet_count": 2,
    "favorite_count": 0,
    "favorited": false,
    "retweeted": false,
    "possibly_sensitive": false,
    "lang": "en"
}