{
    "created_at": "Wed Mar 13 17:06:12 +0000 2019",
    "id": 1105877735212122112,
    "id_str": "1105877735212122112",
    "text": "Stop buying MAC Cosmetics and Benefit Cosmetics!\nTwo Make-Up Companies Get in Bed with Planned Parenthood - The Res\u2026 https://t.co/69H8fjvpDb",
    "truncated": true,
    "entities": {
        "hashtags": [],
        "symbols": [],
        "user_mentions": [],
        "urls": [
            {
                "url": "https://t.co/69H8fjvpDb",
                "expanded_url": "https://twitter.com/i/web/status/1105877735212122112",
                "display_url": "twitter.com/i/web/status/1\u2026",
                "indices": [
                    117,
                    140
                ]
            }
        ]
    },
    "metadata": {
        "iso_language_code": "en",
        "result_type": "recent"
    },
    "source": "<a href=\"http://twitter.com\" rel=\"nofollow\">Twitter Web Client</a>",
    "in_reply_to_status_id": null,
    "in_reply_to_status_id_str": null,
    "in_reply_to_user_id": null,
    "in_reply_to_user_id_str": null,
    "in_reply_to_screen_name": null,
    "user": {
        "id": 915699733213171713,
        "id_str": "915699733213171713",
        "name": "\u270cToni Geiger\u270c",
        "screen_name": "Turtleswolverin",
        "location": "Texas, USA",
        "description": "\u2764\ufe0fWife, \ud83d\udc76\ud83c\udffbMom, \ud83e\udd20Texan, \ud83d\udc4d\ud83c\udffbAggie, \ud83e\udd8cPagan, and raging \ud83c\uddfa\ud83c\uddf8Conservative.\"The Right is right\"",
        "url": null,
        "entities": {
            "description": {
                "urls": []
            }
        },
        "protected": false,
        "followers_count": 171,
        "friends_count": 485,
        "listed_count": 2,
        "created_at": "Wed Oct 04 22:06:44 +0000 2017",
        "favourites_count": 4384,
        "utc_offset": null,
        "time_zone": null,
        "geo_enabled": true,
        "verified": false,
        "statuses_count": 1488,
        "lang": "en",
        "contributors_enabled": false,
        "is_translator": false,
        "is_translation_enabled": false,
        "profile_background_color": "000000",
        "profile_background_image_url": "http://abs.twimg.com/images/themes/theme1/bg.png",
        "profile_background_image_url_https": "https://abs.twimg.com/images/themes/theme1/bg.png",
        "profile_background_tile": false,
        "profile_image_url": "http://pbs.twimg.com/profile_images/1089984046527143941/uUUQGmiV_normal.jpg",
        "profile_image_url_https": "https://pbs.twimg.com/profile_images/1089984046527143941/uUUQGmiV_normal.jpg",
        "profile_banner_url": "https://pbs.twimg.com/profile_banners/915699733213171713/1548707372",
        "profile_link_color": "1B95E0",
        "profile_sidebar_border_color": "000000",
        "profile_sidebar_fill_color": "000000",
        "profile_text_color": "000000",
        "profile_use_background_image": false,
        "has_extended_profile": true,
        "default_profile": false,
        "default_profile_image": false,
        "following": null,
        "follow_request_sent": null,
        "notifications": null,
        "translator_type": "none"
    },
    "geo": null,
    "coordinates": null,
    "place": null,
    "contributors": null,
    "is_quote_status": false,
    "retweet_count": 0,
    "favorite_count": 0,
    "favorited": false,
    "retweeted": false,
    "possibly_sensitive": false,
    "lang": "en"
}