{
    "created_at": "Wed Mar 13 11:48:49 +0000 2019",
    "id": 1105797859306139649,
    "id_str": "1105797859306139649",
    "text": "Cutie ni engr. Mac sabe \u201cnene yan nalang niregalo ko sayo diko alam mga brand ng ginagamit mong cosmetics e\u201d\ud83e\udd23",
    "truncated": false,
    "entities": {
        "hashtags": [],
        "symbols": [],
        "user_mentions": [],
        "urls": []
    },
    "metadata": {
        "iso_language_code": "tl",
        "result_type": "recent"
    },
    "source": "<a href=\"http://twitter.com/download/iphone\" rel=\"nofollow\">Twitter for iPhone</a>",
    "in_reply_to_status_id": null,
    "in_reply_to_status_id_str": null,
    "in_reply_to_user_id": null,
    "in_reply_to_user_id_str": null,
    "in_reply_to_screen_name": null,
    "user": {
        "id": 2395260470,
        "id_str": "2395260470",
        "name": "tishaaa",
        "screen_name": "patriciaaannee",
        "location": "\ud83c\uddf5\ud83c\udded",
        "description": "\ud83d\udc69\ud83c\udffb\u200d\u2695\ufe0f\ud83d\udc89",
        "url": null,
        "entities": {
            "description": {
                "urls": []
            }
        },
        "protected": false,
        "followers_count": 243,
        "friends_count": 109,
        "listed_count": 1,
        "created_at": "Mon Mar 17 23:21:17 +0000 2014",
        "favourites_count": 7907,
        "utc_offset": null,
        "time_zone": null,
        "geo_enabled": true,
        "verified": false,
        "statuses_count": 16689,
        "lang": "en",
        "contributors_enabled": false,
        "is_translator": false,
        "is_translation_enabled": false,
        "profile_background_color": "000000",
        "profile_background_image_url": "http://abs.twimg.com/images/themes/theme16/bg.gif",
        "profile_background_image_url_https": "https://abs.twimg.com/images/themes/theme16/bg.gif",
        "profile_background_tile": true,
        "profile_image_url": "http://pbs.twimg.com/profile_images/1101097333582815232/J2DqqKEB_normal.jpg",
        "profile_image_url_https": "https://pbs.twimg.com/profile_images/1101097333582815232/J2DqqKEB_normal.jpg",
        "profile_banner_url": "https://pbs.twimg.com/profile_banners/2395260470/1548662529",
        "profile_link_color": "F50CA4",
        "profile_sidebar_border_color": "000000",
        "profile_sidebar_fill_color": "000000",
        "profile_text_color": "000000",
        "profile_use_background_image": true,
        "has_extended_profile": true,
        "default_profile": false,
        "default_profile_image": false,
        "following": null,
        "follow_request_sent": null,
        "notifications": null,
        "translator_type": "none"
    },
    "geo": null,
    "coordinates": null,
    "place": null,
    "contributors": null,
    "is_quote_status": false,
    "retweet_count": 0,
    "favorite_count": 0,
    "favorited": false,
    "retweeted": false,
    "lang": "tl"
}