{
    "created_at": "Wed Mar 13 18:51:52 +0000 2019",
    "id": 1105904323265847296,
    "id_str": "1105904323265847296",
    "text": "RT @POPSUGARBeauty: An Aladdin collection is coming to @MACCosmetics, and the magic lamp bronzer is too cute. \u2728 https://t.co/t24rW78p61",
    "truncated": false,
    "entities": {
        "hashtags": [],
        "symbols": [],
        "user_mentions": [
            {
                "screen_name": "POPSUGARBeauty",
                "name": "POPSUGAR Beauty",
                "id": 17604456,
                "id_str": "17604456",
                "indices": [
                    3,
                    18
                ]
            },
            {
                "screen_name": "MACcosmetics",
                "name": "MAC Cosmetics",
                "id": 15225275,
                "id_str": "15225275",
                "indices": [
                    55,
                    68
                ]
            }
        ],
        "urls": [
            {
                "url": "https://t.co/t24rW78p61",
                "expanded_url": "https://www.popsugar.com/beauty/MAC-Cosmetics-Disney-Aladdin-Collection-2019-45909442?utm_medium=twitter&utm_source=post&utm_campaign=beauty",
                "display_url": "popsugar.com/beauty/MAC-Cos\u2026",
                "indices": [
                    112,
                    135
                ]
            }
        ]
    },
    "metadata": {
        "iso_language_code": "en",
        "result_type": "recent"
    },
    "source": "<a href=\"http://twitter.com/download/iphone\" rel=\"nofollow\">Twitter for iPhone</a>",
    "in_reply_to_status_id": null,
    "in_reply_to_status_id_str": null,
    "in_reply_to_user_id": null,
    "in_reply_to_user_id_str": null,
    "in_reply_to_screen_name": null,
    "user": {
        "id": 28205598,
        "id_str": "28205598",
        "name": "Taylor & Pond",
        "screen_name": "TaylorPond",
        "location": "Global",
        "description": "T&P is a full-service digital marketing agency for beauty & lifestyle brands \ud83d\udcbb\ud83d\udc9b #taylorandpond #agencylife",
        "url": "https://t.co/Varv7SBKCT",
        "entities": {
            "url": {
                "urls": [
                    {
                        "url": "https://t.co/Varv7SBKCT",
                        "expanded_url": "http://www.taylorpond.com",
                        "display_url": "taylorpond.com",
                        "indices": [
                            0,
                            23
                        ]
                    }
                ]
            },
            "description": {
                "urls": []
            }
        },
        "protected": false,
        "followers_count": 1240,
        "friends_count": 321,
        "listed_count": 100,
        "created_at": "Wed Apr 01 21:50:35 +0000 2009",
        "favourites_count": 4750,
        "utc_offset": null,
        "time_zone": null,
        "geo_enabled": true,
        "verified": false,
        "statuses_count": 5006,
        "lang": "en",
        "contributors_enabled": false,
        "is_translator": false,
        "is_translation_enabled": false,
        "profile_background_color": "FFFFFF",
        "profile_background_image_url": "http://abs.twimg.com/images/themes/theme1/bg.png",
        "profile_background_image_url_https": "https://abs.twimg.com/images/themes/theme1/bg.png",
        "profile_background_tile": false,
        "profile_image_url": "http://pbs.twimg.com/profile_images/486661065254531072/K9OC3PJe_normal.jpeg",
        "profile_image_url_https": "https://pbs.twimg.com/profile_images/486661065254531072/K9OC3PJe_normal.jpeg",
        "profile_banner_url": "https://pbs.twimg.com/profile_banners/28205598/1517452289",
        "profile_link_color": "EBC400",
        "profile_sidebar_border_color": "FFFFFF",
        "profile_sidebar_fill_color": "DDFFCC",
        "profile_text_color": "333333",
        "profile_use_background_image": true,
        "has_extended_profile": false,
        "default_profile": false,
        "default_profile_image": false,
        "following": null,
        "follow_request_sent": null,
        "notifications": null,
        "translator_type": "none"
    },
    "geo": null,
    "coordinates": null,
    "place": null,
    "contributors": null,
    "retweeted_status": {
        "created_at": "Wed Mar 13 16:55:04 +0000 2019",
        "id": 1105874931621990400,
        "id_str": "1105874931621990400",
        "text": "An Aladdin collection is coming to @MACCosmetics, and the magic lamp bronzer is too cute. \u2728 https://t.co/t24rW78p61",
        "truncated": false,
        "entities": {
            "hashtags": [],
            "symbols": [],
            "user_mentions": [
                {
                    "screen_name": "MACcosmetics",
                    "name": "MAC Cosmetics",
                    "id": 15225275,
                    "id_str": "15225275",
                    "indices": [
                        35,
                        48
                    ]
                }
            ],
            "urls": [
                {
                    "url": "https://t.co/t24rW78p61",
                    "expanded_url": "https://www.popsugar.com/beauty/MAC-Cosmetics-Disney-Aladdin-Collection-2019-45909442?utm_medium=twitter&utm_source=post&utm_campaign=beauty",
                    "display_url": "popsugar.com/beauty/MAC-Cos\u2026",
                    "indices": [
                        92,
                        115
                    ]
                }
            ]
        },
        "metadata": {
            "iso_language_code": "en",
            "result_type": "recent"
        },
        "source": "<a href=\"https://www.popsugar.com\" rel=\"nofollow\">popsugar.com</a>",
        "in_reply_to_status_id": null,
        "in_reply_to_status_id_str": null,
        "in_reply_to_user_id": null,
        "in_reply_to_user_id_str": null,
        "in_reply_to_screen_name": null,
        "user": {
            "id": 17604456,
            "id_str": "17604456",
            "name": "POPSUGAR Beauty",
            "screen_name": "POPSUGARBeauty",
            "location": "SF, NYC, LA",
            "description": "We're the POPSUGAR Beauty team, coming at you from San Francisco, New York, and Los Angeles.",
            "url": "http://t.co/zf3wZ52g5O",
            "entities": {
                "url": {
                    "urls": [
                        {
                            "url": "http://t.co/zf3wZ52g5O",
                            "expanded_url": "http://www.popsugar.com/beauty",
                            "display_url": "popsugar.com/beauty",
                            "indices": [
                                0,
                                22
                            ]
                        }
                    ]
                },
                "description": {
                    "urls": []
                }
            },
            "protected": false,
            "followers_count": 205191,
            "friends_count": 1210,
            "listed_count": 1907,
            "created_at": "Mon Nov 24 23:27:04 +0000 2008",
            "favourites_count": 1203,
            "utc_offset": null,
            "time_zone": null,
            "geo_enabled": true,
            "verified": true,
            "statuses_count": 99615,
            "lang": "en",
            "contributors_enabled": false,
            "is_translator": false,
            "is_translation_enabled": false,
            "profile_background_color": "201F1E",
            "profile_background_image_url": "http://abs.twimg.com/images/themes/theme1/bg.png",
            "profile_background_image_url_https": "https://abs.twimg.com/images/themes/theme1/bg.png",
            "profile_background_tile": false,
            "profile_image_url": "http://pbs.twimg.com/profile_images/674733768586878976/T-JcBcdk_normal.png",
            "profile_image_url_https": "https://pbs.twimg.com/profile_images/674733768586878976/T-JcBcdk_normal.png",
            "profile_banner_url": "https://pbs.twimg.com/profile_banners/17604456/1400526806",
            "profile_link_color": "ABB8C2",
            "profile_sidebar_border_color": "FFFFFF",
            "profile_sidebar_fill_color": "212121",
            "profile_text_color": "6B6B6B",
            "profile_use_background_image": true,
            "has_extended_profile": false,
            "default_profile": false,
            "default_profile_image": false,
            "following": null,
            "follow_request_sent": null,
            "notifications": null,
            "translator_type": "none"
        },
        "geo": null,
        "coordinates": null,
        "place": null,
        "contributors": null,
        "is_quote_status": false,
        "retweet_count": 2,
        "favorite_count": 4,
        "favorited": false,
        "retweeted": false,
        "possibly_sensitive": false,
        "lang": "en"
    },
    "is_quote_status": false,
    "retweet_count": 2,
    "favorite_count": 0,
    "favorited": false,
    "retweeted": false,
    "possibly_sensitive": false,
    "lang": "en"
}