{
    "created_at": "Wed Mar 13 21:38:25 +0000 2019",
    "id": 1105946239244398593,
    "id_str": "1105946239244398593",
    "text": "Here's How Your MAC and Benefit Cosmetics Splurge Will Benefit Planned Parenthood https://t.co/rlF1DSvHsD https://t.co/0bl3GUw6my",
    "truncated": false,
    "entities": {
        "hashtags": [],
        "symbols": [],
        "user_mentions": [],
        "urls": [
            {
                "url": "https://t.co/rlF1DSvHsD",
                "expanded_url": "https://ift.tt/2T8nnqU",
                "display_url": "ift.tt/2T8nnqU",
                "indices": [
                    82,
                    105
                ]
            }
        ],
        "media": [
            {
                "id": 1105946238011232257,
                "id_str": "1105946238011232257",
                "indices": [
                    106,
                    129
                ],
                "media_url": "http://pbs.twimg.com/media/D1kcPnFW0AEnnFV.png",
                "media_url_https": "https://pbs.twimg.com/media/D1kcPnFW0AEnnFV.png",
                "url": "https://t.co/0bl3GUw6my",
                "display_url": "pic.twitter.com/0bl3GUw6my",
                "expanded_url": "https://twitter.com/AtlFashionWeek/status/1105946239244398593/photo/1",
                "type": "photo",
                "sizes": {
                    "large": {
                        "w": 800,
                        "h": 494,
                        "resize": "fit"
                    },
                    "small": {
                        "w": 680,
                        "h": 420,
                        "resize": "fit"
                    },
                    "thumb": {
                        "w": 150,
                        "h": 150,
                        "resize": "crop"
                    },
                    "medium": {
                        "w": 800,
                        "h": 494,
                        "resize": "fit"
                    }
                }
            }
        ]
    },
    "extended_entities": {
        "media": [
            {
                "id": 1105946238011232257,
                "id_str": "1105946238011232257",
                "indices": [
                    106,
                    129
                ],
                "media_url": "http://pbs.twimg.com/media/D1kcPnFW0AEnnFV.png",
                "media_url_https": "https://pbs.twimg.com/media/D1kcPnFW0AEnnFV.png",
                "url": "https://t.co/0bl3GUw6my",
                "display_url": "pic.twitter.com/0bl3GUw6my",
                "expanded_url": "https://twitter.com/AtlFashionWeek/status/1105946239244398593/photo/1",
                "type": "photo",
                "sizes": {
                    "large": {
                        "w": 800,
                        "h": 494,
                        "resize": "fit"
                    },
                    "small": {
                        "w": 680,
                        "h": 420,
                        "resize": "fit"
                    },
                    "thumb": {
                        "w": 150,
                        "h": 150,
                        "resize": "crop"
                    },
                    "medium": {
                        "w": 800,
                        "h": 494,
                        "resize": "fit"
                    }
                }
            }
        ]
    },
    "metadata": {
        "iso_language_code": "en",
        "result_type": "recent"
    },
    "source": "<a href=\"https://ifttt.com\" rel=\"nofollow\">IFTTT</a>",
    "in_reply_to_status_id": null,
    "in_reply_to_status_id_str": null,
    "in_reply_to_user_id": null,
    "in_reply_to_user_id_str": null,
    "in_reply_to_screen_name": null,
    "user": {
        "id": 27474921,
        "id_str": "27474921",
        "name": "Atlanta Fashion Week",
        "screen_name": "AtlFashionWeek",
        "location": "London \u25aa NY \u25aa Milan \u25aa Tokyo ",
        "description": "Official account of Atlanta International Fashion Week. 10 yrs. Proclaimed by State & City. http://t.co/3057A82ZYz,  info@atlantaintlfashionweek.com.",
        "url": "http://t.co/59wYd2esgb",
        "entities": {
            "url": {
                "urls": [
                    {
                        "url": "http://t.co/59wYd2esgb",
                        "expanded_url": "http://www.atlantaintlfashionweek.com",
                        "display_url": "atlantaintlfashionweek.com",
                        "indices": [
                            0,
                            22
                        ]
                    }
                ]
            },
            "description": {
                "urls": [
                    {
                        "url": "http://t.co/3057A82ZYz",
                        "expanded_url": "http://www.atlantaintlfashionweek.com",
                        "display_url": "atlantaintlfashionweek.com",
                        "indices": [
                            92,
                            114
                        ]
                    }
                ]
            }
        },
        "protected": false,
        "followers_count": 17355,
        "friends_count": 1502,
        "listed_count": 762,
        "created_at": "Sun Mar 29 18:30:38 +0000 2009",
        "favourites_count": 168,
        "utc_offset": null,
        "time_zone": null,
        "geo_enabled": false,
        "verified": false,
        "statuses_count": 178749,
        "lang": "en",
        "contributors_enabled": false,
        "is_translator": false,
        "is_translation_enabled": false,
        "profile_background_color": "918686",
        "profile_background_image_url": "http://abs.twimg.com/images/themes/theme11/bg.gif",
        "profile_background_image_url_https": "https://abs.twimg.com/images/themes/theme11/bg.gif",
        "profile_background_tile": false,
        "profile_image_url": "http://pbs.twimg.com/profile_images/440651905748832256/yNYFxckv_normal.jpeg",
        "profile_image_url_https": "https://pbs.twimg.com/profile_images/440651905748832256/yNYFxckv_normal.jpeg",
        "profile_banner_url": "https://pbs.twimg.com/profile_banners/27474921/1387498795",
        "profile_link_color": "7105FF",
        "profile_sidebar_border_color": "FFFFFF",
        "profile_sidebar_fill_color": "AF5FCF",
        "profile_text_color": "00FFA2",
        "profile_use_background_image": true,
        "has_extended_profile": false,
        "default_profile": false,
        "default_profile_image": false,
        "following": null,
        "follow_request_sent": null,
        "notifications": null,
        "translator_type": "none"
    },
    "geo": null,
    "coordinates": null,
    "place": null,
    "contributors": null,
    "is_quote_status": false,
    "retweet_count": 0,
    "favorite_count": 1,
    "favorited": false,
    "retweeted": false,
    "possibly_sensitive": false,
    "lang": "en"
}