{
    "created_at": "Wed Mar 13 17:17:03 +0000 2019",
    "id": 1105880462331830272,
    "id_str": "1105880462331830272",
    "text": "RT @wwd: In a rare instance of harmony in the beauty industry, @BenefitBeauty and @MACcosmetics are both partnering with Planned Parenthood\u2026",
    "truncated": false,
    "entities": {
        "hashtags": [],
        "symbols": [],
        "user_mentions": [
            {
                "screen_name": "wwd",
                "name": "WWD",
                "id": 19784831,
                "id_str": "19784831",
                "indices": [
                    3,
                    7
                ]
            },
            {
                "screen_name": "BenefitBeauty",
                "name": "Benefit Cosmetics US",
                "id": 18220767,
                "id_str": "18220767",
                "indices": [
                    63,
                    77
                ]
            },
            {
                "screen_name": "MACcosmetics",
                "name": "MAC Cosmetics",
                "id": 15225275,
                "id_str": "15225275",
                "indices": [
                    82,
                    95
                ]
            }
        ],
        "urls": []
    },
    "metadata": {
        "iso_language_code": "en",
        "result_type": "recent"
    },
    "source": "<a href=\"http://twitter.com/download/iphone\" rel=\"nofollow\">Twitter for iPhone</a>",
    "in_reply_to_status_id": null,
    "in_reply_to_status_id_str": null,
    "in_reply_to_user_id": null,
    "in_reply_to_user_id_str": null,
    "in_reply_to_screen_name": null,
    "user": {
        "id": 797055767559839745,
        "id_str": "797055767559839745",
        "name": "S. [\u0e1b\u0e34\u0e14\u0e23\u0e31\u0e1a 31/3]",
        "screen_name": "senoritaxstore",
        "location": "status \ud83d\udc47\ud83c\udffb",
        "description": "Pre - Order \u0e40\u0e04\u0e23\u0e37\u0e48\u0e2d\u0e07\u0e2a\u0e33\u0e2d\u0e32\u0e07\u0e08\u0e32\u0e01 USA \u0e41\u0e17\u0e49 100% | \u0e23\u0e2d\u0e2a\u0e34\u0e19\u0e04\u0e49\u0e32\u0e1b\u0e23\u0e30\u0e21\u0e32\u0e13 3-4 \u0e27\u0e35\u0e04 | \u0e2d\u0e31\u0e1e\u0e40\u0e14\u0e15 \ud83d\udc49\ud83c\udffb likes | Line id : @senoritastore #senoritareview",
        "url": "https://t.co/bdE55lX8BS",
        "entities": {
            "url": {
                "urls": [
                    {
                        "url": "https://t.co/bdE55lX8BS",
                        "expanded_url": "https://docs.google.com/spreadsheets/d/1-MX2MHDGCUfNs_y9LCVD8ui_PdPue3PDQ1I6_25ZrJ0",
                        "display_url": "docs.google.com/spreadsheets/d\u2026",
                        "indices": [
                            0,
                            23
                        ]
                    }
                ]
            },
            "description": {
                "urls": []
            }
        },
        "protected": false,
        "followers_count": 5068,
        "friends_count": 53,
        "listed_count": 24,
        "created_at": "Fri Nov 11 12:37:58 +0000 2016",
        "favourites_count": 73,
        "utc_offset": null,
        "time_zone": null,
        "geo_enabled": true,
        "verified": false,
        "statuses_count": 26917,
        "lang": "en",
        "contributors_enabled": false,
        "is_translator": false,
        "is_translation_enabled": false,
        "profile_background_color": "F5F8FA",
        "profile_background_image_url": null,
        "profile_background_image_url_https": null,
        "profile_background_tile": false,
        "profile_image_url": "http://pbs.twimg.com/profile_images/976681291981635584/Log3TyMP_normal.jpg",
        "profile_image_url_https": "https://pbs.twimg.com/profile_images/976681291981635584/Log3TyMP_normal.jpg",
        "profile_banner_url": "https://pbs.twimg.com/profile_banners/797055767559839745/1521694029",
        "profile_link_color": "1DA1F2",
        "profile_sidebar_border_color": "C0DEED",
        "profile_sidebar_fill_color": "DDEEF6",
        "profile_text_color": "333333",
        "profile_use_background_image": true,
        "has_extended_profile": false,
        "default_profile": true,
        "default_profile_image": false,
        "following": null,
        "follow_request_sent": null,
        "notifications": null,
        "translator_type": "none"
    },
    "geo": null,
    "coordinates": null,
    "place": null,
    "contributors": null,
    "retweeted_status": {
        "created_at": "Tue Mar 12 19:52:43 +0000 2019",
        "id": 1105557249546743808,
        "id_str": "1105557249546743808",
        "text": "In a rare instance of harmony in the beauty industry, @BenefitBeauty and @MACcosmetics are both partnering with Pla\u2026 https://t.co/gE1QjPQlnG",
        "truncated": true,
        "entities": {
            "hashtags": [],
            "symbols": [],
            "user_mentions": [
                {
                    "screen_name": "BenefitBeauty",
                    "name": "Benefit Cosmetics US",
                    "id": 18220767,
                    "id_str": "18220767",
                    "indices": [
                        54,
                        68
                    ]
                },
                {
                    "screen_name": "MACcosmetics",
                    "name": "MAC Cosmetics",
                    "id": 15225275,
                    "id_str": "15225275",
                    "indices": [
                        73,
                        86
                    ]
                }
            ],
            "urls": [
                {
                    "url": "https://t.co/gE1QjPQlnG",
                    "expanded_url": "https://twitter.com/i/web/status/1105557249546743808",
                    "display_url": "twitter.com/i/web/status/1\u2026",
                    "indices": [
                        117,
                        140
                    ]
                }
            ]
        },
        "metadata": {
            "iso_language_code": "en",
            "result_type": "recent"
        },
        "source": "<a href=\"http://www.socialflow.com\" rel=\"nofollow\">SocialFlow</a>",
        "in_reply_to_status_id": null,
        "in_reply_to_status_id_str": null,
        "in_reply_to_user_id": null,
        "in_reply_to_user_id_str": null,
        "in_reply_to_screen_name": null,
        "user": {
            "id": 19784831,
            "id_str": "19784831",
            "name": "WWD",
            "screen_name": "wwd",
            "location": "",
            "description": "Fashion. Beauty. Business.",
            "url": "https://t.co/cPXqYW8i1R",
            "entities": {
                "url": {
                    "urls": [
                        {
                            "url": "https://t.co/cPXqYW8i1R",
                            "expanded_url": "http://wwd.com",
                            "display_url": "wwd.com",
                            "indices": [
                                0,
                                23
                            ]
                        }
                    ]
                },
                "description": {
                    "urls": []
                }
            },
            "protected": false,
            "followers_count": 2887873,
            "friends_count": 461,
            "listed_count": 14580,
            "created_at": "Fri Jan 30 19:56:07 +0000 2009",
            "favourites_count": 1766,
            "utc_offset": null,
            "time_zone": null,
            "geo_enabled": false,
            "verified": true,
            "statuses_count": 77613,
            "lang": "en",
            "contributors_enabled": false,
            "is_translator": false,
            "is_translation_enabled": false,
            "profile_background_color": "000000",
            "profile_background_image_url": "http://abs.twimg.com/images/themes/theme4/bg.gif",
            "profile_background_image_url_https": "https://abs.twimg.com/images/themes/theme4/bg.gif",
            "profile_background_tile": true,
            "profile_image_url": "http://pbs.twimg.com/profile_images/821473222700974080/-pKeUvf8_normal.jpg",
            "profile_image_url_https": "https://pbs.twimg.com/profile_images/821473222700974080/-pKeUvf8_normal.jpg",
            "profile_banner_url": "https://pbs.twimg.com/profile_banners/19784831/1525973495",
            "profile_link_color": "55C1D4",
            "profile_sidebar_border_color": "FFFFFF",
            "profile_sidebar_fill_color": "000000",
            "profile_text_color": "A3A3A3",
            "profile_use_background_image": false,
            "has_extended_profile": false,
            "default_profile": false,
            "default_profile_image": false,
            "following": null,
            "follow_request_sent": null,
            "notifications": null,
            "translator_type": "none"
        },
        "geo": null,
        "coordinates": null,
        "place": null,
        "contributors": null,
        "is_quote_status": false,
        "retweet_count": 33,
        "favorite_count": 149,
        "favorited": false,
        "retweeted": false,
        "possibly_sensitive": false,
        "lang": "en"
    },
    "is_quote_status": false,
    "retweet_count": 33,
    "favorite_count": 0,
    "favorited": false,
    "retweeted": false,
    "lang": "en"
}