{
    "created_at": "Wed Mar 13 18:33:24 +0000 2019",
    "id": 1105899676077834240,
    "id_str": "1105899676077834240",
    "text": "\"The fact that they help one in five women in the United States shows you it doesn\u2019t need to be something that peop\u2026 https://t.co/asr0gwkSVJ",
    "truncated": true,
    "entities": {
        "hashtags": [],
        "symbols": [],
        "user_mentions": [],
        "urls": [
            {
                "url": "https://t.co/asr0gwkSVJ",
                "expanded_url": "https://twitter.com/i/web/status/1105899676077834240",
                "display_url": "twitter.com/i/web/status/1\u2026",
                "indices": [
                    117,
                    140
                ]
            }
        ]
    },
    "metadata": {
        "iso_language_code": "en",
        "result_type": "recent"
    },
    "source": "<a href=\"https://panel.socialpilot.co/\" rel=\"nofollow\">SocialPilot.co</a>",
    "in_reply_to_status_id": null,
    "in_reply_to_status_id_str": null,
    "in_reply_to_user_id": null,
    "in_reply_to_user_id_str": null,
    "in_reply_to_screen_name": null,
    "user": {
        "id": 255585423,
        "id_str": "255585423",
        "name": "Planned Parenthood Keystone",
        "screen_name": "PPKeystone",
        "location": "Trexlertown, Pennsylvania",
        "description": "Planned Parenthood Keystone - your trusted provider of expert medical care, advocacy for reproductive freedom & sexuality health education for 100 years!",
        "url": "https://t.co/J91jGlw49a",
        "entities": {
            "url": {
                "urls": [
                    {
                        "url": "https://t.co/J91jGlw49a",
                        "expanded_url": "http://ppkeystone.org",
                        "display_url": "ppkeystone.org",
                        "indices": [
                            0,
                            23
                        ]
                    }
                ]
            },
            "description": {
                "urls": []
            }
        },
        "protected": false,
        "followers_count": 1102,
        "friends_count": 281,
        "listed_count": 50,
        "created_at": "Mon Feb 21 17:27:06 +0000 2011",
        "favourites_count": 398,
        "utc_offset": null,
        "time_zone": null,
        "geo_enabled": true,
        "verified": false,
        "statuses_count": 4732,
        "lang": "en",
        "contributors_enabled": false,
        "is_translator": false,
        "is_translation_enabled": false,
        "profile_background_color": "776EA2",
        "profile_background_image_url": "http://abs.twimg.com/images/themes/theme11/bg.gif",
        "profile_background_image_url_https": "https://abs.twimg.com/images/themes/theme11/bg.gif",
        "profile_background_tile": true,
        "profile_image_url": "http://pbs.twimg.com/profile_images/1032279606232002562/BEU7dL0p_normal.jpg",
        "profile_image_url_https": "https://pbs.twimg.com/profile_images/1032279606232002562/BEU7dL0p_normal.jpg",
        "profile_banner_url": "https://pbs.twimg.com/profile_banners/255585423/1550863698",
        "profile_link_color": "91D2FA",
        "profile_sidebar_border_color": "F9F7E4",
        "profile_sidebar_fill_color": "EFD7D0",
        "profile_text_color": "D3A7C3",
        "profile_use_background_image": false,
        "has_extended_profile": true,
        "default_profile": false,
        "default_profile_image": false,
        "following": null,
        "follow_request_sent": null,
        "notifications": null,
        "translator_type": "none"
    },
    "geo": null,
    "coordinates": null,
    "place": null,
    "contributors": null,
    "is_quote_status": false,
    "retweet_count": 0,
    "favorite_count": 2,
    "favorited": false,
    "retweeted": false,
    "possibly_sensitive": false,
    "lang": "en"
}