{
    "created_at": "Wed Mar 13 20:21:05 +0000 2019",
    "id": 1105926776822235136,
    "id_str": "1105926776822235136",
    "text": "RT @resurgent: Two Make-Up Companies Get in Bed with Planned Parenthood  https://t.co/IY4uXNyuVg via @MarcGiller https://t.co/2wmHI5O4ts",
    "truncated": false,
    "entities": {
        "hashtags": [],
        "symbols": [],
        "user_mentions": [
            {
                "screen_name": "resurgent",
                "name": "The Resurgent",
                "id": 4569690923,
                "id_str": "4569690923",
                "indices": [
                    3,
                    13
                ]
            },
            {
                "screen_name": "MarcGiller",
                "name": "Hammerjack",
                "id": 526602981,
                "id_str": "526602981",
                "indices": [
                    101,
                    112
                ]
            }
        ],
        "urls": [
            {
                "url": "https://t.co/IY4uXNyuVg",
                "expanded_url": "https://buff.ly/2XUMlxu",
                "display_url": "buff.ly/2XUMlxu",
                "indices": [
                    73,
                    96
                ]
            }
        ],
        "media": [
            {
                "id": 1105916695242256385,
                "id_str": "1105916695242256385",
                "indices": [
                    113,
                    136
                ],
                "media_url": "http://pbs.twimg.com/media/D1kBX_sWsAEZHl3.jpg",
                "media_url_https": "https://pbs.twimg.com/media/D1kBX_sWsAEZHl3.jpg",
                "url": "https://t.co/2wmHI5O4ts",
                "display_url": "pic.twitter.com/2wmHI5O4ts",
                "expanded_url": "https://twitter.com/resurgent/status/1105916696865443841/photo/1",
                "type": "photo",
                "sizes": {
                    "large": {
                        "w": 1400,
                        "h": 892,
                        "resize": "fit"
                    },
                    "thumb": {
                        "w": 150,
                        "h": 150,
                        "resize": "crop"
                    },
                    "small": {
                        "w": 680,
                        "h": 433,
                        "resize": "fit"
                    },
                    "medium": {
                        "w": 1200,
                        "h": 765,
                        "resize": "fit"
                    }
                },
                "source_status_id": 1105916696865443841,
                "source_status_id_str": "1105916696865443841",
                "source_user_id": 4569690923,
                "source_user_id_str": "4569690923"
            }
        ]
    },
    "extended_entities": {
        "media": [
            {
                "id": 1105916695242256385,
                "id_str": "1105916695242256385",
                "indices": [
                    113,
                    136
                ],
                "media_url": "http://pbs.twimg.com/media/D1kBX_sWsAEZHl3.jpg",
                "media_url_https": "https://pbs.twimg.com/media/D1kBX_sWsAEZHl3.jpg",
                "url": "https://t.co/2wmHI5O4ts",
                "display_url": "pic.twitter.com/2wmHI5O4ts",
                "expanded_url": "https://twitter.com/resurgent/status/1105916696865443841/photo/1",
                "type": "photo",
                "sizes": {
                    "large": {
                        "w": 1400,
                        "h": 892,
                        "resize": "fit"
                    },
                    "thumb": {
                        "w": 150,
                        "h": 150,
                        "resize": "crop"
                    },
                    "small": {
                        "w": 680,
                        "h": 433,
                        "resize": "fit"
                    },
                    "medium": {
                        "w": 1200,
                        "h": 765,
                        "resize": "fit"
                    }
                },
                "source_status_id": 1105916696865443841,
                "source_status_id_str": "1105916696865443841",
                "source_user_id": 4569690923,
                "source_user_id_str": "4569690923"
            }
        ]
    },
    "metadata": {
        "iso_language_code": "en",
        "result_type": "recent"
    },
    "source": "<a href=\"http://twitter.com/download/iphone\" rel=\"nofollow\">Twitter for iPhone</a>",
    "in_reply_to_status_id": null,
    "in_reply_to_status_id_str": null,
    "in_reply_to_user_id": null,
    "in_reply_to_user_id_str": null,
    "in_reply_to_screen_name": null,
    "user": {
        "id": 72994171,
        "id_str": "72994171",
        "name": "Purple Dalmation",
        "screen_name": "purpledalmation",
        "location": "",
        "description": "Conservative Christian. \u271d\ufe0fPro 2A, defender of the constitution. I stand with Israel \ud83c\uddee\ud83c\uddf1. Proud patriot \ud83c\uddfa\ud83c\uddf8Liberalism is a mental disorder. #backtheblue \ud83d\udc99\ud83d\udc6e\ud83c\udffc",
        "url": null,
        "entities": {
            "description": {
                "urls": []
            }
        },
        "protected": false,
        "followers_count": 553,
        "friends_count": 2408,
        "listed_count": 0,
        "created_at": "Thu Sep 10 00:22:53 +0000 2009",
        "favourites_count": 179525,
        "utc_offset": null,
        "time_zone": null,
        "geo_enabled": false,
        "verified": false,
        "statuses_count": 271513,
        "lang": "en",
        "contributors_enabled": false,
        "is_translator": false,
        "is_translation_enabled": false,
        "profile_background_color": "C0DEED",
        "profile_background_image_url": "http://abs.twimg.com/images/themes/theme1/bg.png",
        "profile_background_image_url_https": "https://abs.twimg.com/images/themes/theme1/bg.png",
        "profile_background_tile": false,
        "profile_image_url": "http://pbs.twimg.com/profile_images/800518495138029569/fQN42mjR_normal.jpg",
        "profile_image_url_https": "https://pbs.twimg.com/profile_images/800518495138029569/fQN42mjR_normal.jpg",
        "profile_banner_url": "https://pbs.twimg.com/profile_banners/72994171/1517984590",
        "profile_link_color": "1DA1F2",
        "profile_sidebar_border_color": "C0DEED",
        "profile_sidebar_fill_color": "DDEEF6",
        "profile_text_color": "333333",
        "profile_use_background_image": true,
        "has_extended_profile": false,
        "default_profile": true,
        "default_profile_image": false,
        "following": null,
        "follow_request_sent": null,
        "notifications": null,
        "translator_type": "none"
    },
    "geo": null,
    "coordinates": null,
    "place": null,
    "contributors": null,
    "retweeted_status": {
        "created_at": "Wed Mar 13 19:41:02 +0000 2019",
        "id": 1105916696865443841,
        "id_str": "1105916696865443841",
        "text": "Two Make-Up Companies Get in Bed with Planned Parenthood  https://t.co/IY4uXNyuVg via @MarcGiller https://t.co/2wmHI5O4ts",
        "truncated": false,
        "entities": {
            "hashtags": [],
            "symbols": [],
            "user_mentions": [
                {
                    "screen_name": "MarcGiller",
                    "name": "Hammerjack",
                    "id": 526602981,
                    "id_str": "526602981",
                    "indices": [
                        86,
                        97
                    ]
                }
            ],
            "urls": [
                {
                    "url": "https://t.co/IY4uXNyuVg",
                    "expanded_url": "https://buff.ly/2XUMlxu",
                    "display_url": "buff.ly/2XUMlxu",
                    "indices": [
                        58,
                        81
                    ]
                }
            ],
            "media": [
                {
                    "id": 1105916695242256385,
                    "id_str": "1105916695242256385",
                    "indices": [
                        98,
                        121
                    ],
                    "media_url": "http://pbs.twimg.com/media/D1kBX_sWsAEZHl3.jpg",
                    "media_url_https": "https://pbs.twimg.com/media/D1kBX_sWsAEZHl3.jpg",
                    "url": "https://t.co/2wmHI5O4ts",
                    "display_url": "pic.twitter.com/2wmHI5O4ts",
                    "expanded_url": "https://twitter.com/resurgent/status/1105916696865443841/photo/1",
                    "type": "photo",
                    "sizes": {
                        "large": {
                            "w": 1400,
                            "h": 892,
                            "resize": "fit"
                        },
                        "thumb": {
                            "w": 150,
                            "h": 150,
                            "resize": "crop"
                        },
                        "small": {
                            "w": 680,
                            "h": 433,
                            "resize": "fit"
                        },
                        "medium": {
                            "w": 1200,
                            "h": 765,
                            "resize": "fit"
                        }
                    }
                }
            ]
        },
        "extended_entities": {
            "media": [
                {
                    "id": 1105916695242256385,
                    "id_str": "1105916695242256385",
                    "indices": [
                        98,
                        121
                    ],
                    "media_url": "http://pbs.twimg.com/media/D1kBX_sWsAEZHl3.jpg",
                    "media_url_https": "https://pbs.twimg.com/media/D1kBX_sWsAEZHl3.jpg",
                    "url": "https://t.co/2wmHI5O4ts",
                    "display_url": "pic.twitter.com/2wmHI5O4ts",
                    "expanded_url": "https://twitter.com/resurgent/status/1105916696865443841/photo/1",
                    "type": "photo",
                    "sizes": {
                        "large": {
                            "w": 1400,
                            "h": 892,
                            "resize": "fit"
                        },
                        "thumb": {
                            "w": 150,
                            "h": 150,
                            "resize": "crop"
                        },
                        "small": {
                            "w": 680,
                            "h": 433,
                            "resize": "fit"
                        },
                        "medium": {
                            "w": 1200,
                            "h": 765,
                            "resize": "fit"
                        }
                    }
                }
            ]
        },
        "metadata": {
            "iso_language_code": "en",
            "result_type": "recent"
        },
        "source": "<a href=\"https://buffer.com\" rel=\"nofollow\">Buffer</a>",
        "in_reply_to_status_id": null,
        "in_reply_to_status_id_str": null,
        "in_reply_to_user_id": null,
        "in_reply_to_user_id_str": null,
        "in_reply_to_screen_name": null,
        "user": {
            "id": 4569690923,
            "id_str": "4569690923",
            "name": "The Resurgent",
            "screen_name": "resurgent",
            "location": "Georgia, USA",
            "description": "Erick Erickson's online home for Resurgent conservatives and people of faith involved in the day to day struggles of life and politics.",
            "url": "https://t.co/jSK8sv6Yih",
            "entities": {
                "url": {
                    "urls": [
                        {
                            "url": "https://t.co/jSK8sv6Yih",
                            "expanded_url": "http://theresurgent.com",
                            "display_url": "theresurgent.com",
                            "indices": [
                                0,
                                23
                            ]
                        }
                    ]
                },
                "description": {
                    "urls": []
                }
            },
            "protected": false,
            "followers_count": 22164,
            "friends_count": 742,
            "listed_count": 505,
            "created_at": "Tue Dec 22 17:01:14 +0000 2015",
            "favourites_count": 2211,
            "utc_offset": null,
            "time_zone": null,
            "geo_enabled": false,
            "verified": true,
            "statuses_count": 22205,
            "lang": "en",
            "contributors_enabled": false,
            "is_translator": false,
            "is_translation_enabled": false,
            "profile_background_color": "000000",
            "profile_background_image_url": "http://abs.twimg.com/images/themes/theme1/bg.png",
            "profile_background_image_url_https": "https://abs.twimg.com/images/themes/theme1/bg.png",
            "profile_background_tile": false,
            "profile_image_url": "http://pbs.twimg.com/profile_images/687768961220362241/MbEUfAJn_normal.jpg",
            "profile_image_url_https": "https://pbs.twimg.com/profile_images/687768961220362241/MbEUfAJn_normal.jpg",
            "profile_banner_url": "https://pbs.twimg.com/profile_banners/4569690923/1464205334",
            "profile_link_color": "89C9FA",
            "profile_sidebar_border_color": "000000",
            "profile_sidebar_fill_color": "000000",
            "profile_text_color": "000000",
            "profile_use_background_image": false,
            "has_extended_profile": false,
            "default_profile": false,
            "default_profile_image": false,
            "following": null,
            "follow_request_sent": null,
            "notifications": null,
            "translator_type": "none"
        },
        "geo": null,
        "coordinates": null,
        "place": null,
        "contributors": null,
        "is_quote_status": false,
        "retweet_count": 8,
        "favorite_count": 6,
        "favorited": false,
        "retweeted": false,
        "possibly_sensitive": false,
        "lang": "en"
    },
    "is_quote_status": false,
    "retweet_count": 8,
    "favorite_count": 0,
    "favorited": false,
    "retweeted": false,
    "possibly_sensitive": false,
    "lang": "en"
}