{
    "created_at": "Wed Mar 13 12:36:43 +0000 2019",
    "id": 1105809914495188992,
    "id_str": "1105809914495188992",
    "text": "RT @blushydarling: The most beautiful collection @MACcosmetics has done since The Cinderalla a few years ago, I had to get this lipstick fr\u2026",
    "truncated": false,
    "entities": {
        "hashtags": [],
        "symbols": [],
        "user_mentions": [
            {
                "screen_name": "blushydarling",
                "name": "Mimi",
                "id": 884197021602766848,
                "id_str": "884197021602766848",
                "indices": [
                    3,
                    17
                ]
            },
            {
                "screen_name": "MACcosmetics",
                "name": "MAC Cosmetics",
                "id": 15225275,
                "id_str": "15225275",
                "indices": [
                    49,
                    62
                ]
            }
        ],
        "urls": []
    },
    "metadata": {
        "iso_language_code": "en",
        "result_type": "recent"
    },
    "source": "<a href=\"http://twitter.com/download/iphone\" rel=\"nofollow\">Twitter for iPhone</a>",
    "in_reply_to_status_id": null,
    "in_reply_to_status_id_str": null,
    "in_reply_to_user_id": null,
    "in_reply_to_user_id_str": null,
    "in_reply_to_screen_name": null,
    "user": {
        "id": 1648567184,
        "id_str": "1648567184",
        "name": "Veronica",
        "screen_name": "GlamMel18",
        "location": "",
        "description": "I run on Coffee, Sarcasm and Lipstick",
        "url": null,
        "entities": {
            "description": {
                "urls": []
            }
        },
        "protected": false,
        "followers_count": 92,
        "friends_count": 46,
        "listed_count": 3,
        "created_at": "Mon Aug 05 20:01:21 +0000 2013",
        "favourites_count": 7292,
        "utc_offset": null,
        "time_zone": null,
        "geo_enabled": false,
        "verified": false,
        "statuses_count": 1961,
        "lang": "en-gb",
        "contributors_enabled": false,
        "is_translator": false,
        "is_translation_enabled": false,
        "profile_background_color": "F5D7EF",
        "profile_background_image_url": "http://abs.twimg.com/images/themes/theme1/bg.png",
        "profile_background_image_url_https": "https://abs.twimg.com/images/themes/theme1/bg.png",
        "profile_background_tile": true,
        "profile_image_url": "http://pbs.twimg.com/profile_images/995290824790499329/c0TrNACy_normal.jpg",
        "profile_image_url_https": "https://pbs.twimg.com/profile_images/995290824790499329/c0TrNACy_normal.jpg",
        "profile_banner_url": "https://pbs.twimg.com/profile_banners/1648567184/1456690346",
        "profile_link_color": "FA7DAB",
        "profile_sidebar_border_color": "FFFFFF",
        "profile_sidebar_fill_color": "DDEEF6",
        "profile_text_color": "333333",
        "profile_use_background_image": false,
        "has_extended_profile": true,
        "default_profile": false,
        "default_profile_image": false,
        "following": null,
        "follow_request_sent": null,
        "notifications": null,
        "translator_type": "none"
    },
    "geo": null,
    "coordinates": null,
    "place": null,
    "contributors": null,
    "retweeted_status": {
        "created_at": "Wed Mar 13 12:01:46 +0000 2019",
        "id": 1105801119341703168,
        "id_str": "1105801119341703168",
        "text": "The most beautiful collection @MACcosmetics has done since The Cinderalla a few years ago, I had to get this lipsti\u2026 https://t.co/2PDN9jQq2Y",
        "truncated": true,
        "entities": {
            "hashtags": [],
            "symbols": [],
            "user_mentions": [
                {
                    "screen_name": "MACcosmetics",
                    "name": "MAC Cosmetics",
                    "id": 15225275,
                    "id_str": "15225275",
                    "indices": [
                        30,
                        43
                    ]
                }
            ],
            "urls": [
                {
                    "url": "https://t.co/2PDN9jQq2Y",
                    "expanded_url": "https://twitter.com/i/web/status/1105801119341703168",
                    "display_url": "twitter.com/i/web/status/1\u2026",
                    "indices": [
                        117,
                        140
                    ]
                }
            ]
        },
        "metadata": {
            "iso_language_code": "en",
            "result_type": "recent"
        },
        "source": "<a href=\"https://www.hootsuite.com\" rel=\"nofollow\">Hootsuite Inc.</a>",
        "in_reply_to_status_id": null,
        "in_reply_to_status_id_str": null,
        "in_reply_to_user_id": null,
        "in_reply_to_user_id_str": null,
        "in_reply_to_screen_name": null,
        "user": {
            "id": 884197021602766848,
            "id_str": "884197021602766848",
            "name": "Mimi",
            "screen_name": "blushydarling",
            "location": "Roma, Lazio",
            "description": "Bilingual Blog \ud83c\uddec\ud83c\udde7/\ud83c\uddee\ud83c\uddf9 Beauty Blogger | Make Up Enthusiastic | Sarcastic | Overcaffeinated | Daydreamer",
            "url": "https://t.co/kK1ug2Pdup",
            "entities": {
                "url": {
                    "urls": [
                        {
                            "url": "https://t.co/kK1ug2Pdup",
                            "expanded_url": "http://www.blushydarling.com",
                            "display_url": "blushydarling.com",
                            "indices": [
                                0,
                                23
                            ]
                        }
                    ]
                },
                "description": {
                    "urls": []
                }
            },
            "protected": false,
            "followers_count": 2359,
            "friends_count": 2074,
            "listed_count": 12,
            "created_at": "Sun Jul 09 23:46:12 +0000 2017",
            "favourites_count": 4587,
            "utc_offset": null,
            "time_zone": null,
            "geo_enabled": false,
            "verified": false,
            "statuses_count": 4726,
            "lang": "it",
            "contributors_enabled": false,
            "is_translator": false,
            "is_translation_enabled": false,
            "profile_background_color": "000000",
            "profile_background_image_url": "http://abs.twimg.com/images/themes/theme1/bg.png",
            "profile_background_image_url_https": "https://abs.twimg.com/images/themes/theme1/bg.png",
            "profile_background_tile": false,
            "profile_image_url": "http://pbs.twimg.com/profile_images/898683743128494080/vieDg91c_normal.jpg",
            "profile_image_url_https": "https://pbs.twimg.com/profile_images/898683743128494080/vieDg91c_normal.jpg",
            "profile_banner_url": "https://pbs.twimg.com/profile_banners/884197021602766848/1527970353",
            "profile_link_color": "EABEB0",
            "profile_sidebar_border_color": "000000",
            "profile_sidebar_fill_color": "000000",
            "profile_text_color": "000000",
            "profile_use_background_image": false,
            "has_extended_profile": true,
            "default_profile": false,
            "default_profile_image": false,
            "following": null,
            "follow_request_sent": null,
            "notifications": null,
            "translator_type": "none"
        },
        "geo": null,
        "coordinates": null,
        "place": null,
        "contributors": null,
        "is_quote_status": false,
        "retweet_count": 2,
        "favorite_count": 1,
        "favorited": false,
        "retweeted": false,
        "possibly_sensitive": false,
        "lang": "en"
    },
    "is_quote_status": false,
    "retweet_count": 2,
    "favorite_count": 0,
    "favorited": false,
    "retweeted": false,
    "lang": "en"
}