{
    "created_at": "Wed Mar 13 17:08:04 +0000 2019",
    "id": 1105878203057483776,
    "id_str": "1105878203057483776",
    "text": "Over 4.2 Million people can't wait for vlogger @christendtweets' @MACcosmetics X @Nordstrom collab  https://t.co/dIWjCWJHCi",
    "truncated": false,
    "entities": {
        "hashtags": [],
        "symbols": [],
        "user_mentions": [
            {
                "screen_name": "christendtweets",
                "name": "Christen Dominique",
                "id": 44197832,
                "id_str": "44197832",
                "indices": [
                    47,
                    63
                ]
            },
            {
                "screen_name": "MACcosmetics",
                "name": "MAC Cosmetics",
                "id": 15225275,
                "id_str": "15225275",
                "indices": [
                    65,
                    78
                ]
            },
            {
                "screen_name": "Nordstrom",
                "name": "Nordstrom",
                "id": 15162193,
                "id_str": "15162193",
                "indices": [
                    81,
                    91
                ]
            }
        ],
        "urls": [
            {
                "url": "https://t.co/dIWjCWJHCi",
                "expanded_url": "https://www.popsugar.com/beauty/MAC-Christen-Dominique-Nordstrom-Launch-45875166?utm_medium=twitter&utm_source=post&utm_campaign=beauty",
                "display_url": "popsugar.com/beauty/MAC-Chr\u2026",
                "indices": [
                    100,
                    123
                ]
            }
        ]
    },
    "metadata": {
        "iso_language_code": "en",
        "result_type": "recent"
    },
    "source": "<a href=\"https://www.popsugar.com\" rel=\"nofollow\">popsugar.com</a>",
    "in_reply_to_status_id": null,
    "in_reply_to_status_id_str": null,
    "in_reply_to_user_id": null,
    "in_reply_to_user_id_str": null,
    "in_reply_to_screen_name": null,
    "user": {
        "id": 17604456,
        "id_str": "17604456",
        "name": "POPSUGAR Beauty",
        "screen_name": "POPSUGARBeauty",
        "location": "SF, NYC, LA",
        "description": "We're the POPSUGAR Beauty team, coming at you from San Francisco, New York, and Los Angeles.",
        "url": "http://t.co/zf3wZ52g5O",
        "entities": {
            "url": {
                "urls": [
                    {
                        "url": "http://t.co/zf3wZ52g5O",
                        "expanded_url": "http://www.popsugar.com/beauty",
                        "display_url": "popsugar.com/beauty",
                        "indices": [
                            0,
                            22
                        ]
                    }
                ]
            },
            "description": {
                "urls": []
            }
        },
        "protected": false,
        "followers_count": 205191,
        "friends_count": 1210,
        "listed_count": 1907,
        "created_at": "Mon Nov 24 23:27:04 +0000 2008",
        "favourites_count": 1203,
        "utc_offset": null,
        "time_zone": null,
        "geo_enabled": true,
        "verified": true,
        "statuses_count": 99615,
        "lang": "en",
        "contributors_enabled": false,
        "is_translator": false,
        "is_translation_enabled": false,
        "profile_background_color": "201F1E",
        "profile_background_image_url": "http://abs.twimg.com/images/themes/theme1/bg.png",
        "profile_background_image_url_https": "https://abs.twimg.com/images/themes/theme1/bg.png",
        "profile_background_tile": false,
        "profile_image_url": "http://pbs.twimg.com/profile_images/674733768586878976/T-JcBcdk_normal.png",
        "profile_image_url_https": "https://pbs.twimg.com/profile_images/674733768586878976/T-JcBcdk_normal.png",
        "profile_banner_url": "https://pbs.twimg.com/profile_banners/17604456/1400526806",
        "profile_link_color": "ABB8C2",
        "profile_sidebar_border_color": "FFFFFF",
        "profile_sidebar_fill_color": "212121",
        "profile_text_color": "6B6B6B",
        "profile_use_background_image": true,
        "has_extended_profile": false,
        "default_profile": false,
        "default_profile_image": false,
        "following": null,
        "follow_request_sent": null,
        "notifications": null,
        "translator_type": "none"
    },
    "geo": null,
    "coordinates": null,
    "place": null,
    "contributors": null,
    "is_quote_status": false,
    "retweet_count": 1,
    "favorite_count": 7,
    "favorited": false,
    "retweeted": false,
    "possibly_sensitive": false,
    "lang": "en"
}