{
    "created_at": "Wed Mar 13 21:34:02 +0000 2019",
    "id": 1105945137090199552,
    "id_str": "1105945137090199552",
    "text": "@MACcosmetics I wish I could give you details of one store. But it's pretty much every Mac store in Chennai, India.",
    "truncated": false,
    "entities": {
        "hashtags": [],
        "symbols": [],
        "user_mentions": [
            {
                "screen_name": "MACcosmetics",
                "name": "MAC Cosmetics",
                "id": 15225275,
                "id_str": "15225275",
                "indices": [
                    0,
                    13
                ]
            }
        ],
        "urls": []
    },
    "metadata": {
        "iso_language_code": "en",
        "result_type": "recent"
    },
    "source": "<a href=\"http://twitter.com/download/android\" rel=\"nofollow\">Twitter for Android</a>",
    "in_reply_to_status_id": 1091035792124887041,
    "in_reply_to_status_id_str": "1091035792124887041",
    "in_reply_to_user_id": 15225275,
    "in_reply_to_user_id_str": "15225275",
    "in_reply_to_screen_name": "MACcosmetics",
    "user": {
        "id": 55501674,
        "id_str": "55501674",
        "name": "Thara Srinivasan",
        "screen_name": "tharasrinivasan",
        "location": "",
        "description": "In a constant state of existential crisis",
        "url": null,
        "entities": {
            "description": {
                "urls": []
            }
        },
        "protected": false,
        "followers_count": 17,
        "friends_count": 13,
        "listed_count": 0,
        "created_at": "Fri Jul 10 07:38:50 +0000 2009",
        "favourites_count": 3,
        "utc_offset": null,
        "time_zone": null,
        "geo_enabled": false,
        "verified": false,
        "statuses_count": 6,
        "lang": "en",
        "contributors_enabled": false,
        "is_translator": false,
        "is_translation_enabled": false,
        "profile_background_color": "C0DEED",
        "profile_background_image_url": "http://abs.twimg.com/images/themes/theme1/bg.png",
        "profile_background_image_url_https": "https://abs.twimg.com/images/themes/theme1/bg.png",
        "profile_background_tile": false,
        "profile_image_url": "http://pbs.twimg.com/profile_images/418698384308850688/5Va9NGhN_normal.jpeg",
        "profile_image_url_https": "https://pbs.twimg.com/profile_images/418698384308850688/5Va9NGhN_normal.jpeg",
        "profile_banner_url": "https://pbs.twimg.com/profile_banners/55501674/1388660436",
        "profile_link_color": "1DA1F2",
        "profile_sidebar_border_color": "C0DEED",
        "profile_sidebar_fill_color": "DDEEF6",
        "profile_text_color": "333333",
        "profile_use_background_image": true,
        "has_extended_profile": false,
        "default_profile": true,
        "default_profile_image": false,
        "following": null,
        "follow_request_sent": null,
        "notifications": null,
        "translator_type": "none"
    },
    "geo": null,
    "coordinates": null,
    "place": null,
    "contributors": null,
    "is_quote_status": false,
    "retweet_count": 0,
    "favorite_count": 0,
    "favorited": false,
    "retweeted": false,
    "lang": "en"
}