{
    "created_at": "Wed Mar 13 20:53:54 +0000 2019",
    "id": 1105935037613072384,
    "id_str": "1105935037613072384",
    "text": "Well done. \ud83c\udf1f @BenefitBeauty @MACcosmetics Benefit, MAC Announce Partnership With Planned Parenthood https://t.co/RKzsauZHdd",
    "truncated": false,
    "entities": {
        "hashtags": [],
        "symbols": [],
        "user_mentions": [
            {
                "screen_name": "BenefitBeauty",
                "name": "Benefit Cosmetics US",
                "id": 18220767,
                "id_str": "18220767",
                "indices": [
                    13,
                    27
                ]
            },
            {
                "screen_name": "MACcosmetics",
                "name": "MAC Cosmetics",
                "id": 15225275,
                "id_str": "15225275",
                "indices": [
                    28,
                    41
                ]
            }
        ],
        "urls": [
            {
                "url": "https://t.co/RKzsauZHdd",
                "expanded_url": "http://disq.us/t/3cjj2jb",
                "display_url": "disq.us/t/3cjj2jb",
                "indices": [
                    100,
                    123
                ]
            }
        ]
    },
    "metadata": {
        "iso_language_code": "en",
        "result_type": "recent"
    },
    "source": "<a href=\"http://twitter.com\" rel=\"nofollow\">Twitter Web Client</a>",
    "in_reply_to_status_id": null,
    "in_reply_to_status_id_str": null,
    "in_reply_to_user_id": null,
    "in_reply_to_user_id_str": null,
    "in_reply_to_screen_name": null,
    "user": {
        "id": 1105913584029073408,
        "id_str": "1105913584029073408",
        "name": "Amber White",
        "screen_name": "SincerelyAMW",
        "location": "Edmonton, Alberta",
        "description": "@SincerelyAmberMarie on Instagram Pinterest and Facebook\n#YEG",
        "url": null,
        "entities": {
            "description": {
                "urls": []
            }
        },
        "protected": false,
        "followers_count": 1,
        "friends_count": 20,
        "listed_count": 0,
        "created_at": "Wed Mar 13 19:28:40 +0000 2019",
        "favourites_count": 3,
        "utc_offset": null,
        "time_zone": null,
        "geo_enabled": false,
        "verified": false,
        "statuses_count": 4,
        "lang": "en",
        "contributors_enabled": false,
        "is_translator": false,
        "is_translation_enabled": false,
        "profile_background_color": "000000",
        "profile_background_image_url": "http://abs.twimg.com/images/themes/theme1/bg.png",
        "profile_background_image_url_https": "https://abs.twimg.com/images/themes/theme1/bg.png",
        "profile_background_tile": false,
        "profile_image_url": "http://pbs.twimg.com/profile_images/1105913812132126720/-rLUsB6b_normal.jpg",
        "profile_image_url_https": "https://pbs.twimg.com/profile_images/1105913812132126720/-rLUsB6b_normal.jpg",
        "profile_link_color": "F58EA8",
        "profile_sidebar_border_color": "000000",
        "profile_sidebar_fill_color": "000000",
        "profile_text_color": "000000",
        "profile_use_background_image": false,
        "has_extended_profile": true,
        "default_profile": false,
        "default_profile_image": false,
        "following": null,
        "follow_request_sent": null,
        "notifications": null,
        "translator_type": "none"
    },
    "geo": null,
    "coordinates": null,
    "place": null,
    "contributors": null,
    "is_quote_status": false,
    "retweet_count": 0,
    "favorite_count": 0,
    "favorited": false,
    "retweeted": false,
    "possibly_sensitive": false,
    "lang": "en"
}