{
    "created_at": "Wed Mar 13 18:24:55 +0000 2019",
    "id": 1105897543739805698,
    "id_str": "1105897543739805698",
    "text": "@gay_burp Is this Mac cosmetics bcuz I\u2019m BLUSH.",
    "truncated": false,
    "entities": {
        "hashtags": [],
        "symbols": [],
        "user_mentions": [
            {
                "screen_name": "gay_burp",
                "name": "gayburp",
                "id": 365227988,
                "id_str": "365227988",
                "indices": [
                    0,
                    9
                ]
            }
        ],
        "urls": []
    },
    "metadata": {
        "iso_language_code": "en",
        "result_type": "recent"
    },
    "source": "<a href=\"http://twitter.com/download/iphone\" rel=\"nofollow\">Twitter for iPhone</a>",
    "in_reply_to_status_id": 1105897381856460807,
    "in_reply_to_status_id_str": "1105897381856460807",
    "in_reply_to_user_id": 365227988,
    "in_reply_to_user_id_str": "365227988",
    "in_reply_to_screen_name": "gay_burp",
    "user": {
        "id": 2505002541,
        "id_str": "2505002541",
        "name": "darth baby",
        "screen_name": "ariyoubasic",
        "location": "East Village, Manhattan",
        "description": "little Kenya Michaels is smaller than my pinky.",
        "url": null,
        "entities": {
            "description": {
                "urls": []
            }
        },
        "protected": false,
        "followers_count": 351,
        "friends_count": 191,
        "listed_count": 1,
        "created_at": "Wed Apr 23 23:31:02 +0000 2014",
        "favourites_count": 35953,
        "utc_offset": null,
        "time_zone": null,
        "geo_enabled": true,
        "verified": false,
        "statuses_count": 8281,
        "lang": "en",
        "contributors_enabled": false,
        "is_translator": false,
        "is_translation_enabled": false,
        "profile_background_color": "C0DEED",
        "profile_background_image_url": "http://abs.twimg.com/images/themes/theme1/bg.png",
        "profile_background_image_url_https": "https://abs.twimg.com/images/themes/theme1/bg.png",
        "profile_background_tile": false,
        "profile_image_url": "http://pbs.twimg.com/profile_images/1088860714461286401/Ugkhri6J_normal.jpg",
        "profile_image_url_https": "https://pbs.twimg.com/profile_images/1088860714461286401/Ugkhri6J_normal.jpg",
        "profile_banner_url": "https://pbs.twimg.com/profile_banners/2505002541/1547778477",
        "profile_link_color": "1DA1F2",
        "profile_sidebar_border_color": "C0DEED",
        "profile_sidebar_fill_color": "DDEEF6",
        "profile_text_color": "333333",
        "profile_use_background_image": true,
        "has_extended_profile": false,
        "default_profile": true,
        "default_profile_image": false,
        "following": null,
        "follow_request_sent": null,
        "notifications": null,
        "translator_type": "none"
    },
    "geo": null,
    "coordinates": null,
    "place": null,
    "contributors": null,
    "is_quote_status": false,
    "retweet_count": 0,
    "favorite_count": 0,
    "favorited": false,
    "retweeted": false,
    "lang": "en"
}