{
    "created_at": "Wed Mar 13 17:33:20 +0000 2019",
    "id": 1105884563463647232,
    "id_str": "1105884563463647232",
    "text": "@TipperQ @wwd @BenefitBeauty @MACcosmetics I mean, mac and benefit dont really have the medical degrees to do that but okay.",
    "truncated": false,
    "entities": {
        "hashtags": [],
        "symbols": [],
        "user_mentions": [
            {
                "screen_name": "TipperQ",
                "name": "MaryElizabeth",
                "id": 33776392,
                "id_str": "33776392",
                "indices": [
                    0,
                    8
                ]
            },
            {
                "screen_name": "wwd",
                "name": "WWD",
                "id": 19784831,
                "id_str": "19784831",
                "indices": [
                    9,
                    13
                ]
            },
            {
                "screen_name": "BenefitBeauty",
                "name": "Benefit Cosmetics US",
                "id": 18220767,
                "id_str": "18220767",
                "indices": [
                    14,
                    28
                ]
            },
            {
                "screen_name": "MACcosmetics",
                "name": "MAC Cosmetics",
                "id": 15225275,
                "id_str": "15225275",
                "indices": [
                    29,
                    42
                ]
            }
        ],
        "urls": []
    },
    "metadata": {
        "iso_language_code": "en",
        "result_type": "recent"
    },
    "source": "<a href=\"http://twitter.com/download/android\" rel=\"nofollow\">Twitter for Android</a>",
    "in_reply_to_status_id": 1105569675268771842,
    "in_reply_to_status_id_str": "1105569675268771842",
    "in_reply_to_user_id": 33776392,
    "in_reply_to_user_id_str": "33776392",
    "in_reply_to_screen_name": "TipperQ",
    "user": {
        "id": 1100231031653838848,
        "id_str": "1100231031653838848",
        "name": "Meagan",
        "screen_name": "MeagansBusy",
        "location": "",
        "description": "JSC, THC and cake.",
        "url": null,
        "entities": {
            "description": {
                "urls": []
            }
        },
        "protected": false,
        "followers_count": 0,
        "friends_count": 22,
        "listed_count": 0,
        "created_at": "Tue Feb 26 03:08:14 +0000 2019",
        "favourites_count": 44,
        "utc_offset": null,
        "time_zone": null,
        "geo_enabled": false,
        "verified": false,
        "statuses_count": 18,
        "lang": "en",
        "contributors_enabled": false,
        "is_translator": false,
        "is_translation_enabled": false,
        "profile_background_color": "F5F8FA",
        "profile_background_image_url": null,
        "profile_background_image_url_https": null,
        "profile_background_tile": false,
        "profile_image_url": "http://pbs.twimg.com/profile_images/1100232238225076225/OCqBwspM_normal.jpg",
        "profile_image_url_https": "https://pbs.twimg.com/profile_images/1100232238225076225/OCqBwspM_normal.jpg",
        "profile_link_color": "1DA1F2",
        "profile_sidebar_border_color": "C0DEED",
        "profile_sidebar_fill_color": "DDEEF6",
        "profile_text_color": "333333",
        "profile_use_background_image": true,
        "has_extended_profile": false,
        "default_profile": true,
        "default_profile_image": false,
        "following": null,
        "follow_request_sent": null,
        "notifications": null,
        "translator_type": "none"
    },
    "geo": null,
    "coordinates": null,
    "place": null,
    "contributors": null,
    "is_quote_status": false,
    "retweet_count": 0,
    "favorite_count": 0,
    "favorited": false,
    "retweeted": false,
    "lang": "en"
}