{
    "created_at": "Wed Mar 13 20:07:05 +0000 2019",
    "id": 1105923253414047744,
    "id_str": "1105923253414047744",
    "text": "Well since Instagram is down, here\u2019s the mini tutorial on my fave nude lip combo I was gonna drop\ud83d\ude02\ud83d\udc9a\u2728 \nProducts Used\u2026 https://t.co/VGMiKAORos",
    "truncated": true,
    "entities": {
        "hashtags": [],
        "symbols": [],
        "user_mentions": [],
        "urls": [
            {
                "url": "https://t.co/VGMiKAORos",
                "expanded_url": "https://twitter.com/i/web/status/1105923253414047744",
                "display_url": "twitter.com/i/web/status/1\u2026",
                "indices": [
                    117,
                    140
                ]
            }
        ]
    },
    "metadata": {
        "iso_language_code": "en",
        "result_type": "recent"
    },
    "source": "<a href=\"http://twitter.com/download/iphone\" rel=\"nofollow\">Twitter for iPhone</a>",
    "in_reply_to_status_id": null,
    "in_reply_to_status_id_str": null,
    "in_reply_to_user_id": null,
    "in_reply_to_user_id_str": null,
    "in_reply_to_screen_name": null,
    "user": {
        "id": 1710677167,
        "id_str": "1710677167",
        "name": "Theresa Seyi",
        "screen_name": "FlyFierceFab",
        "location": "Wakanda",
        "description": "I create looks\u2728 | Content Creator + Future Microbiologist | FlyFierceFab@gmail.com",
        "url": "https://t.co/rrKXkGzCYC",
        "entities": {
            "url": {
                "urls": [
                    {
                        "url": "https://t.co/rrKXkGzCYC",
                        "expanded_url": "http://www.flyfiercefab.com",
                        "display_url": "flyfiercefab.com",
                        "indices": [
                            0,
                            23
                        ]
                    }
                ]
            },
            "description": {
                "urls": []
            }
        },
        "protected": false,
        "followers_count": 600,
        "friends_count": 898,
        "listed_count": 28,
        "created_at": "Thu Aug 29 18:08:11 +0000 2013",
        "favourites_count": 21553,
        "utc_offset": null,
        "time_zone": null,
        "geo_enabled": false,
        "verified": false,
        "statuses_count": 24140,
        "lang": "en",
        "contributors_enabled": false,
        "is_translator": false,
        "is_translation_enabled": false,
        "profile_background_color": "F5ABB5",
        "profile_background_image_url": "http://abs.twimg.com/images/themes/theme17/bg.gif",
        "profile_background_image_url_https": "https://abs.twimg.com/images/themes/theme17/bg.gif",
        "profile_background_tile": false,
        "profile_image_url": "http://pbs.twimg.com/profile_images/1098006178112700417/yMvhxdDW_normal.jpg",
        "profile_image_url_https": "https://pbs.twimg.com/profile_images/1098006178112700417/yMvhxdDW_normal.jpg",
        "profile_banner_url": "https://pbs.twimg.com/profile_banners/1710677167/1485192214",
        "profile_link_color": "F6A2D4",
        "profile_sidebar_border_color": "FFFFFF",
        "profile_sidebar_fill_color": "E6F6F9",
        "profile_text_color": "333333",
        "profile_use_background_image": false,
        "has_extended_profile": true,
        "default_profile": false,
        "default_profile_image": false,
        "following": null,
        "follow_request_sent": null,
        "notifications": null,
        "translator_type": "none"
    },
    "geo": null,
    "coordinates": null,
    "place": null,
    "contributors": null,
    "is_quote_status": false,
    "retweet_count": 0,
    "favorite_count": 1,
    "favorited": false,
    "retweeted": false,
    "possibly_sensitive": false,
    "lang": "en"
}