{
    "created_at": "Wed Mar 13 17:56:54 +0000 2019",
    "id": 1105890492972191745,
    "id_str": "1105890492972191745",
    "text": "@JournoBird We're glad you asked! Click here to schedule your next Makeup Service at a MAC nearest you: https://t.co/H7XUljOVp8.",
    "truncated": false,
    "entities": {
        "hashtags": [],
        "symbols": [],
        "user_mentions": [
            {
                "screen_name": "JournoBird",
                "name": "Journobird",
                "id": 25490993,
                "id_str": "25490993",
                "indices": [
                    0,
                    11
                ]
            }
        ],
        "urls": [
            {
                "url": "https://t.co/H7XUljOVp8",
                "expanded_url": "http://bit.ly/UKMakeupService",
                "display_url": "bit.ly/UKMakeupService",
                "indices": [
                    104,
                    127
                ]
            }
        ]
    },
    "metadata": {
        "iso_language_code": "en",
        "result_type": "recent"
    },
    "source": "<a href=\"https://prod1.sprinklr.com\" rel=\"nofollow\">Sprinklr Publishing</a>",
    "in_reply_to_status_id": 1105805477491982337,
    "in_reply_to_status_id_str": "1105805477491982337",
    "in_reply_to_user_id": 25490993,
    "in_reply_to_user_id_str": "25490993",
    "in_reply_to_screen_name": "JournoBird",
    "user": {
        "id": 15225275,
        "id_str": "15225275",
        "name": "MAC Cosmetics",
        "screen_name": "MACcosmetics",
        "location": "SoHo, New York",
        "description": "The official M\u00b7A\u00b7C Cosmetics account. Tweeting for All Ages, All Races, All Genders.",
        "url": "https://t.co/DRu0VwoU1k",
        "entities": {
            "url": {
                "urls": [
                    {
                        "url": "https://t.co/DRu0VwoU1k",
                        "expanded_url": "http://www.maccosmetics.com",
                        "display_url": "maccosmetics.com",
                        "indices": [
                            0,
                            23
                        ]
                    }
                ]
            },
            "description": {
                "urls": []
            }
        },
        "protected": false,
        "followers_count": 1548069,
        "friends_count": 1112,
        "listed_count": 3381,
        "created_at": "Tue Jun 24 23:23:44 +0000 2008",
        "favourites_count": 1208,
        "utc_offset": null,
        "time_zone": null,
        "geo_enabled": false,
        "verified": true,
        "statuses_count": 48969,
        "lang": "en",
        "contributors_enabled": false,
        "is_translator": false,
        "is_translation_enabled": false,
        "profile_background_color": "030303",
        "profile_background_image_url": "http://abs.twimg.com/images/themes/theme1/bg.png",
        "profile_background_image_url_https": "https://abs.twimg.com/images/themes/theme1/bg.png",
        "profile_background_tile": false,
        "profile_image_url": "http://pbs.twimg.com/profile_images/469113578872532992/FtsGh_LG_normal.png",
        "profile_image_url_https": "https://pbs.twimg.com/profile_images/469113578872532992/FtsGh_LG_normal.png",
        "profile_banner_url": "https://pbs.twimg.com/profile_banners/15225275/1398885635",
        "profile_link_color": "858585",
        "profile_sidebar_border_color": "FFFFFF",
        "profile_sidebar_fill_color": "D4D4D4",
        "profile_text_color": "FAFAFA",
        "profile_use_background_image": true,
        "has_extended_profile": false,
        "default_profile": false,
        "default_profile_image": false,
        "following": null,
        "follow_request_sent": null,
        "notifications": null,
        "translator_type": "none"
    },
    "geo": null,
    "coordinates": null,
    "place": null,
    "contributors": null,
    "is_quote_status": false,
    "retweet_count": 0,
    "favorite_count": 0,
    "favorited": false,
    "retweeted": false,
    "possibly_sensitive": false,
    "lang": "en"
}