{
    "created_at": "Wed Mar 13 17:09:52 +0000 2019",
    "id": 1105878655786467329,
    "id_str": "1105878655786467329",
    "text": "RT @March_for_Life: \"If you believe all life is beautiful...two major beauty companies have indicated they don\u2019t want your business going f\u2026",
    "truncated": false,
    "entities": {
        "hashtags": [],
        "symbols": [],
        "user_mentions": [
            {
                "screen_name": "March_for_Life",
                "name": "March for Life",
                "id": 430130014,
                "id_str": "430130014",
                "indices": [
                    3,
                    18
                ]
            }
        ],
        "urls": []
    },
    "metadata": {
        "iso_language_code": "en",
        "result_type": "recent"
    },
    "source": "<a href=\"http://twitter.com/download/iphone\" rel=\"nofollow\">Twitter for iPhone</a>",
    "in_reply_to_status_id": null,
    "in_reply_to_status_id_str": null,
    "in_reply_to_user_id": null,
    "in_reply_to_user_id_str": null,
    "in_reply_to_screen_name": null,
    "user": {
        "id": 2559582960,
        "id_str": "2559582960",
        "name": "AD Palkmer",
        "screen_name": "triumphtimes",
        "location": "United States of America",
        "description": "The only thing necessary for the triumph of evil is for good men to do nothing.",
        "url": null,
        "entities": {
            "description": {
                "urls": []
            }
        },
        "protected": false,
        "followers_count": 704,
        "friends_count": 478,
        "listed_count": 52,
        "created_at": "Tue Jun 10 19:18:12 +0000 2014",
        "favourites_count": 26223,
        "utc_offset": null,
        "time_zone": null,
        "geo_enabled": false,
        "verified": false,
        "statuses_count": 114325,
        "lang": "en",
        "contributors_enabled": false,
        "is_translator": false,
        "is_translation_enabled": false,
        "profile_background_color": "000000",
        "profile_background_image_url": "http://abs.twimg.com/images/themes/theme1/bg.png",
        "profile_background_image_url_https": "https://abs.twimg.com/images/themes/theme1/bg.png",
        "profile_background_tile": false,
        "profile_image_url": "http://pbs.twimg.com/profile_images/476494828813815809/_E2zeDkS_normal.jpeg",
        "profile_image_url_https": "https://pbs.twimg.com/profile_images/476494828813815809/_E2zeDkS_normal.jpeg",
        "profile_banner_url": "https://pbs.twimg.com/profile_banners/2559582960/1402428297",
        "profile_link_color": "056E94",
        "profile_sidebar_border_color": "000000",
        "profile_sidebar_fill_color": "000000",
        "profile_text_color": "000000",
        "profile_use_background_image": false,
        "has_extended_profile": false,
        "default_profile": false,
        "default_profile_image": false,
        "following": null,
        "follow_request_sent": null,
        "notifications": null,
        "translator_type": "none"
    },
    "geo": null,
    "coordinates": null,
    "place": null,
    "contributors": null,
    "retweeted_status": {
        "created_at": "Wed Mar 13 17:09:01 +0000 2019",
        "id": 1105878443512737792,
        "id_str": "1105878443512737792",
        "text": "\"If you believe all life is beautiful...two major beauty companies have indicated they don\u2019t want your business goi\u2026 https://t.co/D1ZMeZO3HA",
        "truncated": true,
        "entities": {
            "hashtags": [],
            "symbols": [],
            "user_mentions": [],
            "urls": [
                {
                    "url": "https://t.co/D1ZMeZO3HA",
                    "expanded_url": "https://twitter.com/i/web/status/1105878443512737792",
                    "display_url": "twitter.com/i/web/status/1\u2026",
                    "indices": [
                        117,
                        140
                    ]
                }
            ]
        },
        "metadata": {
            "iso_language_code": "en",
            "result_type": "recent"
        },
        "source": "<a href=\"https://sproutsocial.com\" rel=\"nofollow\">Sprout Social</a>",
        "in_reply_to_status_id": null,
        "in_reply_to_status_id_str": null,
        "in_reply_to_user_id": null,
        "in_reply_to_user_id_str": null,
        "in_reply_to_screen_name": null,
        "user": {
            "id": 430130014,
            "id_str": "430130014",
            "name": "March for Life",
            "screen_name": "March_for_Life",
            "location": "Washington, DC",
            "description": "Official March for Life account. Join us for the next annual march in Washington, DC on January 24, 2020. Led by @JeanneMFL. #whywemarch",
            "url": "https://t.co/HV7n8dz5of",
            "entities": {
                "url": {
                    "urls": [
                        {
                            "url": "https://t.co/HV7n8dz5of",
                            "expanded_url": "http://www.marchforlife.org",
                            "display_url": "marchforlife.org",
                            "indices": [
                                0,
                                23
                            ]
                        }
                    ]
                },
                "description": {
                    "urls": []
                }
            },
            "protected": false,
            "followers_count": 75612,
            "friends_count": 2260,
            "listed_count": 536,
            "created_at": "Tue Dec 06 20:07:36 +0000 2011",
            "favourites_count": 12492,
            "utc_offset": null,
            "time_zone": null,
            "geo_enabled": true,
            "verified": true,
            "statuses_count": 22019,
            "lang": "en",
            "contributors_enabled": false,
            "is_translator": false,
            "is_translation_enabled": false,
            "profile_background_color": "C0DEED",
            "profile_background_image_url": "http://abs.twimg.com/images/themes/theme1/bg.png",
            "profile_background_image_url_https": "https://abs.twimg.com/images/themes/theme1/bg.png",
            "profile_background_tile": true,
            "profile_image_url": "http://pbs.twimg.com/profile_images/991801976236265472/YmdAQriQ_normal.jpg",
            "profile_image_url_https": "https://pbs.twimg.com/profile_images/991801976236265472/YmdAQriQ_normal.jpg",
            "profile_banner_url": "https://pbs.twimg.com/profile_banners/430130014/1549985624",
            "profile_link_color": "0084B4",
            "profile_sidebar_border_color": "000000",
            "profile_sidebar_fill_color": "DDEEF6",
            "profile_text_color": "333333",
            "profile_use_background_image": true,
            "has_extended_profile": true,
            "default_profile": false,
            "default_profile_image": false,
            "following": null,
            "follow_request_sent": null,
            "notifications": null,
            "translator_type": "none"
        },
        "geo": null,
        "coordinates": null,
        "place": null,
        "contributors": null,
        "is_quote_status": false,
        "retweet_count": 18,
        "favorite_count": 32,
        "favorited": false,
        "retweeted": false,
        "possibly_sensitive": false,
        "lang": "en"
    },
    "is_quote_status": false,
    "retweet_count": 18,
    "favorite_count": 0,
    "favorited": false,
    "retweeted": false,
    "lang": "en"
}