{
    "created_at": "Wed Mar 13 18:39:52 +0000 2019",
    "id": 1105901305858543617,
    "id_str": "1105901305858543617",
    "text": "@MACcosmetics And with one tweet, my entire beauty regimen changes as I throw out all of my MAC and Benefit product\u2026 https://t.co/FEf25NQp2e",
    "truncated": true,
    "entities": {
        "hashtags": [],
        "symbols": [],
        "user_mentions": [
            {
                "screen_name": "MACcosmetics",
                "name": "MAC Cosmetics",
                "id": 15225275,
                "id_str": "15225275",
                "indices": [
                    0,
                    13
                ]
            }
        ],
        "urls": [
            {
                "url": "https://t.co/FEf25NQp2e",
                "expanded_url": "https://twitter.com/i/web/status/1105901305858543617",
                "display_url": "twitter.com/i/web/status/1\u2026",
                "indices": [
                    117,
                    140
                ]
            }
        ]
    },
    "metadata": {
        "iso_language_code": "en",
        "result_type": "recent"
    },
    "source": "<a href=\"http://twitter.com/download/iphone\" rel=\"nofollow\">Twitter for iPhone</a>",
    "in_reply_to_status_id": 1105560972398395393,
    "in_reply_to_status_id_str": "1105560972398395393",
    "in_reply_to_user_id": 15225275,
    "in_reply_to_user_id_str": "15225275",
    "in_reply_to_screen_name": "MACcosmetics",
    "user": {
        "id": 329316987,
        "id_str": "329316987",
        "name": "Tiffany",
        "screen_name": "tiffyb81",
        "location": "USA",
        "description": "|#BoyMom\ud83d\udc69\u200d\ud83d\udc66\u200d\ud83d\udc66|Jesus follower\u271d\ufe0f|TAMUC\ud83e\udd81|BBA/M.S. in MKT\ud83d\udc69\ud83c\udffb\u200d\ud83c\udf93|MBA \u201819\ud83d\udcda|Baseball\u26be\ufe0f/Basketball\ud83c\udfc0Mom|Theater\ud83c\udfad/BandMom\ud83c\udfbc|Be Kind\u2764\ufe0f|#SaveTheBabies\ud83d\udc76\ud83c\udffc\ud83d\udc76\ud83c\udfff\ud83d\udc76\ud83c\udffe|",
        "url": null,
        "entities": {
            "description": {
                "urls": []
            }
        },
        "protected": false,
        "followers_count": 387,
        "friends_count": 245,
        "listed_count": 1,
        "created_at": "Mon Jul 04 21:43:01 +0000 2011",
        "favourites_count": 2842,
        "utc_offset": null,
        "time_zone": null,
        "geo_enabled": false,
        "verified": false,
        "statuses_count": 344,
        "lang": "en",
        "contributors_enabled": false,
        "is_translator": false,
        "is_translation_enabled": false,
        "profile_background_color": "000000",
        "profile_background_image_url": "http://abs.twimg.com/images/themes/theme1/bg.png",
        "profile_background_image_url_https": "https://abs.twimg.com/images/themes/theme1/bg.png",
        "profile_background_tile": false,
        "profile_image_url": "http://pbs.twimg.com/profile_images/1092238901404680193/5XWnvhOU_normal.jpg",
        "profile_image_url_https": "https://pbs.twimg.com/profile_images/1092238901404680193/5XWnvhOU_normal.jpg",
        "profile_banner_url": "https://pbs.twimg.com/profile_banners/329316987/1550708339",
        "profile_link_color": "981CEB",
        "profile_sidebar_border_color": "000000",
        "profile_sidebar_fill_color": "000000",
        "profile_text_color": "000000",
        "profile_use_background_image": false,
        "has_extended_profile": false,
        "default_profile": false,
        "default_profile_image": false,
        "following": null,
        "follow_request_sent": null,
        "notifications": null,
        "translator_type": "none"
    },
    "geo": null,
    "coordinates": null,
    "place": null,
    "contributors": null,
    "is_quote_status": false,
    "retweet_count": 0,
    "favorite_count": 4,
    "favorited": false,
    "retweeted": false,
    "lang": "en"
}