{
    "created_at": "Wed Mar 13 18:31:43 +0000 2019",
    "id": 1105899254793596928,
    "id_str": "1105899254793596928",
    "text": "RT @Gabby_Hoffman: \"Beauty is in the eye of the beholder, they say...If you believe all life is beautiful, however, two major beauty compan\u2026",
    "truncated": false,
    "entities": {
        "hashtags": [],
        "symbols": [],
        "user_mentions": [
            {
                "screen_name": "Gabby_Hoffman",
                "name": "Gabriella Hoffman",
                "id": 104342107,
                "id_str": "104342107",
                "indices": [
                    3,
                    17
                ]
            }
        ],
        "urls": []
    },
    "metadata": {
        "iso_language_code": "en",
        "result_type": "recent"
    },
    "source": "<a href=\"http://twitter.com/download/iphone\" rel=\"nofollow\">Twitter for iPhone</a>",
    "in_reply_to_status_id": null,
    "in_reply_to_status_id_str": null,
    "in_reply_to_user_id": null,
    "in_reply_to_user_id_str": null,
    "in_reply_to_screen_name": null,
    "user": {
        "id": 318371426,
        "id_str": "318371426",
        "name": "Guero aka Rand",
        "screen_name": "R4ND4LL_H",
        "location": "New Mexico, USA",
        "description": "Cynical Idealist,#SocialismSucks, #ConventionOfStates,\u03bc\u03bf\u03bb\u1f7c\u03bd \u03bb\u03b1\u03b2\u03ad, the most humble egomaniac you will ever meet. Not Woke But Never Went To Sleep To Begin With",
        "url": null,
        "entities": {
            "description": {
                "urls": []
            }
        },
        "protected": false,
        "followers_count": 390,
        "friends_count": 447,
        "listed_count": 1,
        "created_at": "Thu Jun 16 11:35:04 +0000 2011",
        "favourites_count": 14330,
        "utc_offset": null,
        "time_zone": null,
        "geo_enabled": false,
        "verified": false,
        "statuses_count": 15341,
        "lang": "en",
        "contributors_enabled": false,
        "is_translator": false,
        "is_translation_enabled": false,
        "profile_background_color": "022330",
        "profile_background_image_url": "http://abs.twimg.com/images/themes/theme15/bg.png",
        "profile_background_image_url_https": "https://abs.twimg.com/images/themes/theme15/bg.png",
        "profile_background_tile": false,
        "profile_image_url": "http://pbs.twimg.com/profile_images/1097685663619661825/5Zjn2bCW_normal.jpg",
        "profile_image_url_https": "https://pbs.twimg.com/profile_images/1097685663619661825/5Zjn2bCW_normal.jpg",
        "profile_link_color": "0084B4",
        "profile_sidebar_border_color": "A8C7F7",
        "profile_sidebar_fill_color": "C0DFEC",
        "profile_text_color": "333333",
        "profile_use_background_image": true,
        "has_extended_profile": false,
        "default_profile": false,
        "default_profile_image": false,
        "following": null,
        "follow_request_sent": null,
        "notifications": null,
        "translator_type": "none"
    },
    "geo": null,
    "coordinates": null,
    "place": null,
    "contributors": null,
    "retweeted_status": {
        "created_at": "Wed Mar 13 16:29:19 +0000 2019",
        "id": 1105868450713518080,
        "id_str": "1105868450713518080",
        "text": "\"Beauty is in the eye of the beholder, they say...If you believe all life is beautiful, however, two major beauty c\u2026 https://t.co/bmm3CJQUUi",
        "truncated": true,
        "entities": {
            "hashtags": [],
            "symbols": [],
            "user_mentions": [],
            "urls": [
                {
                    "url": "https://t.co/bmm3CJQUUi",
                    "expanded_url": "https://twitter.com/i/web/status/1105868450713518080",
                    "display_url": "twitter.com/i/web/status/1\u2026",
                    "indices": [
                        117,
                        140
                    ]
                }
            ]
        },
        "metadata": {
            "iso_language_code": "en",
            "result_type": "recent"
        },
        "source": "<a href=\"http://twitter.com\" rel=\"nofollow\">Twitter Web Client</a>",
        "in_reply_to_status_id": null,
        "in_reply_to_status_id_str": null,
        "in_reply_to_user_id": null,
        "in_reply_to_user_id_str": null,
        "in_reply_to_screen_name": null,
        "user": {
            "id": 104342107,
            "id_str": "104342107",
            "name": "Gabriella Hoffman",
            "screen_name": "Gabby_Hoffman",
            "location": "DC Metro Area / Commonwealth of Virginia",
            "description": "Media Strategist. @Resurgent Writer. @dconservpodcast Host. American-Lithuanian. @ReelCamoGirl Team. SoCal native & urbanite who fishes, own guns, & now hunts.",
            "url": "https://t.co/4e3qmW3dvz",
            "entities": {
                "url": {
                    "urls": [
                        {
                            "url": "https://t.co/4e3qmW3dvz",
                            "expanded_url": "https://www.instagram.com/gabriella_hoffman/",
                            "display_url": "instagram.com/gabriella_hoff\u2026",
                            "indices": [
                                0,
                                23
                            ]
                        }
                    ]
                },
                "description": {
                    "urls": []
                }
            },
            "protected": false,
            "followers_count": 42464,
            "friends_count": 5303,
            "listed_count": 1170,
            "created_at": "Wed Jan 13 01:50:14 +0000 2010",
            "favourites_count": 55816,
            "utc_offset": null,
            "time_zone": null,
            "geo_enabled": true,
            "verified": true,
            "statuses_count": 77787,
            "lang": "en",
            "contributors_enabled": false,
            "is_translator": false,
            "is_translation_enabled": false,
            "profile_background_color": "0CA699",
            "profile_background_image_url": "http://abs.twimg.com/images/themes/theme6/bg.gif",
            "profile_background_image_url_https": "https://abs.twimg.com/images/themes/theme6/bg.gif",
            "profile_background_tile": true,
            "profile_image_url": "http://pbs.twimg.com/profile_images/1094270686594584579/jFed80Cn_normal.jpg",
            "profile_image_url_https": "https://pbs.twimg.com/profile_images/1094270686594584579/jFed80Cn_normal.jpg",
            "profile_banner_url": "https://pbs.twimg.com/profile_banners/104342107/1539304425",
            "profile_link_color": "2058C7",
            "profile_sidebar_border_color": "000000",
            "profile_sidebar_fill_color": "A0C5C7",
            "profile_text_color": "333333",
            "profile_use_background_image": true,
            "has_extended_profile": true,
            "default_profile": false,
            "default_profile_image": false,
            "following": null,
            "follow_request_sent": null,
            "notifications": null,
            "translator_type": "none"
        },
        "geo": null,
        "coordinates": null,
        "place": null,
        "contributors": null,
        "is_quote_status": false,
        "retweet_count": 49,
        "favorite_count": 70,
        "favorited": false,
        "retweeted": false,
        "possibly_sensitive": false,
        "lang": "en"
    },
    "is_quote_status": false,
    "retweet_count": 49,
    "favorite_count": 0,
    "favorited": false,
    "retweeted": false,
    "lang": "en"
}