{
    "created_at": "Wed Mar 13 16:23:42 +0000 2019",
    "id": 1105867036163399680,
    "id_str": "1105867036163399680",
    "text": "RT @analocz_: GO WATCH MY VIDEO ON THIS TIE DYE LOOK!  https://t.co/veKcGNoFJg    instagram makeup page: muanaxx     #makeup #beauty #cosme\u2026",
    "truncated": false,
    "entities": {
        "hashtags": [
            {
                "text": "makeup",
                "indices": [
                    117,
                    124
                ]
            },
            {
                "text": "beauty",
                "indices": [
                    125,
                    132
                ]
            }
        ],
        "symbols": [],
        "user_mentions": [
            {
                "screen_name": "analocz_",
                "name": "\u20b3",
                "id": 476532477,
                "id_str": "476532477",
                "indices": [
                    3,
                    12
                ]
            }
        ],
        "urls": [
            {
                "url": "https://t.co/veKcGNoFJg",
                "expanded_url": "http://youtu.be/_drIENPOXb4",
                "display_url": "youtu.be/_drIENPOXb4",
                "indices": [
                    55,
                    78
                ]
            }
        ]
    },
    "metadata": {
        "iso_language_code": "en",
        "result_type": "recent"
    },
    "source": "<a href=\"http://twitter.com/download/iphone\" rel=\"nofollow\">Twitter for iPhone</a>",
    "in_reply_to_status_id": null,
    "in_reply_to_status_id_str": null,
    "in_reply_to_user_id": null,
    "in_reply_to_user_id_str": null,
    "in_reply_to_screen_name": null,
    "user": {
        "id": 3128128962,
        "id_str": "3128128962",
        "name": "kanye",
        "screen_name": "kaya_lane",
        "location": "",
        "description": "\u2625 realize that your essence is divine son",
        "url": null,
        "entities": {
            "description": {
                "urls": []
            }
        },
        "protected": false,
        "followers_count": 407,
        "friends_count": 351,
        "listed_count": 3,
        "created_at": "Wed Apr 01 22:27:43 +0000 2015",
        "favourites_count": 11889,
        "utc_offset": null,
        "time_zone": null,
        "geo_enabled": false,
        "verified": false,
        "statuses_count": 14856,
        "lang": "en",
        "contributors_enabled": false,
        "is_translator": false,
        "is_translation_enabled": false,
        "profile_background_color": "000000",
        "profile_background_image_url": "http://abs.twimg.com/images/themes/theme1/bg.png",
        "profile_background_image_url_https": "https://abs.twimg.com/images/themes/theme1/bg.png",
        "profile_background_tile": false,
        "profile_image_url": "http://pbs.twimg.com/profile_images/939529725768187904/u9iZkiZp_normal.jpg",
        "profile_image_url_https": "https://pbs.twimg.com/profile_images/939529725768187904/u9iZkiZp_normal.jpg",
        "profile_banner_url": "https://pbs.twimg.com/profile_banners/3128128962/1513730749",
        "profile_link_color": "E81C4F",
        "profile_sidebar_border_color": "000000",
        "profile_sidebar_fill_color": "000000",
        "profile_text_color": "000000",
        "profile_use_background_image": false,
        "has_extended_profile": false,
        "default_profile": false,
        "default_profile_image": false,
        "following": null,
        "follow_request_sent": null,
        "notifications": null,
        "translator_type": "none"
    },
    "geo": null,
    "coordinates": null,
    "place": null,
    "contributors": null,
    "retweeted_status": {
        "created_at": "Tue Mar 12 22:22:00 +0000 2019",
        "id": 1105594819538112512,
        "id_str": "1105594819538112512",
        "text": "GO WATCH MY VIDEO ON THIS TIE DYE LOOK!  https://t.co/veKcGNoFJg    instagram makeup page: muanaxx     #makeup\u2026 https://t.co/pMPKAPVrpP",
        "truncated": true,
        "entities": {
            "hashtags": [
                {
                    "text": "makeup",
                    "indices": [
                        103,
                        110
                    ]
                }
            ],
            "symbols": [],
            "user_mentions": [],
            "urls": [
                {
                    "url": "https://t.co/veKcGNoFJg",
                    "expanded_url": "http://youtu.be/_drIENPOXb4",
                    "display_url": "youtu.be/_drIENPOXb4",
                    "indices": [
                        41,
                        64
                    ]
                },
                {
                    "url": "https://t.co/pMPKAPVrpP",
                    "expanded_url": "https://twitter.com/i/web/status/1105594819538112512",
                    "display_url": "twitter.com/i/web/status/1\u2026",
                    "indices": [
                        112,
                        135
                    ]
                }
            ]
        },
        "metadata": {
            "iso_language_code": "en",
            "result_type": "recent"
        },
        "source": "<a href=\"http://twitter.com/download/iphone\" rel=\"nofollow\">Twitter for iPhone</a>",
        "in_reply_to_status_id": null,
        "in_reply_to_status_id_str": null,
        "in_reply_to_user_id": null,
        "in_reply_to_user_id_str": null,
        "in_reply_to_screen_name": null,
        "user": {
            "id": 476532477,
            "id_str": "476532477",
            "name": "\u20b3",
            "screen_name": "analocz_",
            "location": "",
            "description": "https://t.co/I8N9cux3Gv",
            "url": "https://t.co/Vk9dZ1TcX1",
            "entities": {
                "url": {
                    "urls": [
                        {
                            "url": "https://t.co/Vk9dZ1TcX1",
                            "expanded_url": "http://Instagram.com/muanaxx",
                            "display_url": "Instagram.com/muanaxx",
                            "indices": [
                                0,
                                23
                            ]
                        }
                    ]
                },
                "description": {
                    "urls": [
                        {
                            "url": "https://t.co/I8N9cux3Gv",
                            "expanded_url": "https://youtu.be/_drIENPOXb4",
                            "display_url": "youtu.be/_drIENPOXb4",
                            "indices": [
                                0,
                                23
                            ]
                        }
                    ]
                }
            },
            "protected": false,
            "followers_count": 821,
            "friends_count": 53,
            "listed_count": 2,
            "created_at": "Sat Jan 28 07:07:59 +0000 2012",
            "favourites_count": 11148,
            "utc_offset": null,
            "time_zone": null,
            "geo_enabled": true,
            "verified": false,
            "statuses_count": 27483,
            "lang": "en",
            "contributors_enabled": false,
            "is_translator": false,
            "is_translation_enabled": false,
            "profile_background_color": "F7F4F7",
            "profile_background_image_url": "http://abs.twimg.com/images/themes/theme1/bg.png",
            "profile_background_image_url_https": "https://abs.twimg.com/images/themes/theme1/bg.png",
            "profile_background_tile": true,
            "profile_image_url": "http://pbs.twimg.com/profile_images/1097634491936305153/E4kxanZT_normal.jpg",
            "profile_image_url_https": "https://pbs.twimg.com/profile_images/1097634491936305153/E4kxanZT_normal.jpg",
            "profile_banner_url": "https://pbs.twimg.com/profile_banners/476532477/1546650350",
            "profile_link_color": "030B0D",
            "profile_sidebar_border_color": "FFFFFF",
            "profile_sidebar_fill_color": "DDEEF6",
            "profile_text_color": "333333",
            "profile_use_background_image": false,
            "has_extended_profile": false,
            "default_profile": false,
            "default_profile_image": false,
            "following": null,
            "follow_request_sent": null,
            "notifications": null,
            "translator_type": "none"
        },
        "geo": null,
        "coordinates": null,
        "place": null,
        "contributors": null,
        "is_quote_status": false,
        "retweet_count": 10,
        "favorite_count": 21,
        "favorited": false,
        "retweeted": false,
        "possibly_sensitive": false,
        "lang": "en"
    },
    "is_quote_status": false,
    "retweet_count": 10,
    "favorite_count": 0,
    "favorited": false,
    "retweeted": false,
    "possibly_sensitive": false,
    "lang": "en"
}