{
    "created_at": "Wed Mar 13 16:35:24 +0000 2019",
    "id": 1105869983786192896,
    "id_str": "1105869983786192896",
    "text": "M.A.C. and Benefit Cosmetics Team Up With Planned Parenthood https://t.co/0WXDxsTzlV",
    "truncated": false,
    "entities": {
        "hashtags": [],
        "symbols": [],
        "user_mentions": [],
        "urls": [
            {
                "url": "https://t.co/0WXDxsTzlV",
                "expanded_url": "http://brev.is/50AE",
                "display_url": "brev.is/50AE",
                "indices": [
                    61,
                    84
                ]
            }
        ]
    },
    "metadata": {
        "iso_language_code": "en",
        "result_type": "recent"
    },
    "source": "<a href=\"https://www.gremlinsocial.com\" rel=\"nofollow\">Gremlin Social</a>",
    "in_reply_to_status_id": null,
    "in_reply_to_status_id_str": null,
    "in_reply_to_user_id": null,
    "in_reply_to_user_id_str": null,
    "in_reply_to_screen_name": null,
    "user": {
        "id": 3083067547,
        "id_str": "3083067547",
        "name": "A Love de Cree'",
        "screen_name": "alovedecree",
        "location": "",
        "description": "A Love de Cree'.... I declare that beauty is in the eye of the beholder and I have the passion to bring it to the surface...\nhttp://t.co/3KyKclirRi",
        "url": "https://t.co/RpUredHV29",
        "entities": {
            "url": {
                "urls": [
                    {
                        "url": "https://t.co/RpUredHV29",
                        "expanded_url": "http://alovedecree.blogspot.com/",
                        "display_url": "alovedecree.blogspot.com",
                        "indices": [
                            0,
                            23
                        ]
                    }
                ]
            },
            "description": {
                "urls": [
                    {
                        "url": "http://t.co/3KyKclirRi",
                        "expanded_url": "http://youtu.be/AFJkOHPL3Fo",
                        "display_url": "youtu.be/AFJkOHPL3Fo",
                        "indices": [
                            125,
                            147
                        ]
                    }
                ]
            }
        },
        "protected": false,
        "followers_count": 437,
        "friends_count": 1303,
        "listed_count": 52,
        "created_at": "Sun Mar 15 01:25:20 +0000 2015",
        "favourites_count": 363,
        "utc_offset": null,
        "time_zone": null,
        "geo_enabled": true,
        "verified": false,
        "statuses_count": 13882,
        "lang": "en",
        "contributors_enabled": false,
        "is_translator": false,
        "is_translation_enabled": false,
        "profile_background_color": "C0DEED",
        "profile_background_image_url": "http://abs.twimg.com/images/themes/theme1/bg.png",
        "profile_background_image_url_https": "https://abs.twimg.com/images/themes/theme1/bg.png",
        "profile_background_tile": false,
        "profile_image_url": "http://pbs.twimg.com/profile_images/1065796057530023936/yaFzn5Mc_normal.jpg",
        "profile_image_url_https": "https://pbs.twimg.com/profile_images/1065796057530023936/yaFzn5Mc_normal.jpg",
        "profile_banner_url": "https://pbs.twimg.com/profile_banners/3083067547/1426385046",
        "profile_link_color": "0084B4",
        "profile_sidebar_border_color": "C0DEED",
        "profile_sidebar_fill_color": "DDEEF6",
        "profile_text_color": "333333",
        "profile_use_background_image": true,
        "has_extended_profile": false,
        "default_profile": false,
        "default_profile_image": false,
        "following": null,
        "follow_request_sent": null,
        "notifications": null,
        "translator_type": "none"
    },
    "geo": null,
    "coordinates": null,
    "place": null,
    "contributors": null,
    "is_quote_status": false,
    "retweet_count": 0,
    "favorite_count": 0,
    "favorited": false,
    "retweeted": false,
    "possibly_sensitive": false,
    "lang": "en"
}