{
    "created_at": "Wed Mar 13 15:08:28 +0000 2019",
    "id": 1105848105457643521,
    "id_str": "1105848105457643521",
    "text": "M.A.C. and Benefit Cosmetics Team Up With Planned Parenthood https://t.co/FExt4QO2bT",
    "truncated": false,
    "entities": {
        "hashtags": [],
        "symbols": [],
        "user_mentions": [],
        "urls": [
            {
                "url": "https://t.co/FExt4QO2bT",
                "expanded_url": "https://www.allure.com/story/mac-benefit-cosmetics-support-planned-parenthood",
                "display_url": "allure.com/story/mac-bene\u2026",
                "indices": [
                    61,
                    84
                ]
            }
        ]
    },
    "metadata": {
        "iso_language_code": "en",
        "result_type": "recent"
    },
    "source": "<a href=\"http://twitter.com/download/android\" rel=\"nofollow\">Twitter for Android</a>",
    "in_reply_to_status_id": null,
    "in_reply_to_status_id_str": null,
    "in_reply_to_user_id": null,
    "in_reply_to_user_id_str": null,
    "in_reply_to_screen_name": null,
    "user": {
        "id": 1021714663069941761,
        "id_str": "1021714663069941761",
        "name": "Candace Hull",
        "screen_name": "4evaCandace714",
        "location": "Cross City, FL",
        "description": "Widow \u2665\ufe0f Mother \u2665\ufe0f Sister \nMarried to the love of my life for 15 years.\nMomma to two amazing souls. 19&15.\n5 Siblings myself. Don't Fn\u00a2k With my Family \ud83e\udd8b\u2665\ufe0f\ud83d\udcaf",
        "url": null,
        "entities": {
            "description": {
                "urls": []
            }
        },
        "protected": false,
        "followers_count": 150,
        "friends_count": 1337,
        "listed_count": 0,
        "created_at": "Tue Jul 24 11:12:13 +0000 2018",
        "favourites_count": 9523,
        "utc_offset": null,
        "time_zone": null,
        "geo_enabled": true,
        "verified": false,
        "statuses_count": 1383,
        "lang": "en",
        "contributors_enabled": false,
        "is_translator": false,
        "is_translation_enabled": false,
        "profile_background_color": "F5F8FA",
        "profile_background_image_url": null,
        "profile_background_image_url_https": null,
        "profile_background_tile": false,
        "profile_image_url": "http://pbs.twimg.com/profile_images/1093527491677954053/rLfNFSni_normal.jpg",
        "profile_image_url_https": "https://pbs.twimg.com/profile_images/1093527491677954053/rLfNFSni_normal.jpg",
        "profile_banner_url": "https://pbs.twimg.com/profile_banners/1021714663069941761/1551990864",
        "profile_link_color": "1DA1F2",
        "profile_sidebar_border_color": "C0DEED",
        "profile_sidebar_fill_color": "DDEEF6",
        "profile_text_color": "333333",
        "profile_use_background_image": true,
        "has_extended_profile": true,
        "default_profile": true,
        "default_profile_image": false,
        "following": null,
        "follow_request_sent": null,
        "notifications": null,
        "translator_type": "none"
    },
    "geo": null,
    "coordinates": null,
    "place": {
        "id": "f25532ec1f760022",
        "url": "https://api.twitter.com/1.1/geo/id/f25532ec1f760022.json",
        "place_type": "city",
        "name": "Cross City",
        "full_name": "Cross City, FL",
        "country_code": "US",
        "country": "United States",
        "contained_within": [],
        "bounding_box": {
            "type": "Polygon",
            "coordinates": [
                [
                    [
                        -83.137901,
                        29.620978
                    ],
                    [
                        -83.113321,
                        29.620978
                    ],
                    [
                        -83.113321,
                        29.6479468
                    ],
                    [
                        -83.137901,
                        29.6479468
                    ]
                ]
            ]
        },
        "attributes": {}
    },
    "contributors": null,
    "is_quote_status": false,
    "retweet_count": 0,
    "favorite_count": 0,
    "favorited": false,
    "retweeted": false,
    "possibly_sensitive": false,
    "lang": "en"
}