{
    "created_at": "Wed Mar 13 16:34:49 +0000 2019",
    "id": 1105869833625841664,
    "id_str": "1105869833625841664",
    "text": "InStyle : Here's How Your MAC and Benefit Cosmetics Splurge Will Benefit Planned Parenthood #myfirstTweet #TheBest\u2026 https://t.co/QxsyMsNuCI",
    "truncated": true,
    "entities": {
        "hashtags": [
            {
                "text": "myfirstTweet",
                "indices": [
                    92,
                    105
                ]
            },
            {
                "text": "TheBest",
                "indices": [
                    106,
                    114
                ]
            }
        ],
        "symbols": [],
        "user_mentions": [],
        "urls": [
            {
                "url": "https://t.co/QxsyMsNuCI",
                "expanded_url": "https://twitter.com/i/web/status/1105869833625841664",
                "display_url": "twitter.com/i/web/status/1\u2026",
                "indices": [
                    116,
                    139
                ]
            }
        ]
    },
    "metadata": {
        "iso_language_code": "en",
        "result_type": "recent"
    },
    "source": "<a href=\"https://ifttt.com\" rel=\"nofollow\">IFTTT</a>",
    "in_reply_to_status_id": null,
    "in_reply_to_status_id_str": null,
    "in_reply_to_user_id": null,
    "in_reply_to_user_id_str": null,
    "in_reply_to_screen_name": null,
    "user": {
        "id": 3259090994,
        "id_str": "3259090994",
        "name": "WWE",
        "screen_name": "WWE_Wrestling0",
        "location": "",
        "description": "Welcome to Us  for our daily uploads! If you like what you watch, support us by liking or disliking so we know what to upload next!",
        "url": "https://t.co/88BJXCOCdO",
        "entities": {
            "url": {
                "urls": [
                    {
                        "url": "https://t.co/88BJXCOCdO",
                        "expanded_url": "http://bit.ly/2uvsk4j",
                        "display_url": "bit.ly/2uvsk4j",
                        "indices": [
                            0,
                            23
                        ]
                    }
                ]
            },
            "description": {
                "urls": []
            }
        },
        "protected": false,
        "followers_count": 1200,
        "friends_count": 401,
        "listed_count": 37,
        "created_at": "Sun Jun 28 16:44:44 +0000 2015",
        "favourites_count": 471,
        "utc_offset": null,
        "time_zone": null,
        "geo_enabled": false,
        "verified": false,
        "statuses_count": 68717,
        "lang": "en",
        "contributors_enabled": false,
        "is_translator": false,
        "is_translation_enabled": false,
        "profile_background_color": "C0DEED",
        "profile_background_image_url": "http://abs.twimg.com/images/themes/theme1/bg.png",
        "profile_background_image_url_https": "https://abs.twimg.com/images/themes/theme1/bg.png",
        "profile_background_tile": false,
        "profile_image_url": "http://pbs.twimg.com/profile_images/831000620010123264/fZGGybs7_normal.jpg",
        "profile_image_url_https": "https://pbs.twimg.com/profile_images/831000620010123264/fZGGybs7_normal.jpg",
        "profile_banner_url": "https://pbs.twimg.com/profile_banners/3259090994/1486960950",
        "profile_link_color": "1DA1F2",
        "profile_sidebar_border_color": "C0DEED",
        "profile_sidebar_fill_color": "DDEEF6",
        "profile_text_color": "333333",
        "profile_use_background_image": true,
        "has_extended_profile": true,
        "default_profile": true,
        "default_profile_image": false,
        "following": null,
        "follow_request_sent": null,
        "notifications": null,
        "translator_type": "none"
    },
    "geo": null,
    "coordinates": null,
    "place": null,
    "contributors": null,
    "is_quote_status": false,
    "retweet_count": 0,
    "favorite_count": 1,
    "favorited": false,
    "retweeted": false,
    "possibly_sensitive": false,
    "lang": "en"
}