{
    "created_at": "Wed Mar 13 20:34:08 +0000 2019",
    "id": 1105930059645243392,
    "id_str": "1105930059645243392",
    "text": "You Ain't Never Had a Friend Like MAC! The Aladdin-Inspired Collection Is Here - POPSUGAR https://t.co/njqTb4QbBz\u2026 https://t.co/XaKYgVqyab",
    "truncated": true,
    "entities": {
        "hashtags": [],
        "symbols": [],
        "user_mentions": [],
        "urls": [
            {
                "url": "https://t.co/njqTb4QbBz",
                "expanded_url": "http://dlvr.it/R0mgJM",
                "display_url": "dlvr.it/R0mgJM",
                "indices": [
                    90,
                    113
                ]
            },
            {
                "url": "https://t.co/XaKYgVqyab",
                "expanded_url": "https://twitter.com/i/web/status/1105930059645243392",
                "display_url": "twitter.com/i/web/status/1\u2026",
                "indices": [
                    115,
                    138
                ]
            }
        ]
    },
    "metadata": {
        "iso_language_code": "en",
        "result_type": "recent"
    },
    "source": "<a href=\"https://dlvrit.com/\" rel=\"nofollow\">dlvr.it</a>",
    "in_reply_to_status_id": null,
    "in_reply_to_status_id_str": null,
    "in_reply_to_user_id": null,
    "in_reply_to_user_id_str": null,
    "in_reply_to_screen_name": null,
    "user": {
        "id": 305643880,
        "id_str": "305643880",
        "name": "iDivaBeauty",
        "screen_name": "iDivaBeauty",
        "location": "",
        "description": "Check out the hottest beauty advice!  Only at http://t.co/Yttv8m7HCr",
        "url": "http://t.co/fVlkFUuRo2",
        "entities": {
            "url": {
                "urls": [
                    {
                        "url": "http://t.co/fVlkFUuRo2",
                        "expanded_url": "http://www.thedivanetwork.com",
                        "display_url": "thedivanetwork.com",
                        "indices": [
                            0,
                            22
                        ]
                    }
                ]
            },
            "description": {
                "urls": [
                    {
                        "url": "http://t.co/Yttv8m7HCr",
                        "expanded_url": "http://TheDivaNetwork.com",
                        "display_url": "TheDivaNetwork.com",
                        "indices": [
                            46,
                            68
                        ]
                    }
                ]
            }
        },
        "protected": false,
        "followers_count": 7339,
        "friends_count": 7172,
        "listed_count": 59,
        "created_at": "Thu May 26 15:22:03 +0000 2011",
        "favourites_count": 825,
        "utc_offset": null,
        "time_zone": null,
        "geo_enabled": false,
        "verified": false,
        "statuses_count": 12778,
        "lang": "en",
        "contributors_enabled": false,
        "is_translator": false,
        "is_translation_enabled": false,
        "profile_background_color": "492985",
        "profile_background_image_url": "http://abs.twimg.com/images/themes/theme1/bg.png",
        "profile_background_image_url_https": "https://abs.twimg.com/images/themes/theme1/bg.png",
        "profile_background_tile": false,
        "profile_image_url": "http://pbs.twimg.com/profile_images/1369856473/bigstock_Beautiful_And_Sexy_Brunette_Fa_3691634_normal.jpg",
        "profile_image_url_https": "https://pbs.twimg.com/profile_images/1369856473/bigstock_Beautiful_And_Sexy_Brunette_Fa_3691634_normal.jpg",
        "profile_link_color": "3A0F45",
        "profile_sidebar_border_color": "C0DEED",
        "profile_sidebar_fill_color": "DBFA28",
        "profile_text_color": "000000",
        "profile_use_background_image": false,
        "has_extended_profile": false,
        "default_profile": false,
        "default_profile_image": false,
        "following": null,
        "follow_request_sent": null,
        "notifications": null,
        "translator_type": "none"
    },
    "geo": null,
    "coordinates": null,
    "place": null,
    "contributors": null,
    "is_quote_status": false,
    "retweet_count": 0,
    "favorite_count": 1,
    "favorited": false,
    "retweeted": false,
    "possibly_sensitive": false,
    "lang": "en"
}