{
    "created_at": "Wed Mar 13 23:49:21 +0000 2019",
    "id": 1105979191156187136,
    "id_str": "1105979191156187136",
    "text": "@drferamuzx Istersen Mac Donald's istersen Mac cosmetics sec istedigini",
    "truncated": false,
    "entities": {
        "hashtags": [],
        "symbols": [],
        "user_mentions": [
            {
                "screen_name": "drferamuzx",
                "name": "centilmeen demokritus",
                "id": 1087694126676623364,
                "id_str": "1087694126676623364",
                "indices": [
                    0,
                    11
                ]
            }
        ],
        "urls": []
    },
    "metadata": {
        "result_type": "recent",
        "iso_language_code": "ca"
    },
    "source": "<a href=\"http://twitter.com/download/android\" rel=\"nofollow\">Twitter for Android</a>",
    "in_reply_to_status_id": 1105979034146623488,
    "in_reply_to_status_id_str": "1105979034146623488",
    "in_reply_to_user_id": 1087694126676623364,
    "in_reply_to_user_id_str": "1087694126676623364",
    "in_reply_to_screen_name": "drferamuzx",
    "user": {
        "id": 2595804639,
        "id_str": "2595804639",
        "name": "krokan $\u20ac\u00a5mi\u015f ama LOKMATAE",
        "screen_name": "abayseyma",
        "location": "Justin followed me 09.07.2014 ",
        "description": "Allah a\u015fk\u0131na ne alaka",
        "url": null,
        "entities": {
            "description": {
                "urls": []
            }
        },
        "protected": false,
        "followers_count": 1416,
        "friends_count": 698,
        "listed_count": 13,
        "created_at": "Mon Jun 09 19:37:04 +0000 2014",
        "favourites_count": 38390,
        "utc_offset": null,
        "time_zone": null,
        "geo_enabled": true,
        "verified": false,
        "statuses_count": 11464,
        "lang": "tr",
        "contributors_enabled": false,
        "is_translator": false,
        "is_translation_enabled": false,
        "profile_background_color": "1A1B1F",
        "profile_background_image_url": "http://abs.twimg.com/images/themes/theme9/bg.gif",
        "profile_background_image_url_https": "https://abs.twimg.com/images/themes/theme9/bg.gif",
        "profile_background_tile": false,
        "profile_image_url": "http://pbs.twimg.com/profile_images/1105161235031646208/1qfc0EuQ_normal.jpg",
        "profile_image_url_https": "https://pbs.twimg.com/profile_images/1105161235031646208/1qfc0EuQ_normal.jpg",
        "profile_banner_url": "https://pbs.twimg.com/profile_banners/2595804639/1552147764",
        "profile_link_color": "7B2FED",
        "profile_sidebar_border_color": "FFFFFF",
        "profile_sidebar_fill_color": "252429",
        "profile_text_color": "666666",
        "profile_use_background_image": true,
        "has_extended_profile": true,
        "default_profile": false,
        "default_profile_image": false,
        "following": null,
        "follow_request_sent": null,
        "notifications": null,
        "translator_type": "none"
    },
    "geo": null,
    "coordinates": null,
    "place": null,
    "contributors": null,
    "is_quote_status": false,
    "retweet_count": 0,
    "favorite_count": 1,
    "favorited": false,
    "retweeted": false,
    "lang": "ca"
}