{
    "created_at": "Wed Mar 13 11:47:39 +0000 2019",
    "id": 1105797569282748416,
    "id_str": "1105797569282748416",
    "text": "Curso de Maquillaje Profesional en TCUAREMB\u00d3! Por https://t.co/u14ABnedRu MakeUp Artist para Mac Cosmetics Uruguay\u2026 https://t.co/oTIvNBBToh",
    "truncated": true,
    "entities": {
        "hashtags": [],
        "symbols": [],
        "user_mentions": [],
        "urls": [
            {
                "url": "https://t.co/u14ABnedRu",
                "expanded_url": "http://karenmorales.makeup",
                "display_url": "karenmorales.makeup",
                "indices": [
                    50,
                    73
                ]
            },
            {
                "url": "https://t.co/oTIvNBBToh",
                "expanded_url": "https://twitter.com/i/web/status/1105797569282748416",
                "display_url": "twitter.com/i/web/status/1\u2026",
                "indices": [
                    116,
                    139
                ]
            }
        ]
    },
    "metadata": {
        "iso_language_code": "es",
        "result_type": "recent"
    },
    "source": "<a href=\"http://instagram.com\" rel=\"nofollow\">Instagram</a>",
    "in_reply_to_status_id": null,
    "in_reply_to_status_id_str": null,
    "in_reply_to_user_id": null,
    "in_reply_to_user_id_str": null,
    "in_reply_to_screen_name": null,
    "user": {
        "id": 127989604,
        "id_str": "127989604",
        "name": "Mar\u00eda Ver\u00f3nica Palma",
        "screen_name": "maveronicapalma",
        "location": "Tacuaremb\u00f3, Uruguay",
        "description": "Mujer y madre de Juan Bautista. Estilista \u2022 No hay placer mas grande que trabajar de lo que uno ama hacer\u2022",
        "url": "https://t.co/9lRWJw4fK3",
        "entities": {
            "url": {
                "urls": [
                    {
                        "url": "https://t.co/9lRWJw4fK3",
                        "expanded_url": "http://www.veronicapalma.com.uy",
                        "display_url": "veronicapalma.com.uy",
                        "indices": [
                            0,
                            23
                        ]
                    }
                ]
            },
            "description": {
                "urls": []
            }
        },
        "protected": false,
        "followers_count": 261,
        "friends_count": 996,
        "listed_count": 4,
        "created_at": "Tue Mar 30 20:07:29 +0000 2010",
        "favourites_count": 45,
        "utc_offset": null,
        "time_zone": null,
        "geo_enabled": true,
        "verified": false,
        "statuses_count": 1502,
        "lang": "es",
        "contributors_enabled": false,
        "is_translator": false,
        "is_translation_enabled": false,
        "profile_background_color": "B2DFDA",
        "profile_background_image_url": "http://abs.twimg.com/images/themes/theme13/bg.gif",
        "profile_background_image_url_https": "https://abs.twimg.com/images/themes/theme13/bg.gif",
        "profile_background_tile": false,
        "profile_image_url": "http://pbs.twimg.com/profile_images/753617891082240000/N0BD883t_normal.jpg",
        "profile_image_url_https": "https://pbs.twimg.com/profile_images/753617891082240000/N0BD883t_normal.jpg",
        "profile_banner_url": "https://pbs.twimg.com/profile_banners/127989604/1468511484",
        "profile_link_color": "93A644",
        "profile_sidebar_border_color": "EEEEEE",
        "profile_sidebar_fill_color": "FFFFFF",
        "profile_text_color": "333333",
        "profile_use_background_image": true,
        "has_extended_profile": true,
        "default_profile": false,
        "default_profile_image": false,
        "following": null,
        "follow_request_sent": null,
        "notifications": null,
        "translator_type": "none"
    },
    "geo": null,
    "coordinates": null,
    "place": null,
    "contributors": null,
    "is_quote_status": false,
    "retweet_count": 0,
    "favorite_count": 0,
    "favorited": false,
    "retweeted": false,
    "possibly_sensitive": false,
    "lang": "es"
}