{
    "created_at": "Thu Mar 14 00:22:25 +0000 2019",
    "id": 1105987509593522176,
    "id_str": "1105987509593522176",
    "text": "RT @miimedeiros: Makeupmikaella make social para fotos de formatura \ud83e\udd70 l #makeupmikaella #makeupaddict #lipstick #motd #makeuplover #anastas\u2026",
    "truncated": false,
    "entities": {
        "hashtags": [
            {
                "text": "makeupmikaella",
                "indices": [
                    72,
                    87
                ]
            },
            {
                "text": "makeupaddict",
                "indices": [
                    88,
                    101
                ]
            },
            {
                "text": "lipstick",
                "indices": [
                    102,
                    111
                ]
            },
            {
                "text": "motd",
                "indices": [
                    112,
                    117
                ]
            },
            {
                "text": "makeuplover",
                "indices": [
                    118,
                    130
                ]
            }
        ],
        "symbols": [],
        "user_mentions": [
            {
                "screen_name": "miimedeiros",
                "name": "Mikaella Alves",
                "id": 167459346,
                "id_str": "167459346",
                "indices": [
                    3,
                    15
                ]
            }
        ],
        "urls": []
    },
    "metadata": {
        "iso_language_code": "pt",
        "result_type": "recent"
    },
    "source": "<a href=\"https://www.botlibre.com\" rel=\"nofollow\">Bot Libre!</a>",
    "in_reply_to_status_id": null,
    "in_reply_to_status_id_str": null,
    "in_reply_to_user_id": null,
    "in_reply_to_user_id_str": null,
    "in_reply_to_screen_name": null,
    "user": {
        "id": 1015848273347858434,
        "id_str": "1015848273347858434",
        "name": "Fashion And You",
        "screen_name": "FashionAndYou24",
        "location": "Paris, France",
        "description": "#Fashion is about dressing according to what\u2019s #fashionable. #Style is more about being yourself.",
        "url": "https://t.co/PYdl0oDELh",
        "entities": {
            "url": {
                "urls": [
                    {
                        "url": "https://t.co/PYdl0oDELh",
                        "expanded_url": "https://goo.gl/6ENvhk",
                        "display_url": "goo.gl/6ENvhk",
                        "indices": [
                            0,
                            23
                        ]
                    }
                ]
            },
            "description": {
                "urls": []
            }
        },
        "protected": false,
        "followers_count": 2263,
        "friends_count": 33,
        "listed_count": 31,
        "created_at": "Sun Jul 08 06:41:16 +0000 2018",
        "favourites_count": 6,
        "utc_offset": null,
        "time_zone": null,
        "geo_enabled": false,
        "verified": false,
        "statuses_count": 102564,
        "lang": "en",
        "contributors_enabled": false,
        "is_translator": false,
        "is_translation_enabled": false,
        "profile_background_color": "000000",
        "profile_background_image_url": "http://abs.twimg.com/images/themes/theme1/bg.png",
        "profile_background_image_url_https": "https://abs.twimg.com/images/themes/theme1/bg.png",
        "profile_background_tile": false,
        "profile_image_url": "http://pbs.twimg.com/profile_images/1015853302402015233/-btX2_WL_normal.jpg",
        "profile_image_url_https": "https://pbs.twimg.com/profile_images/1015853302402015233/-btX2_WL_normal.jpg",
        "profile_banner_url": "https://pbs.twimg.com/profile_banners/1015848273347858434/1532189575",
        "profile_link_color": "F58EA8",
        "profile_sidebar_border_color": "000000",
        "profile_sidebar_fill_color": "000000",
        "profile_text_color": "000000",
        "profile_use_background_image": false,
        "has_extended_profile": true,
        "default_profile": false,
        "default_profile_image": false,
        "following": null,
        "follow_request_sent": null,
        "notifications": null,
        "translator_type": "none"
    },
    "geo": null,
    "coordinates": null,
    "place": null,
    "contributors": null,
    "retweeted_status": {
        "created_at": "Thu Mar 14 00:12:07 +0000 2019",
        "id": 1105984919036153858,
        "id_str": "1105984919036153858",
        "text": "Makeupmikaella make social para fotos de formatura \ud83e\udd70 l #makeupmikaella #makeupaddict #lipstick #motd #makeuplover\u2026 https://t.co/39WzkwGxaW",
        "truncated": true,
        "entities": {
            "hashtags": [
                {
                    "text": "makeupmikaella",
                    "indices": [
                        55,
                        70
                    ]
                },
                {
                    "text": "makeupaddict",
                    "indices": [
                        71,
                        84
                    ]
                },
                {
                    "text": "lipstick",
                    "indices": [
                        85,
                        94
                    ]
                },
                {
                    "text": "motd",
                    "indices": [
                        95,
                        100
                    ]
                },
                {
                    "text": "makeuplover",
                    "indices": [
                        101,
                        113
                    ]
                }
            ],
            "symbols": [],
            "user_mentions": [],
            "urls": [
                {
                    "url": "https://t.co/39WzkwGxaW",
                    "expanded_url": "https://twitter.com/i/web/status/1105984919036153858",
                    "display_url": "twitter.com/i/web/status/1\u2026",
                    "indices": [
                        115,
                        138
                    ]
                }
            ]
        },
        "metadata": {
            "iso_language_code": "pt",
            "result_type": "recent"
        },
        "source": "<a href=\"http://twitter.com/download/iphone\" rel=\"nofollow\">Twitter for iPhone</a>",
        "in_reply_to_status_id": null,
        "in_reply_to_status_id_str": null,
        "in_reply_to_user_id": null,
        "in_reply_to_user_id_str": null,
        "in_reply_to_screen_name": null,
        "user": {
            "id": 167459346,
            "id_str": "167459346",
            "name": "Mikaella Alves",
            "screen_name": "miimedeiros",
            "location": "Jo\u00e3o Pessoa, Brasil",
            "description": "Vivendo tudo que h\u00e1 para viver \ud83d\ude0d\u2764\ud83d\udc4f\ud83c\udffb\ud83d\ude48\ud83d\udc8b\ud83d\udc44\ud83c\udf51 Maquiadora profissional @makeupmikaella",
            "url": "https://t.co/Q3nXiQ4KX4",
            "entities": {
                "url": {
                    "urls": [
                        {
                            "url": "https://t.co/Q3nXiQ4KX4",
                            "expanded_url": "https://www.instagram.com/makeupmikaella/?hl=pt-br",
                            "display_url": "instagram.com/makeupmikaella\u2026",
                            "indices": [
                                0,
                                23
                            ]
                        }
                    ]
                },
                "description": {
                    "urls": []
                }
            },
            "protected": false,
            "followers_count": 189,
            "friends_count": 757,
            "listed_count": 5,
            "created_at": "Fri Jul 16 17:03:34 +0000 2010",
            "favourites_count": 533,
            "utc_offset": null,
            "time_zone": null,
            "geo_enabled": false,
            "verified": false,
            "statuses_count": 3426,
            "lang": "pt",
            "contributors_enabled": false,
            "is_translator": false,
            "is_translation_enabled": false,
            "profile_background_color": "781A3A",
            "profile_background_image_url": "http://abs.twimg.com/images/themes/theme17/bg.gif",
            "profile_background_image_url_https": "https://abs.twimg.com/images/themes/theme17/bg.gif",
            "profile_background_tile": true,
            "profile_image_url": "http://pbs.twimg.com/profile_images/1105984215106158593/x-uozK7l_normal.jpg",
            "profile_image_url_https": "https://pbs.twimg.com/profile_images/1105984215106158593/x-uozK7l_normal.jpg",
            "profile_banner_url": "https://pbs.twimg.com/profile_banners/167459346/1538439930",
            "profile_link_color": "E81C4F",
            "profile_sidebar_border_color": "FFFFFF",
            "profile_sidebar_fill_color": "E6F6F9",
            "profile_text_color": "333333",
            "profile_use_background_image": true,
            "has_extended_profile": true,
            "default_profile": false,
            "default_profile_image": false,
            "following": null,
            "follow_request_sent": null,
            "notifications": null,
            "translator_type": "none"
        },
        "geo": null,
        "coordinates": null,
        "place": null,
        "contributors": null,
        "is_quote_status": false,
        "retweet_count": 2,
        "favorite_count": 1,
        "favorited": false,
        "retweeted": false,
        "possibly_sensitive": false,
        "lang": "pt"
    },
    "is_quote_status": false,
    "retweet_count": 2,
    "favorite_count": 0,
    "favorited": false,
    "retweeted": false,
    "lang": "pt"
}