{
    "created_at": "Wed Mar 13 14:51:42 +0000 2019",
    "id": 1105843884473704449,
    "id_str": "1105843884473704449",
    "text": "Cool toned vibes\n\nProducts Used:\n@KissProducts Lashes in \u201c#11\u201d\n@MACcosmetics Lipstick in \u201cMyth\u201d\n@LAColorsusa Highli\u2026 https://t.co/mOQwlBcx8z",
    "truncated": true,
    "entities": {
        "hashtags": [],
        "symbols": [],
        "user_mentions": [
            {
                "screen_name": "KissProducts",
                "name": "Kiss Products",
                "id": 44700469,
                "id_str": "44700469",
                "indices": [
                    33,
                    46
                ]
            },
            {
                "screen_name": "MACcosmetics",
                "name": "MAC Cosmetics",
                "id": 15225275,
                "id_str": "15225275",
                "indices": [
                    63,
                    76
                ]
            },
            {
                "screen_name": "LAColorsusa",
                "name": "L.A. COLORS",
                "id": 140871379,
                "id_str": "140871379",
                "indices": [
                    96,
                    108
                ]
            }
        ],
        "urls": [
            {
                "url": "https://t.co/mOQwlBcx8z",
                "expanded_url": "https://twitter.com/i/web/status/1105843884473704449",
                "display_url": "twitter.com/i/web/status/1\u2026",
                "indices": [
                    117,
                    140
                ]
            }
        ]
    },
    "metadata": {
        "iso_language_code": "en",
        "result_type": "recent"
    },
    "source": "<a href=\"http://twitter.com/download/iphone\" rel=\"nofollow\">Twitter for iPhone</a>",
    "in_reply_to_status_id": null,
    "in_reply_to_status_id_str": null,
    "in_reply_to_user_id": null,
    "in_reply_to_user_id_str": null,
    "in_reply_to_screen_name": null,
    "user": {
        "id": 1063453886575505415,
        "id_str": "1063453886575505415",
        "name": "Lady Glam",
        "screen_name": "ladyglammakeup",
        "location": "Philadelphia, PA",
        "description": "\u201cA makeup lover trying to share my passion with the world\u201d",
        "url": "https://t.co/DMjzaYj8Hh",
        "entities": {
            "url": {
                "urls": [
                    {
                        "url": "https://t.co/DMjzaYj8Hh",
                        "expanded_url": "http://www.youtube.com/ladyglam",
                        "display_url": "youtube.com/ladyglam",
                        "indices": [
                            0,
                            23
                        ]
                    }
                ]
            },
            "description": {
                "urls": []
            }
        },
        "protected": false,
        "followers_count": 54,
        "friends_count": 55,
        "listed_count": 0,
        "created_at": "Fri Nov 16 15:28:59 +0000 2018",
        "favourites_count": 108,
        "utc_offset": null,
        "time_zone": null,
        "geo_enabled": false,
        "verified": false,
        "statuses_count": 51,
        "lang": "en",
        "contributors_enabled": false,
        "is_translator": false,
        "is_translation_enabled": false,
        "profile_background_color": "F5F8FA",
        "profile_background_image_url": null,
        "profile_background_image_url_https": null,
        "profile_background_tile": false,
        "profile_image_url": "http://pbs.twimg.com/profile_images/1063454481558487046/c_GzdCEI_normal.jpg",
        "profile_image_url_https": "https://pbs.twimg.com/profile_images/1063454481558487046/c_GzdCEI_normal.jpg",
        "profile_link_color": "1DA1F2",
        "profile_sidebar_border_color": "C0DEED",
        "profile_sidebar_fill_color": "DDEEF6",
        "profile_text_color": "333333",
        "profile_use_background_image": true,
        "has_extended_profile": true,
        "default_profile": true,
        "default_profile_image": false,
        "following": null,
        "follow_request_sent": null,
        "notifications": null,
        "translator_type": "none"
    },
    "geo": null,
    "coordinates": null,
    "place": null,
    "contributors": null,
    "is_quote_status": false,
    "retweet_count": 0,
    "favorite_count": 3,
    "favorited": false,
    "retweeted": false,
    "possibly_sensitive": false,
    "lang": "en"
}