{
    "created_at": "Wed Mar 13 16:07:02 +0000 2019",
    "id": 1105862843742806016,
    "id_str": "1105862843742806016",
    "text": "\u2728| MAC Cosmetics via Instagram.\n\nA cole\u00e7\u00e3o de #Aladdin para a MAC ser\u00e1 lan\u00e7ada em Maio! \ud83d\ude0d https://t.co/SX9o92cBOY",
    "truncated": false,
    "entities": {
        "hashtags": [
            {
                "text": "Aladdin",
                "indices": [
                    46,
                    54
                ]
            }
        ],
        "symbols": [],
        "user_mentions": [],
        "urls": [],
        "media": [
            {
                "id": 1105862834561474560,
                "id_str": "1105862834561474560",
                "indices": [
                    90,
                    113
                ],
                "media_url": "http://pbs.twimg.com/media/D1jQY5BX4AAa2sN.jpg",
                "media_url_https": "https://pbs.twimg.com/media/D1jQY5BX4AAa2sN.jpg",
                "url": "https://t.co/SX9o92cBOY",
                "display_url": "pic.twitter.com/SX9o92cBOY",
                "expanded_url": "https://twitter.com/NScottBr/status/1105862843742806016/photo/1",
                "type": "photo",
                "sizes": {
                    "thumb": {
                        "w": 150,
                        "h": 150,
                        "resize": "crop"
                    },
                    "large": {
                        "w": 1080,
                        "h": 1080,
                        "resize": "fit"
                    },
                    "small": {
                        "w": 680,
                        "h": 680,
                        "resize": "fit"
                    },
                    "medium": {
                        "w": 1080,
                        "h": 1080,
                        "resize": "fit"
                    }
                }
            }
        ]
    },
    "extended_entities": {
        "media": [
            {
                "id": 1105862834561474560,
                "id_str": "1105862834561474560",
                "indices": [
                    90,
                    113
                ],
                "media_url": "http://pbs.twimg.com/media/D1jQY5BX4AAa2sN.jpg",
                "media_url_https": "https://pbs.twimg.com/media/D1jQY5BX4AAa2sN.jpg",
                "url": "https://t.co/SX9o92cBOY",
                "display_url": "pic.twitter.com/SX9o92cBOY",
                "expanded_url": "https://twitter.com/NScottBr/status/1105862843742806016/photo/1",
                "type": "photo",
                "sizes": {
                    "thumb": {
                        "w": 150,
                        "h": 150,
                        "resize": "crop"
                    },
                    "large": {
                        "w": 1080,
                        "h": 1080,
                        "resize": "fit"
                    },
                    "small": {
                        "w": 680,
                        "h": 680,
                        "resize": "fit"
                    },
                    "medium": {
                        "w": 1080,
                        "h": 1080,
                        "resize": "fit"
                    }
                }
            }
        ]
    },
    "metadata": {
        "iso_language_code": "pt",
        "result_type": "recent"
    },
    "source": "<a href=\"http://twitter.com/download/iphone\" rel=\"nofollow\">Twitter for iPhone</a>",
    "in_reply_to_status_id": null,
    "in_reply_to_status_id_str": null,
    "in_reply_to_user_id": null,
    "in_reply_to_user_id_str": null,
    "in_reply_to_screen_name": null,
    "user": {
        "id": 144613900,
        "id_str": "144613900",
        "name": "Naomi Scott Brasil",
        "screen_name": "NScottBr",
        "location": "contatonscottbr@gmail.com",
        "description": "Sua melhor fonte de not\u00edcias sobre a atriz e cantora Naomi Scott (@NaomiScott) no Brasil | \ud83d\udcf8: @NSBRMidia",
        "url": "http://naomiscott.com.br",
        "entities": {
            "url": {
                "urls": [
                    {
                        "url": "http://naomiscott.com.br",
                        "expanded_url": null,
                        "indices": [
                            0,
                            24
                        ]
                    }
                ]
            },
            "description": {
                "urls": []
            }
        },
        "protected": false,
        "followers_count": 584,
        "friends_count": 86,
        "listed_count": 2,
        "created_at": "Sun May 16 20:37:06 +0000 2010",
        "favourites_count": 25,
        "utc_offset": null,
        "time_zone": null,
        "geo_enabled": false,
        "verified": false,
        "statuses_count": 2344,
        "lang": "pt",
        "contributors_enabled": false,
        "is_translator": false,
        "is_translation_enabled": false,
        "profile_background_color": "FFFFFF",
        "profile_background_image_url": "http://abs.twimg.com/images/themes/theme1/bg.png",
        "profile_background_image_url_https": "https://abs.twimg.com/images/themes/theme1/bg.png",
        "profile_background_tile": false,
        "profile_image_url": "http://pbs.twimg.com/profile_images/1103728066730385409/ZEpQC7J1_normal.png",
        "profile_image_url_https": "https://pbs.twimg.com/profile_images/1103728066730385409/ZEpQC7J1_normal.png",
        "profile_banner_url": "https://pbs.twimg.com/profile_banners/144613900/1551984238",
        "profile_link_color": "C96C77",
        "profile_sidebar_border_color": "BDDCAD",
        "profile_sidebar_fill_color": "DDFFCD",
        "profile_text_color": "333333",
        "profile_use_background_image": true,
        "has_extended_profile": true,
        "default_profile": false,
        "default_profile_image": false,
        "following": null,
        "follow_request_sent": null,
        "notifications": null,
        "translator_type": "none"
    },
    "geo": null,
    "coordinates": null,
    "place": null,
    "contributors": null,
    "is_quote_status": false,
    "retweet_count": 3,
    "favorite_count": 20,
    "favorited": false,
    "retweeted": false,
    "possibly_sensitive": false,
    "lang": "pt"
}