{
    "created_at": "Wed Mar 13 14:20:01 +0000 2019",
    "id": 1105835910350946304,
    "id_str": "1105835910350946304",
    "text": ".@MACcosmetics and @BenefitBeauty are partnering with Planned Parenthood: https://t.co/91G4juWAyk @PPFA https://t.co/ggr7fcRCWx",
    "truncated": false,
    "entities": {
        "hashtags": [],
        "symbols": [],
        "user_mentions": [
            {
                "screen_name": "MACcosmetics",
                "name": "MAC Cosmetics",
                "id": 15225275,
                "id_str": "15225275",
                "indices": [
                    1,
                    14
                ]
            },
            {
                "screen_name": "BenefitBeauty",
                "name": "Benefit Cosmetics US",
                "id": 18220767,
                "id_str": "18220767",
                "indices": [
                    19,
                    33
                ]
            },
            {
                "screen_name": "PPFA",
                "name": "Planned Parenthood",
                "id": 402957663,
                "id_str": "402957663",
                "indices": [
                    98,
                    103
                ]
            }
        ],
        "urls": [
            {
                "url": "https://t.co/91G4juWAyk",
                "expanded_url": "http://on.forbes.com/6018EX580",
                "display_url": "on.forbes.com/6018EX580",
                "indices": [
                    74,
                    97
                ]
            }
        ],
        "media": [
            {
                "id": 1105835908656521216,
                "id_str": "1105835908656521216",
                "indices": [
                    104,
                    127
                ],
                "media_url": "http://pbs.twimg.com/media/D1i35mNX4AAr-36.jpg",
                "media_url_https": "https://pbs.twimg.com/media/D1i35mNX4AAr-36.jpg",
                "url": "https://t.co/ggr7fcRCWx",
                "display_url": "pic.twitter.com/ggr7fcRCWx",
                "expanded_url": "https://twitter.com/ForbesLife/status/1105835910350946304/photo/1",
                "type": "photo",
                "sizes": {
                    "thumb": {
                        "w": 150,
                        "h": 150,
                        "resize": "crop"
                    },
                    "small": {
                        "w": 680,
                        "h": 454,
                        "resize": "fit"
                    },
                    "large": {
                        "w": 960,
                        "h": 641,
                        "resize": "fit"
                    },
                    "medium": {
                        "w": 960,
                        "h": 641,
                        "resize": "fit"
                    }
                }
            }
        ]
    },
    "extended_entities": {
        "media": [
            {
                "id": 1105835908656521216,
                "id_str": "1105835908656521216",
                "indices": [
                    104,
                    127
                ],
                "media_url": "http://pbs.twimg.com/media/D1i35mNX4AAr-36.jpg",
                "media_url_https": "https://pbs.twimg.com/media/D1i35mNX4AAr-36.jpg",
                "url": "https://t.co/ggr7fcRCWx",
                "display_url": "pic.twitter.com/ggr7fcRCWx",
                "expanded_url": "https://twitter.com/ForbesLife/status/1105835910350946304/photo/1",
                "type": "photo",
                "sizes": {
                    "thumb": {
                        "w": 150,
                        "h": 150,
                        "resize": "crop"
                    },
                    "small": {
                        "w": 680,
                        "h": 454,
                        "resize": "fit"
                    },
                    "large": {
                        "w": 960,
                        "h": 641,
                        "resize": "fit"
                    },
                    "medium": {
                        "w": 960,
                        "h": 641,
                        "resize": "fit"
                    }
                }
            }
        ]
    },
    "metadata": {
        "iso_language_code": "en",
        "result_type": "recent"
    },
    "source": "<a href=\"https://www.sprinklr.com\" rel=\"nofollow\">Sprinklr</a>",
    "in_reply_to_status_id": null,
    "in_reply_to_status_id_str": null,
    "in_reply_to_user_id": null,
    "in_reply_to_user_id_str": null,
    "in_reply_to_screen_name": null,
    "user": {
        "id": 40302362,
        "id_str": "40302362",
        "name": "ForbesLife",
        "screen_name": "ForbesLife",
        "location": "New York ",
        "description": "The definitive destination for the finest fashion, \r\ntravel, homes, art, dining\u2014and life's other indulgences.",
        "url": "http://t.co/J8KJGJVF7O",
        "entities": {
            "url": {
                "urls": [
                    {
                        "url": "http://t.co/J8KJGJVF7O",
                        "expanded_url": "http://forbeslife.com",
                        "display_url": "forbeslife.com",
                        "indices": [
                            0,
                            22
                        ]
                    }
                ]
            },
            "description": {
                "urls": []
            }
        },
        "protected": false,
        "followers_count": 116069,
        "friends_count": 3106,
        "listed_count": 2167,
        "created_at": "Fri May 15 18:37:44 +0000 2009",
        "favourites_count": 288,
        "utc_offset": null,
        "time_zone": null,
        "geo_enabled": true,
        "verified": true,
        "statuses_count": 86752,
        "lang": "en",
        "contributors_enabled": false,
        "is_translator": false,
        "is_translation_enabled": false,
        "profile_background_color": "444444",
        "profile_background_image_url": "http://abs.twimg.com/images/themes/theme1/bg.png",
        "profile_background_image_url_https": "https://abs.twimg.com/images/themes/theme1/bg.png",
        "profile_background_tile": false,
        "profile_image_url": "http://pbs.twimg.com/profile_images/480088013548957696/gK6G9t1z_normal.jpeg",
        "profile_image_url_https": "https://pbs.twimg.com/profile_images/480088013548957696/gK6G9t1z_normal.jpeg",
        "profile_banner_url": "https://pbs.twimg.com/profile_banners/40302362/1497283967",
        "profile_link_color": "0F2D5F",
        "profile_sidebar_border_color": "000000",
        "profile_sidebar_fill_color": "F7F7F7",
        "profile_text_color": "000000",
        "profile_use_background_image": true,
        "has_extended_profile": false,
        "default_profile": false,
        "default_profile_image": false,
        "following": null,
        "follow_request_sent": null,
        "notifications": null,
        "translator_type": "none"
    },
    "geo": null,
    "coordinates": null,
    "place": null,
    "contributors": null,
    "is_quote_status": false,
    "retweet_count": 3,
    "favorite_count": 3,
    "favorited": false,
    "retweeted": false,
    "possibly_sensitive": false,
    "lang": "en"
}