{
    "created_at": "Wed Mar 13 16:04:35 +0000 2019",
    "id": 1105862227075174400,
    "id_str": "1105862227075174400",
    "text": "RT @hellenii: ATEN\u00c7\u00c3O listinha de marcas de cosm\u00e9ticos\n\n\u274c BOICOTE as que testam em animais:\n- avon\n- loreal\n- mac\n- mary kay\n- P&amp;G\n- revlon\u2026",
    "truncated": false,
    "entities": {
        "hashtags": [],
        "symbols": [],
        "user_mentions": [
            {
                "screen_name": "hellenii",
                "name": "talk to my hand",
                "id": 51179182,
                "id_str": "51179182",
                "indices": [
                    3,
                    12
                ]
            }
        ],
        "urls": []
    },
    "metadata": {
        "iso_language_code": "pt",
        "result_type": "recent"
    },
    "source": "<a href=\"http://twitter.com/download/android\" rel=\"nofollow\">Twitter for Android</a>",
    "in_reply_to_status_id": null,
    "in_reply_to_status_id_str": null,
    "in_reply_to_user_id": null,
    "in_reply_to_user_id_str": null,
    "in_reply_to_screen_name": null,
    "user": {
        "id": 1095847281725751296,
        "id_str": "1095847281725751296",
        "name": "G\ud83d\udd3aB",
        "screen_name": "eugabscvt",
        "location": "S\u00e3o Paulo, Brasil",
        "description": "Preserve seu ser\u2728 -\nLove above all else \ud83c\udff3\ufe0f\u200d\ud83c\udf08\nBailarino\ud83d\udd7a\ud83c\udfff #maledancer #balletboy",
        "url": "https://t.co/UkBwa0vT1H",
        "entities": {
            "url": {
                "urls": [
                    {
                        "url": "https://t.co/UkBwa0vT1H",
                        "expanded_url": "http://www.instagram.com/gabscvt_",
                        "display_url": "instagram.com/gabscvt_",
                        "indices": [
                            0,
                            23
                        ]
                    }
                ]
            },
            "description": {
                "urls": []
            }
        },
        "protected": false,
        "followers_count": 252,
        "friends_count": 289,
        "listed_count": 0,
        "created_at": "Thu Feb 14 00:48:46 +0000 2019",
        "favourites_count": 450,
        "utc_offset": null,
        "time_zone": null,
        "geo_enabled": false,
        "verified": false,
        "statuses_count": 620,
        "lang": "pt",
        "contributors_enabled": false,
        "is_translator": false,
        "is_translation_enabled": false,
        "profile_background_color": "F5F8FA",
        "profile_background_image_url": null,
        "profile_background_image_url_https": null,
        "profile_background_tile": false,
        "profile_image_url": "http://pbs.twimg.com/profile_images/1104789542199050241/qkiwQoHE_normal.jpg",
        "profile_image_url_https": "https://pbs.twimg.com/profile_images/1104789542199050241/qkiwQoHE_normal.jpg",
        "profile_banner_url": "https://pbs.twimg.com/profile_banners/1095847281725751296/1551204034",
        "profile_link_color": "1DA1F2",
        "profile_sidebar_border_color": "C0DEED",
        "profile_sidebar_fill_color": "DDEEF6",
        "profile_text_color": "333333",
        "profile_use_background_image": true,
        "has_extended_profile": true,
        "default_profile": true,
        "default_profile_image": false,
        "following": null,
        "follow_request_sent": null,
        "notifications": null,
        "translator_type": "none"
    },
    "geo": null,
    "coordinates": null,
    "place": null,
    "contributors": null,
    "retweeted_status": {
        "created_at": "Wed Mar 13 01:05:52 +0000 2019",
        "id": 1105636057519927296,
        "id_str": "1105636057519927296",
        "text": "ATEN\u00c7\u00c3O listinha de marcas de cosm\u00e9ticos\n\n\u274c BOICOTE as que testam em animais:\n- avon\n- loreal\n- mac\n- mary kay\n- P&amp;\u2026 https://t.co/oDE3BNnwaw",
        "truncated": true,
        "entities": {
            "hashtags": [],
            "symbols": [],
            "user_mentions": [],
            "urls": [
                {
                    "url": "https://t.co/oDE3BNnwaw",
                    "expanded_url": "https://twitter.com/i/web/status/1105636057519927296",
                    "display_url": "twitter.com/i/web/status/1\u2026",
                    "indices": [
                        121,
                        144
                    ]
                }
            ]
        },
        "metadata": {
            "iso_language_code": "pt",
            "result_type": "recent"
        },
        "source": "<a href=\"http://twitter.com\" rel=\"nofollow\">Twitter Web Client</a>",
        "in_reply_to_status_id": null,
        "in_reply_to_status_id_str": null,
        "in_reply_to_user_id": null,
        "in_reply_to_user_id_str": null,
        "in_reply_to_screen_name": null,
        "user": {
            "id": 51179182,
            "id_str": "51179182",
            "name": "talk to my hand",
            "screen_name": "hellenii",
            "location": "",
            "description": "a primeira vista pare\u00e7o chata, mas depois piora",
            "url": null,
            "entities": {
                "description": {
                    "urls": []
                }
            },
            "protected": false,
            "followers_count": 12693,
            "friends_count": 12525,
            "listed_count": 1300,
            "created_at": "Fri Jun 26 18:59:21 +0000 2009",
            "favourites_count": 9133,
            "utc_offset": null,
            "time_zone": null,
            "geo_enabled": false,
            "verified": false,
            "statuses_count": 24900,
            "lang": "en",
            "contributors_enabled": false,
            "is_translator": false,
            "is_translation_enabled": false,
            "profile_background_color": "FFFFFF",
            "profile_background_image_url": "http://abs.twimg.com/images/themes/theme14/bg.gif",
            "profile_background_image_url_https": "https://abs.twimg.com/images/themes/theme14/bg.gif",
            "profile_background_tile": false,
            "profile_image_url": "http://pbs.twimg.com/profile_images/1809249346/Hellen___281_normal.jpg",
            "profile_image_url_https": "https://pbs.twimg.com/profile_images/1809249346/Hellen___281_normal.jpg",
            "profile_banner_url": "https://pbs.twimg.com/profile_banners/51179182/1542669113",
            "profile_link_color": "C4C4C4",
            "profile_sidebar_border_color": "FFFFFF",
            "profile_sidebar_fill_color": "FFFFFF",
            "profile_text_color": "7E95C2",
            "profile_use_background_image": false,
            "has_extended_profile": false,
            "default_profile": false,
            "default_profile_image": false,
            "following": null,
            "follow_request_sent": null,
            "notifications": null,
            "translator_type": "none"
        },
        "geo": null,
        "coordinates": null,
        "place": null,
        "contributors": null,
        "is_quote_status": false,
        "retweet_count": 6,
        "favorite_count": 14,
        "favorited": false,
        "retweeted": false,
        "lang": "pt"
    },
    "is_quote_status": false,
    "retweet_count": 6,
    "favorite_count": 0,
    "favorited": false,
    "retweeted": false,
    "lang": "pt"
}