{
    "created_at": "Wed Mar 13 11:03:35 +0000 2019",
    "id": 1105786479765118976,
    "id_str": "1105786479765118976",
    "text": "RT @KMakeup_JoyFull: \u30ea\u30c8\u30eb\u30de\u30c3\u30af\u306a\u3089 \u97d3\u56fd\u30a2\u30a4\u30c9\u30eb\ud83d\udc84\u3067\n\u6709\u540d\u306a\u300c\u30c1\u30ea\u300d\u30821400\u5186\u3067\u8cb7\u3048\u308b\u306e\u3067\n\u8997\u3044\u3066\u307f\u3066\u304f\u3060\u3055\u3044\uff01\u2728\n\n\u30d4\u30f3\u30af\u306e\u30b9\u30c8\u30ed\u30dc\u30af\u30ea\u30fc\u30e0\u306f\u30a2\u30a4\u30c9\u30eb\u307f\u305f\u3044\u306b\u30c4\u30e4\u30c4\u30e4\u306a\u304a\u808c\u306b\u3057\u3066\u304f\u308c\u308b\u3057\n\u30d5\u30a3\u30c3\u30af\u30b9\u30b9\u30d7\u30ec\u30fc\u3082\u30ab\u30d0\u30f3\u306b\u5165\u308b\u30b5\u30a4\u30ba\u3067\u6301\u3061\u904b\u3073\u306b\u4fbf\u5229\ud83d\ude4c\n\u3053\u306e\u2026",
    "truncated": false,
    "entities": {
        "hashtags": [],
        "symbols": [],
        "user_mentions": [
            {
                "screen_name": "KMakeup_JoyFull",
                "name": "\ucf54\ub355\u306e\u3048\u307f\u308a\ud83c\uddf0\ud83c\uddf7",
                "id": 1080523730382598144,
                "id_str": "1080523730382598144",
                "indices": [
                    3,
                    19
                ]
            }
        ],
        "urls": []
    },
    "metadata": {
        "iso_language_code": "ja",
        "result_type": "recent"
    },
    "source": "<a href=\"http://twitter.com/download/iphone\" rel=\"nofollow\">Twitter for iPhone</a>",
    "in_reply_to_status_id": null,
    "in_reply_to_status_id_str": null,
    "in_reply_to_user_id": null,
    "in_reply_to_user_id_str": null,
    "in_reply_to_screen_name": null,
    "user": {
        "id": 978218142521466880,
        "id_str": "978218142521466880",
        "name": "\u30cd\u30b3\u3061\u3083\u3093",
        "screen_name": "Q74Ym",
        "location": "",
        "description": "",
        "url": null,
        "entities": {
            "description": {
                "urls": []
            }
        },
        "protected": false,
        "followers_count": 13,
        "friends_count": 192,
        "listed_count": 0,
        "created_at": "Mon Mar 26 10:32:34 +0000 2018",
        "favourites_count": 176,
        "utc_offset": null,
        "time_zone": null,
        "geo_enabled": false,
        "verified": false,
        "statuses_count": 2177,
        "lang": "ja",
        "contributors_enabled": false,
        "is_translator": false,
        "is_translation_enabled": false,
        "profile_background_color": "F5F8FA",
        "profile_background_image_url": null,
        "profile_background_image_url_https": null,
        "profile_background_tile": false,
        "profile_image_url": "http://pbs.twimg.com/profile_images/987283975751196672/-tx8McVh_normal.jpg",
        "profile_image_url_https": "https://pbs.twimg.com/profile_images/987283975751196672/-tx8McVh_normal.jpg",
        "profile_banner_url": "https://pbs.twimg.com/profile_banners/978218142521466880/1524221832",
        "profile_link_color": "1DA1F2",
        "profile_sidebar_border_color": "C0DEED",
        "profile_sidebar_fill_color": "DDEEF6",
        "profile_text_color": "333333",
        "profile_use_background_image": true,
        "has_extended_profile": false,
        "default_profile": true,
        "default_profile_image": false,
        "following": null,
        "follow_request_sent": null,
        "notifications": null,
        "translator_type": "none"
    },
    "geo": null,
    "coordinates": null,
    "place": null,
    "contributors": null,
    "retweeted_status": {
        "created_at": "Tue Mar 12 12:16:19 +0000 2019",
        "id": 1105442394105831425,
        "id_str": "1105442394105831425",
        "text": "\u30ea\u30c8\u30eb\u30de\u30c3\u30af\u306a\u3089 \u97d3\u56fd\u30a2\u30a4\u30c9\u30eb\ud83d\udc84\u3067\n\u6709\u540d\u306a\u300c\u30c1\u30ea\u300d\u30821400\u5186\u3067\u8cb7\u3048\u308b\u306e\u3067\n\u8997\u3044\u3066\u307f\u3066\u304f\u3060\u3055\u3044\uff01\u2728\n\n\u30d4\u30f3\u30af\u306e\u30b9\u30c8\u30ed\u30dc\u30af\u30ea\u30fc\u30e0\u306f\u30a2\u30a4\u30c9\u30eb\u307f\u305f\u3044\u306b\u30c4\u30e4\u30c4\u30e4\u306a\u304a\u808c\u306b\u3057\u3066\u304f\u308c\u308b\u3057\n\u30d5\u30a3\u30c3\u30af\u30b9\u30b9\u30d7\u30ec\u30fc\u3082\u30ab\u30d0\u30f3\u306b\u5165\u308b\u30b5\u30a4\u30ba\u3067\u6301\u3061\u904b\u3073\u306b\u4fbf\u5229\ud83d\ude4c\u2026 https://t.co/gzxI1ouZ5I",
        "truncated": true,
        "entities": {
            "hashtags": [],
            "symbols": [],
            "user_mentions": [],
            "urls": [
                {
                    "url": "https://t.co/gzxI1ouZ5I",
                    "expanded_url": "https://twitter.com/i/web/status/1105442394105831425",
                    "display_url": "twitter.com/i/web/status/1\u2026",
                    "indices": [
                        117,
                        140
                    ]
                }
            ]
        },
        "metadata": {
            "iso_language_code": "ja",
            "result_type": "recent"
        },
        "source": "<a href=\"http://twitter.com/download/iphone\" rel=\"nofollow\">Twitter for iPhone</a>",
        "in_reply_to_status_id": null,
        "in_reply_to_status_id_str": null,
        "in_reply_to_user_id": null,
        "in_reply_to_user_id_str": null,
        "in_reply_to_screen_name": null,
        "user": {
            "id": 1080523730382598144,
            "id_str": "1080523730382598144",
            "name": "\ucf54\ub355\u306e\u3048\u307f\u308a\ud83c\uddf0\ud83c\uddf7",
            "screen_name": "KMakeup_JoyFull",
            "location": "Tokyo",
            "description": "KPOP\u30a2\u30a4\u30c9\u30eb\u00d7\u30e1\u30a4\u30af\u306e\u3042\u308c\u3053\u308c/\u81ea\u5df1\u30d7\u30ed\u30c7\u30e5\u30fc\u30b9\u3067\u30e8\u30b8\u30e3\u30c9\u30eb\u3092\u6975\u3081\u308b\ud83d\udc84/\u30ad\u30e9\u30ad\u30e9\u3068\u30b0\u30ea\u30c3\u30bf\u30fc\u30a2\u30a4\u30b7\u30e3\u30c9\u30a6\u304c\u5927\u597d\u304d\u2728/\u30a2\u30a4\u30c9\u30eb\u306e\u30e1\u30a4\u30af\u30ea\u30b9\u30a8\u30b9\u30c8\u306fDM\u306b\uff0f\u30b3\u30b9\u30e1\u306e\u8cea\u554f.\u76f8\u8ac7\u306a\u3069\u306f\u30a4\u30f3\u30b9\u30bf\u306b",
            "url": "https://t.co/sveKV7CgAd",
            "entities": {
                "url": {
                    "urls": [
                        {
                            "url": "https://t.co/sveKV7CgAd",
                            "expanded_url": "https://www.instagram.com/emilycha_n",
                            "display_url": "instagram.com/emilycha_n",
                            "indices": [
                                0,
                                23
                            ]
                        }
                    ]
                },
                "description": {
                    "urls": []
                }
            },
            "protected": false,
            "followers_count": 8486,
            "friends_count": 11,
            "listed_count": 26,
            "created_at": "Wed Jan 02 17:58:27 +0000 2019",
            "favourites_count": 227,
            "utc_offset": null,
            "time_zone": null,
            "geo_enabled": false,
            "verified": false,
            "statuses_count": 239,
            "lang": "ja",
            "contributors_enabled": false,
            "is_translator": false,
            "is_translation_enabled": false,
            "profile_background_color": "F5F8FA",
            "profile_background_image_url": null,
            "profile_background_image_url_https": null,
            "profile_background_tile": false,
            "profile_image_url": "http://pbs.twimg.com/profile_images/1081148356817149953/GN3DiVoH_normal.jpg",
            "profile_image_url_https": "https://pbs.twimg.com/profile_images/1081148356817149953/GN3DiVoH_normal.jpg",
            "profile_banner_url": "https://pbs.twimg.com/profile_banners/1080523730382598144/1551110666",
            "profile_link_color": "1DA1F2",
            "profile_sidebar_border_color": "C0DEED",
            "profile_sidebar_fill_color": "DDEEF6",
            "profile_text_color": "333333",
            "profile_use_background_image": true,
            "has_extended_profile": false,
            "default_profile": true,
            "default_profile_image": false,
            "following": null,
            "follow_request_sent": null,
            "notifications": null,
            "translator_type": "none"
        },
        "geo": null,
        "coordinates": null,
        "place": null,
        "contributors": null,
        "is_quote_status": false,
        "retweet_count": 78,
        "favorite_count": 528,
        "favorited": false,
        "retweeted": false,
        "possibly_sensitive": false,
        "lang": "ja"
    },
    "is_quote_status": false,
    "retweet_count": 78,
    "favorite_count": 0,
    "favorited": false,
    "retweeted": false,
    "lang": "ja"
}