{
    "created_at": "Wed Mar 13 17:08:14 +0000 2019",
    "id": 1105878243578703872,
    "id_str": "1105878243578703872",
    "text": "Over 4.2 Million people can't wait for vlogger christendtweets' MACcosmetics X Nordstrom collab  https://t.co/0xS9xw5nk5",
    "truncated": false,
    "entities": {
        "hashtags": [],
        "symbols": [],
        "user_mentions": [],
        "urls": [
            {
                "url": "https://t.co/0xS9xw5nk5",
                "expanded_url": "https://www.popsugar.com/beauty/MAC-Christen-Dominique-Nordstrom-Launch-45875166?utm_medium=twitter&utm_source=post&utm_campaign=beauty",
                "display_url": "popsugar.com/beauty/MAC-Chr\u2026",
                "indices": [
                    97,
                    120
                ]
            }
        ]
    },
    "metadata": {
        "iso_language_code": "en",
        "result_type": "recent"
    },
    "source": "<a href=\"https://ifttt.com\" rel=\"nofollow\">IFTTT</a>",
    "in_reply_to_status_id": null,
    "in_reply_to_status_id_str": null,
    "in_reply_to_user_id": null,
    "in_reply_to_user_id_str": null,
    "in_reply_to_screen_name": null,
    "user": {
        "id": 4861430786,
        "id_str": "4861430786",
        "name": "Makeup By Montha",
        "screen_name": "makeupbymontha",
        "location": "Houston, TX",
        "description": "makeupbymontha@gmail.com\u2800\u2800\u2800\u2800\u2800 Facebook: https://t.co/Jc8C02vpsC Instagram: https://t.co/0lDbI4Pcut DYF Certified",
        "url": "https://t.co/ZtYW0eOcdn",
        "entities": {
            "url": {
                "urls": [
                    {
                        "url": "https://t.co/ZtYW0eOcdn",
                        "expanded_url": "http://www.makeupbymontha.com",
                        "display_url": "makeupbymontha.com",
                        "indices": [
                            0,
                            23
                        ]
                    }
                ]
            },
            "description": {
                "urls": [
                    {
                        "url": "https://t.co/Jc8C02vpsC",
                        "expanded_url": "http://facebook.com/MakeupByMontha",
                        "display_url": "facebook.com/MakeupByMontha",
                        "indices": [
                            40,
                            63
                        ]
                    },
                    {
                        "url": "https://t.co/0lDbI4Pcut",
                        "expanded_url": "http://Instagram.com/makeupbymontha",
                        "display_url": "Instagram.com/makeupbymontha",
                        "indices": [
                            75,
                            98
                        ]
                    }
                ]
            }
        },
        "protected": false,
        "followers_count": 485,
        "friends_count": 249,
        "listed_count": 44,
        "created_at": "Thu Feb 04 23:48:31 +0000 2016",
        "favourites_count": 169,
        "utc_offset": null,
        "time_zone": null,
        "geo_enabled": false,
        "verified": false,
        "statuses_count": 49774,
        "lang": "en",
        "contributors_enabled": false,
        "is_translator": false,
        "is_translation_enabled": false,
        "profile_background_color": "000000",
        "profile_background_image_url": "http://abs.twimg.com/images/themes/theme1/bg.png",
        "profile_background_image_url_https": "https://abs.twimg.com/images/themes/theme1/bg.png",
        "profile_background_tile": false,
        "profile_image_url": "http://pbs.twimg.com/profile_images/695394902662782976/9OAUDeGY_normal.jpg",
        "profile_image_url_https": "https://pbs.twimg.com/profile_images/695394902662782976/9OAUDeGY_normal.jpg",
        "profile_banner_url": "https://pbs.twimg.com/profile_banners/4861430786/1454630905",
        "profile_link_color": "D4AC0D",
        "profile_sidebar_border_color": "000000",
        "profile_sidebar_fill_color": "000000",
        "profile_text_color": "000000",
        "profile_use_background_image": false,
        "has_extended_profile": false,
        "default_profile": false,
        "default_profile_image": false,
        "following": null,
        "follow_request_sent": null,
        "notifications": null,
        "translator_type": "none"
    },
    "geo": null,
    "coordinates": null,
    "place": null,
    "contributors": null,
    "is_quote_status": false,
    "retweet_count": 0,
    "favorite_count": 0,
    "favorited": false,
    "retweeted": false,
    "possibly_sensitive": false,
    "lang": "en"
}