{
    "created_at": "Wed Mar 13 19:20:16 +0000 2019",
    "id": 1105911470561419264,
    "id_str": "1105911470561419264",
    "text": "READ \ud83d\udcf1 about why? #MACcosmetics apologies to Taiwan @globalcosmetics https://t.co/dOHdl2fsSA \n\n#business #strategy\u2026 https://t.co/tyywPDM12x",
    "truncated": true,
    "entities": {
        "hashtags": [
            {
                "text": "MACcosmetics",
                "indices": [
                    18,
                    31
                ]
            },
            {
                "text": "business",
                "indices": [
                    95,
                    104
                ]
            },
            {
                "text": "strategy",
                "indices": [
                    105,
                    114
                ]
            }
        ],
        "symbols": [],
        "user_mentions": [
            {
                "screen_name": "globalcosmetics",
                "name": "Global Cosmetics News",
                "id": 2842633012,
                "id_str": "2842633012",
                "indices": [
                    52,
                    68
                ]
            }
        ],
        "urls": [
            {
                "url": "https://t.co/dOHdl2fsSA",
                "expanded_url": "http://bit.ly/2u7VFjC",
                "display_url": "bit.ly/2u7VFjC",
                "indices": [
                    69,
                    92
                ]
            },
            {
                "url": "https://t.co/tyywPDM12x",
                "expanded_url": "https://twitter.com/i/web/status/1105911470561419264",
                "display_url": "twitter.com/i/web/status/1\u2026",
                "indices": [
                    116,
                    139
                ]
            }
        ]
    },
    "metadata": {
        "iso_language_code": "en",
        "result_type": "recent"
    },
    "source": "<a href=\"http://twitter.com\" rel=\"nofollow\">Twitter Web Client</a>",
    "in_reply_to_status_id": null,
    "in_reply_to_status_id_str": null,
    "in_reply_to_user_id": null,
    "in_reply_to_user_id_str": null,
    "in_reply_to_screen_name": null,
    "user": {
        "id": 2842633012,
        "id_str": "2842633012",
        "name": "Global Cosmetics News",
        "screen_name": "globalcosmetics",
        "location": "Global",
        "description": "daily news -  global cosmetics industry",
        "url": "https://t.co/A9QhdpUqcX",
        "entities": {
            "url": {
                "urls": [
                    {
                        "url": "https://t.co/A9QhdpUqcX",
                        "expanded_url": "https://globalcosmeticsnews.com/",
                        "display_url": "globalcosmeticsnews.com",
                        "indices": [
                            0,
                            23
                        ]
                    }
                ]
            },
            "description": {
                "urls": []
            }
        },
        "protected": false,
        "followers_count": 1421,
        "friends_count": 1801,
        "listed_count": 177,
        "created_at": "Fri Oct 24 14:25:10 +0000 2014",
        "favourites_count": 1730,
        "utc_offset": null,
        "time_zone": null,
        "geo_enabled": false,
        "verified": false,
        "statuses_count": 25118,
        "lang": "en",
        "contributors_enabled": false,
        "is_translator": false,
        "is_translation_enabled": false,
        "profile_background_color": "C0DEED",
        "profile_background_image_url": "http://abs.twimg.com/images/themes/theme1/bg.png",
        "profile_background_image_url_https": "https://abs.twimg.com/images/themes/theme1/bg.png",
        "profile_background_tile": false,
        "profile_image_url": "http://pbs.twimg.com/profile_images/638326950549921792/kZR6Y8vw_normal.jpg",
        "profile_image_url_https": "https://pbs.twimg.com/profile_images/638326950549921792/kZR6Y8vw_normal.jpg",
        "profile_banner_url": "https://pbs.twimg.com/profile_banners/2842633012/1424190743",
        "profile_link_color": "1DA1F2",
        "profile_sidebar_border_color": "C0DEED",
        "profile_sidebar_fill_color": "DDEEF6",
        "profile_text_color": "333333",
        "profile_use_background_image": true,
        "has_extended_profile": false,
        "default_profile": true,
        "default_profile_image": false,
        "following": null,
        "follow_request_sent": null,
        "notifications": null,
        "translator_type": "none"
    },
    "geo": null,
    "coordinates": null,
    "place": null,
    "contributors": null,
    "is_quote_status": false,
    "retweet_count": 0,
    "favorite_count": 0,
    "favorited": false,
    "retweeted": false,
    "possibly_sensitive": false,
    "lang": "en"
}