{
    "created_at": "Wed Mar 13 22:10:11 +0000 2019",
    "id": 1105954231218069504,
    "id_str": "1105954231218069504",
    "text": "RT @marjoriesba: Mac and Benefit Cosmetics stand for #1 abortion provider Planned Parenthood. Vote FOR beauty and against them at the cosme\u2026",
    "truncated": false,
    "entities": {
        "hashtags": [],
        "symbols": [],
        "user_mentions": [
            {
                "screen_name": "marjoriesba",
                "name": "MarjorieDannenfelser",
                "id": 522526229,
                "id_str": "522526229",
                "indices": [
                    3,
                    15
                ]
            }
        ],
        "urls": []
    },
    "metadata": {
        "iso_language_code": "en",
        "result_type": "recent"
    },
    "source": "<a href=\"http://twitter.com/download/iphone\" rel=\"nofollow\">Twitter for iPhone</a>",
    "in_reply_to_status_id": null,
    "in_reply_to_status_id_str": null,
    "in_reply_to_user_id": null,
    "in_reply_to_user_id_str": null,
    "in_reply_to_screen_name": null,
    "user": {
        "id": 769239775400300544,
        "id_str": "769239775400300544",
        "name": "Sophia Dimos",
        "screen_name": "sophia_dimos",
        "location": "",
        "description": "",
        "url": null,
        "entities": {
            "description": {
                "urls": []
            }
        },
        "protected": false,
        "followers_count": 274,
        "friends_count": 328,
        "listed_count": 0,
        "created_at": "Fri Aug 26 18:27:09 +0000 2016",
        "favourites_count": 1950,
        "utc_offset": null,
        "time_zone": null,
        "geo_enabled": false,
        "verified": false,
        "statuses_count": 579,
        "lang": "en",
        "contributors_enabled": false,
        "is_translator": false,
        "is_translation_enabled": false,
        "profile_background_color": "F5F8FA",
        "profile_background_image_url": null,
        "profile_background_image_url_https": null,
        "profile_background_tile": false,
        "profile_image_url": "http://pbs.twimg.com/profile_images/1079882229873033216/vcjBU_x9_normal.jpg",
        "profile_image_url_https": "https://pbs.twimg.com/profile_images/1079882229873033216/vcjBU_x9_normal.jpg",
        "profile_banner_url": "https://pbs.twimg.com/profile_banners/769239775400300544/1543089421",
        "profile_link_color": "1DA1F2",
        "profile_sidebar_border_color": "C0DEED",
        "profile_sidebar_fill_color": "DDEEF6",
        "profile_text_color": "333333",
        "profile_use_background_image": true,
        "has_extended_profile": false,
        "default_profile": true,
        "default_profile_image": false,
        "following": null,
        "follow_request_sent": null,
        "notifications": null,
        "translator_type": "none"
    },
    "geo": null,
    "coordinates": null,
    "place": null,
    "contributors": null,
    "retweeted_status": {
        "created_at": "Wed Mar 13 17:36:27 +0000 2019",
        "id": 1105885347735580672,
        "id_str": "1105885347735580672",
        "text": "Mac and Benefit Cosmetics stand for #1 abortion provider Planned Parenthood. Vote FOR beauty and against them at th\u2026 https://t.co/6MALsZeauz",
        "truncated": true,
        "entities": {
            "hashtags": [],
            "symbols": [],
            "user_mentions": [],
            "urls": [
                {
                    "url": "https://t.co/6MALsZeauz",
                    "expanded_url": "https://twitter.com/i/web/status/1105885347735580672",
                    "display_url": "twitter.com/i/web/status/1\u2026",
                    "indices": [
                        117,
                        140
                    ]
                }
            ]
        },
        "metadata": {
            "iso_language_code": "en",
            "result_type": "recent"
        },
        "source": "<a href=\"http://twitter.com/download/iphone\" rel=\"nofollow\">Twitter for iPhone</a>",
        "in_reply_to_status_id": null,
        "in_reply_to_status_id_str": null,
        "in_reply_to_user_id": null,
        "in_reply_to_user_id_str": null,
        "in_reply_to_screen_name": null,
        "user": {
            "id": 522526229,
            "id_str": "522526229",
            "name": "MarjorieDannenfelser",
            "screen_name": "marjoriesba",
            "location": "Washington, DC",
            "description": "President of pro-life Susan B. Anthony List. Big fan of Best Buddies, the whole state of NC, God, my husband and kids. I wish I had a dog.",
            "url": "https://t.co/pD0QInaUxj",
            "entities": {
                "url": {
                    "urls": [
                        {
                            "url": "https://t.co/pD0QInaUxj",
                            "expanded_url": "http://www.sba-list.org/",
                            "display_url": "sba-list.org",
                            "indices": [
                                0,
                                23
                            ]
                        }
                    ]
                },
                "description": {
                    "urls": []
                }
            },
            "protected": false,
            "followers_count": 9957,
            "friends_count": 2027,
            "listed_count": 176,
            "created_at": "Mon Mar 12 19:42:53 +0000 2012",
            "favourites_count": 1478,
            "utc_offset": null,
            "time_zone": null,
            "geo_enabled": false,
            "verified": true,
            "statuses_count": 6039,
            "lang": "en",
            "contributors_enabled": false,
            "is_translator": false,
            "is_translation_enabled": false,
            "profile_background_color": "C0DEED",
            "profile_background_image_url": "http://abs.twimg.com/images/themes/theme1/bg.png",
            "profile_background_image_url_https": "https://abs.twimg.com/images/themes/theme1/bg.png",
            "profile_background_tile": false,
            "profile_image_url": "http://pbs.twimg.com/profile_images/786921007269502976/IBnZC9d0_normal.jpg",
            "profile_image_url_https": "https://pbs.twimg.com/profile_images/786921007269502976/IBnZC9d0_normal.jpg",
            "profile_banner_url": "https://pbs.twimg.com/profile_banners/522526229/1491233556",
            "profile_link_color": "0084B4",
            "profile_sidebar_border_color": "C0DEED",
            "profile_sidebar_fill_color": "DDEEF6",
            "profile_text_color": "333333",
            "profile_use_background_image": true,
            "has_extended_profile": false,
            "default_profile": false,
            "default_profile_image": false,
            "following": null,
            "follow_request_sent": null,
            "notifications": null,
            "translator_type": "none"
        },
        "geo": null,
        "coordinates": null,
        "place": null,
        "contributors": null,
        "is_quote_status": true,
        "quoted_status_id": 1105868450713518080,
        "quoted_status_id_str": "1105868450713518080",
        "quoted_status": {
            "created_at": "Wed Mar 13 16:29:19 +0000 2019",
            "id": 1105868450713518080,
            "id_str": "1105868450713518080",
            "text": "\"Beauty is in the eye of the beholder, they say...If you believe all life is beautiful, however, two major beauty c\u2026 https://t.co/bmm3CJQUUi",
            "truncated": true,
            "entities": {
                "hashtags": [],
                "symbols": [],
                "user_mentions": [],
                "urls": [
                    {
                        "url": "https://t.co/bmm3CJQUUi",
                        "expanded_url": "https://twitter.com/i/web/status/1105868450713518080",
                        "display_url": "twitter.com/i/web/status/1\u2026",
                        "indices": [
                            117,
                            140
                        ]
                    }
                ]
            },
            "metadata": {
                "iso_language_code": "en",
                "result_type": "recent"
            },
            "source": "<a href=\"http://twitter.com\" rel=\"nofollow\">Twitter Web Client</a>",
            "in_reply_to_status_id": null,
            "in_reply_to_status_id_str": null,
            "in_reply_to_user_id": null,
            "in_reply_to_user_id_str": null,
            "in_reply_to_screen_name": null,
            "user": {
                "id": 104342107,
                "id_str": "104342107",
                "name": "Gabriella Hoffman",
                "screen_name": "Gabby_Hoffman",
                "location": "DC Metro Area / Commonwealth of Virginia",
                "description": "Media Strategist. @Resurgent Writer. @dconservpodcast Host. American-Lithuanian. @ReelCamoGirl Team. SoCal native & urbanite who fishes, own guns, & now hunts.",
                "url": "https://t.co/4e3qmW3dvz",
                "entities": {
                    "url": {
                        "urls": [
                            {
                                "url": "https://t.co/4e3qmW3dvz",
                                "expanded_url": "https://www.instagram.com/gabriella_hoffman/",
                                "display_url": "instagram.com/gabriella_hoff\u2026",
                                "indices": [
                                    0,
                                    23
                                ]
                            }
                        ]
                    },
                    "description": {
                        "urls": []
                    }
                },
                "protected": false,
                "followers_count": 42464,
                "friends_count": 5303,
                "listed_count": 1170,
                "created_at": "Wed Jan 13 01:50:14 +0000 2010",
                "favourites_count": 55816,
                "utc_offset": null,
                "time_zone": null,
                "geo_enabled": true,
                "verified": true,
                "statuses_count": 77787,
                "lang": "en",
                "contributors_enabled": false,
                "is_translator": false,
                "is_translation_enabled": false,
                "profile_background_color": "0CA699",
                "profile_background_image_url": "http://abs.twimg.com/images/themes/theme6/bg.gif",
                "profile_background_image_url_https": "https://abs.twimg.com/images/themes/theme6/bg.gif",
                "profile_background_tile": true,
                "profile_image_url": "http://pbs.twimg.com/profile_images/1094270686594584579/jFed80Cn_normal.jpg",
                "profile_image_url_https": "https://pbs.twimg.com/profile_images/1094270686594584579/jFed80Cn_normal.jpg",
                "profile_banner_url": "https://pbs.twimg.com/profile_banners/104342107/1539304425",
                "profile_link_color": "2058C7",
                "profile_sidebar_border_color": "000000",
                "profile_sidebar_fill_color": "A0C5C7",
                "profile_text_color": "333333",
                "profile_use_background_image": true,
                "has_extended_profile": true,
                "default_profile": false,
                "default_profile_image": false,
                "following": null,
                "follow_request_sent": null,
                "notifications": null,
                "translator_type": "none"
            },
            "geo": null,
            "coordinates": null,
            "place": null,
            "contributors": null,
            "is_quote_status": false,
            "retweet_count": 49,
            "favorite_count": 70,
            "favorited": false,
            "retweeted": false,
            "possibly_sensitive": false,
            "lang": "en"
        },
        "retweet_count": 55,
        "favorite_count": 115,
        "favorited": false,
        "retweeted": false,
        "possibly_sensitive": false,
        "lang": "en"
    },
    "is_quote_status": true,
    "quoted_status_id": 1105868450713518080,
    "quoted_status_id_str": "1105868450713518080",
    "retweet_count": 55,
    "favorite_count": 0,
    "favorited": false,
    "retweeted": false,
    "lang": "en"
}