{
    "created_at": "Wed Mar 13 18:30:00 +0000 2019",
    "id": 1105898823195480073,
    "id_str": "1105898823195480073",
    "text": "This brings a whole new meaning to \"look good, feel good.\" https://t.co/NkbuzSuYD6",
    "truncated": false,
    "entities": {
        "hashtags": [],
        "symbols": [],
        "user_mentions": [],
        "urls": [
            {
                "url": "https://t.co/NkbuzSuYD6",
                "expanded_url": "https://r29.co/2F1cDVX",
                "display_url": "r29.co/2F1cDVX",
                "indices": [
                    59,
                    82
                ]
            }
        ]
    },
    "metadata": {
        "iso_language_code": "en",
        "result_type": "recent"
    },
    "source": "<a href=\"https://about.twitter.com/products/tweetdeck\" rel=\"nofollow\">TweetDeck</a>",
    "in_reply_to_status_id": null,
    "in_reply_to_status_id_str": null,
    "in_reply_to_user_id": null,
    "in_reply_to_user_id_str": null,
    "in_reply_to_screen_name": null,
    "user": {
        "id": 19546942,
        "id_str": "19546942",
        "name": "Refinery29",
        "screen_name": "Refinery29",
        "location": "New York, NY",
        "description": "The catalyst for women to feel, see, and claim their power.\ud83d\udcaa We cover news, fashion, beauty, entertainment, wellness, and more. \ud83d\udcdd",
        "url": "https://t.co/IV6feOqSCz",
        "entities": {
            "url": {
                "urls": [
                    {
                        "url": "https://t.co/IV6feOqSCz",
                        "expanded_url": "http://refinery29.com",
                        "display_url": "refinery29.com",
                        "indices": [
                            0,
                            23
                        ]
                    }
                ]
            },
            "description": {
                "urls": []
            }
        },
        "protected": false,
        "followers_count": 1316134,
        "friends_count": 2145,
        "listed_count": 9842,
        "created_at": "Mon Jan 26 17:58:09 +0000 2009",
        "favourites_count": 4989,
        "utc_offset": null,
        "time_zone": null,
        "geo_enabled": true,
        "verified": true,
        "statuses_count": 90222,
        "lang": "en",
        "contributors_enabled": false,
        "is_translator": false,
        "is_translation_enabled": false,
        "profile_background_color": "F75352",
        "profile_background_image_url": "http://abs.twimg.com/images/themes/theme1/bg.png",
        "profile_background_image_url_https": "https://abs.twimg.com/images/themes/theme1/bg.png",
        "profile_background_tile": false,
        "profile_image_url": "http://pbs.twimg.com/profile_images/1014924137763102720/vTX8o2E7_normal.jpg",
        "profile_image_url_https": "https://pbs.twimg.com/profile_images/1014924137763102720/vTX8o2E7_normal.jpg",
        "profile_banner_url": "https://pbs.twimg.com/profile_banners/19546942/1547065568",
        "profile_link_color": "9FCCFA",
        "profile_sidebar_border_color": "FFFFFF",
        "profile_sidebar_fill_color": "FFFFFF",
        "profile_text_color": "333333",
        "profile_use_background_image": false,
        "has_extended_profile": false,
        "default_profile": false,
        "default_profile_image": false,
        "following": null,
        "follow_request_sent": null,
        "notifications": null,
        "translator_type": "none"
    },
    "geo": null,
    "coordinates": null,
    "place": null,
    "contributors": null,
    "is_quote_status": false,
    "retweet_count": 3,
    "favorite_count": 15,
    "favorited": false,
    "retweeted": false,
    "possibly_sensitive": false,
    "lang": "en"
}