{
    "created_at": "Wed Mar 13 14:14:41 +0000 2019",
    "id": 1105834569297727489,
    "id_str": "1105834569297727489",
    "text": "Making \"hoes\" prettier so they can get \"knocked up\" &amp; have even more abortions!\n\nM.A.C. and Benefit Cosmetics Are T\u2026 https://t.co/QcNLotROIl",
    "truncated": true,
    "entities": {
        "hashtags": [],
        "symbols": [],
        "user_mentions": [],
        "urls": [
            {
                "url": "https://t.co/QcNLotROIl",
                "expanded_url": "https://twitter.com/i/web/status/1105834569297727489",
                "display_url": "twitter.com/i/web/status/1\u2026",
                "indices": [
                    121,
                    144
                ]
            }
        ]
    },
    "metadata": {
        "iso_language_code": "en",
        "result_type": "recent"
    },
    "source": "<a href=\"http://twitter.com/download/android\" rel=\"nofollow\">Twitter for Android</a>",
    "in_reply_to_status_id": null,
    "in_reply_to_status_id_str": null,
    "in_reply_to_user_id": null,
    "in_reply_to_user_id_str": null,
    "in_reply_to_screen_name": null,
    "user": {
        "id": 4699065871,
        "id_str": "4699065871",
        "name": "George Oh'Well",
        "screen_name": "str8american",
        "location": "the front lines",
        "description": "like many before me, i throw myself against the world, not for glory but because i can't help myself.",
        "url": null,
        "entities": {
            "description": {
                "urls": []
            }
        },
        "protected": false,
        "followers_count": 1472,
        "friends_count": 2062,
        "listed_count": 82,
        "created_at": "Sat Jan 02 22:44:53 +0000 2016",
        "favourites_count": 43451,
        "utc_offset": null,
        "time_zone": null,
        "geo_enabled": true,
        "verified": false,
        "statuses_count": 51995,
        "lang": "en",
        "contributors_enabled": false,
        "is_translator": false,
        "is_translation_enabled": false,
        "profile_background_color": "F5F8FA",
        "profile_background_image_url": null,
        "profile_background_image_url_https": null,
        "profile_background_tile": false,
        "profile_image_url": "http://pbs.twimg.com/profile_images/1087041545180712966/uT0Y4nkM_normal.jpg",
        "profile_image_url_https": "https://pbs.twimg.com/profile_images/1087041545180712966/uT0Y4nkM_normal.jpg",
        "profile_banner_url": "https://pbs.twimg.com/profile_banners/4699065871/1512486325",
        "profile_link_color": "1DA1F2",
        "profile_sidebar_border_color": "C0DEED",
        "profile_sidebar_fill_color": "DDEEF6",
        "profile_text_color": "333333",
        "profile_use_background_image": true,
        "has_extended_profile": true,
        "default_profile": true,
        "default_profile_image": false,
        "following": null,
        "follow_request_sent": null,
        "notifications": null,
        "translator_type": "none"
    },
    "geo": null,
    "coordinates": null,
    "place": null,
    "contributors": null,
    "is_quote_status": false,
    "retweet_count": 0,
    "favorite_count": 0,
    "favorited": false,
    "retweeted": false,
    "possibly_sensitive": false,
    "lang": "en"
}