{
    "created_at": "Wed Mar 13 16:00:53 +0000 2019",
    "id": 1105861297051181056,
    "id_str": "1105861297051181056",
    "text": "Thank you @BenefitBeauty &amp; @MACcosmetics for standing with Planned Parenthood! Your support will help advance our m\u2026 https://t.co/XVW8IbJGx7",
    "truncated": true,
    "entities": {
        "hashtags": [],
        "symbols": [],
        "user_mentions": [
            {
                "screen_name": "BenefitBeauty",
                "name": "Benefit Cosmetics US",
                "id": 18220767,
                "id_str": "18220767",
                "indices": [
                    10,
                    24
                ]
            },
            {
                "screen_name": "MACcosmetics",
                "name": "MAC Cosmetics",
                "id": 15225275,
                "id_str": "15225275",
                "indices": [
                    31,
                    44
                ]
            }
        ],
        "urls": [
            {
                "url": "https://t.co/XVW8IbJGx7",
                "expanded_url": "https://twitter.com/i/web/status/1105861297051181056",
                "display_url": "twitter.com/i/web/status/1\u2026",
                "indices": [
                    121,
                    144
                ]
            }
        ]
    },
    "metadata": {
        "iso_language_code": "en",
        "result_type": "recent"
    },
    "source": "<a href=\"https://www.hootsuite.com\" rel=\"nofollow\">Hootsuite Inc.</a>",
    "in_reply_to_status_id": null,
    "in_reply_to_status_id_str": null,
    "in_reply_to_user_id": null,
    "in_reply_to_user_id_str": null,
    "in_reply_to_screen_name": null,
    "user": {
        "id": 38196731,
        "id_str": "38196731",
        "name": "Planned Parenthood: Tennessee & North Mississippi",
        "screen_name": "pptnmcares",
        "location": "Tennessee, USA",
        "description": "Providing exceptional health services, honest education & fearless advocacy throughout Tennessee and North Mississippi.",
        "url": "https://t.co/9hSUJtbYjP",
        "entities": {
            "url": {
                "urls": [
                    {
                        "url": "https://t.co/9hSUJtbYjP",
                        "expanded_url": "https://www.plannedparenthood.org/health-center",
                        "display_url": "plannedparenthood.org/health-center",
                        "indices": [
                            0,
                            23
                        ]
                    }
                ]
            },
            "description": {
                "urls": []
            }
        },
        "protected": false,
        "followers_count": 3549,
        "friends_count": 1514,
        "listed_count": 184,
        "created_at": "Wed May 06 15:10:05 +0000 2009",
        "favourites_count": 2344,
        "utc_offset": null,
        "time_zone": null,
        "geo_enabled": true,
        "verified": false,
        "statuses_count": 10281,
        "lang": "en",
        "contributors_enabled": false,
        "is_translator": false,
        "is_translation_enabled": false,
        "profile_background_color": "DBE9ED",
        "profile_background_image_url": "http://abs.twimg.com/images/themes/theme17/bg.gif",
        "profile_background_image_url_https": "https://abs.twimg.com/images/themes/theme17/bg.gif",
        "profile_background_tile": false,
        "profile_image_url": "http://pbs.twimg.com/profile_images/1025414242055450625/M1JNfGam_normal.jpg",
        "profile_image_url_https": "https://pbs.twimg.com/profile_images/1025414242055450625/M1JNfGam_normal.jpg",
        "profile_banner_url": "https://pbs.twimg.com/profile_banners/38196731/1533313539",
        "profile_link_color": "CC3366",
        "profile_sidebar_border_color": "DBE9ED",
        "profile_sidebar_fill_color": "E6F6F9",
        "profile_text_color": "333333",
        "profile_use_background_image": true,
        "has_extended_profile": false,
        "default_profile": false,
        "default_profile_image": false,
        "following": null,
        "follow_request_sent": null,
        "notifications": null,
        "translator_type": "none"
    },
    "geo": null,
    "coordinates": null,
    "place": null,
    "contributors": null,
    "is_quote_status": false,
    "retweet_count": 0,
    "favorite_count": 2,
    "favorited": false,
    "retweeted": false,
    "possibly_sensitive": false,
    "lang": "en"
}