{
    "created_at": "Thu Mar 14 10:05:07 +0000 2019",
    "id": 1106134150921089024,
    "id_str": "1106134150921089024",
    "text": "RT @mainedcm: Something\u2019s cooking! So happy and excited to be working with MAC again! \ud83d\udda4 @MACcosmetics #MACmaker https://t.co/lmg5YHzUG8",
    "truncated": false,
    "entities": {
        "hashtags": [
            {
                "text": "MACmaker",
                "indices": [
                    102,
                    111
                ]
            }
        ],
        "symbols": [],
        "user_mentions": [
            {
                "screen_name": "mainedcm",
                "name": "Maine Mendoza",
                "id": 63701775,
                "id_str": "63701775",
                "indices": [
                    3,
                    12
                ]
            },
            {
                "screen_name": "MACcosmetics",
                "name": "MAC Cosmetics",
                "id": 15225275,
                "id_str": "15225275",
                "indices": [
                    88,
                    101
                ]
            }
        ],
        "urls": [],
        "media": [
            {
                "id": 1093657074339180544,
                "id_str": "1093657074339180544",
                "indices": [
                    112,
                    135
                ],
                "media_url": "http://pbs.twimg.com/media/Dy1zUI4UcAA0xJG.jpg",
                "media_url_https": "https://pbs.twimg.com/media/Dy1zUI4UcAA0xJG.jpg",
                "url": "https://t.co/lmg5YHzUG8",
                "display_url": "pic.twitter.com/lmg5YHzUG8",
                "expanded_url": "https://twitter.com/mainedcm/status/1093657093502951424/photo/1",
                "type": "photo",
                "sizes": {
                    "thumb": {
                        "w": 150,
                        "h": 150,
                        "resize": "crop"
                    },
                    "medium": {
                        "w": 768,
                        "h": 1024,
                        "resize": "fit"
                    },
                    "large": {
                        "w": 768,
                        "h": 1024,
                        "resize": "fit"
                    },
                    "small": {
                        "w": 510,
                        "h": 680,
                        "resize": "fit"
                    }
                },
                "source_status_id": 1093657093502951424,
                "source_status_id_str": "1093657093502951424",
                "source_user_id": 63701775,
                "source_user_id_str": "63701775"
            }
        ]
    },
    "extended_entities": {
        "media": [
            {
                "id": 1093657074339180544,
                "id_str": "1093657074339180544",
                "indices": [
                    112,
                    135
                ],
                "media_url": "http://pbs.twimg.com/media/Dy1zUI4UcAA0xJG.jpg",
                "media_url_https": "https://pbs.twimg.com/media/Dy1zUI4UcAA0xJG.jpg",
                "url": "https://t.co/lmg5YHzUG8",
                "display_url": "pic.twitter.com/lmg5YHzUG8",
                "expanded_url": "https://twitter.com/mainedcm/status/1093657093502951424/photo/1",
                "type": "photo",
                "sizes": {
                    "thumb": {
                        "w": 150,
                        "h": 150,
                        "resize": "crop"
                    },
                    "medium": {
                        "w": 768,
                        "h": 1024,
                        "resize": "fit"
                    },
                    "large": {
                        "w": 768,
                        "h": 1024,
                        "resize": "fit"
                    },
                    "small": {
                        "w": 510,
                        "h": 680,
                        "resize": "fit"
                    }
                },
                "source_status_id": 1093657093502951424,
                "source_status_id_str": "1093657093502951424",
                "source_user_id": 63701775,
                "source_user_id_str": "63701775"
            }
        ]
    },
    "metadata": {
        "iso_language_code": "en",
        "result_type": "recent"
    },
    "source": "<a href=\"http://twitter.com/#!/download/ipad\" rel=\"nofollow\">Twitter for iPad</a>",
    "in_reply_to_status_id": null,
    "in_reply_to_status_id_str": null,
    "in_reply_to_user_id": null,
    "in_reply_to_user_id_str": null,
    "in_reply_to_screen_name": null,
    "user": {
        "id": 3865010114,
        "id_str": "3865010114",
        "name": "Irene Leron",
        "screen_name": "leronterakawa",
        "location": "",
        "description": "",
        "url": null,
        "entities": {
            "description": {
                "urls": []
            }
        },
        "protected": false,
        "followers_count": 58,
        "friends_count": 1070,
        "listed_count": 2,
        "created_at": "Mon Oct 12 02:46:02 +0000 2015",
        "favourites_count": 54497,
        "utc_offset": null,
        "time_zone": null,
        "geo_enabled": false,
        "verified": false,
        "statuses_count": 11324,
        "lang": "en",
        "contributors_enabled": false,
        "is_translator": false,
        "is_translation_enabled": false,
        "profile_background_color": "C0DEED",
        "profile_background_image_url": "http://abs.twimg.com/images/themes/theme1/bg.png",
        "profile_background_image_url_https": "https://abs.twimg.com/images/themes/theme1/bg.png",
        "profile_background_tile": false,
        "profile_image_url": "http://pbs.twimg.com/profile_images/653402020288688128/6SiXPRrP_normal.jpg",
        "profile_image_url_https": "https://pbs.twimg.com/profile_images/653402020288688128/6SiXPRrP_normal.jpg",
        "profile_link_color": "1DA1F2",
        "profile_sidebar_border_color": "C0DEED",
        "profile_sidebar_fill_color": "DDEEF6",
        "profile_text_color": "333333",
        "profile_use_background_image": true,
        "has_extended_profile": true,
        "default_profile": true,
        "default_profile_image": false,
        "following": null,
        "follow_request_sent": null,
        "notifications": null,
        "translator_type": "none"
    },
    "geo": null,
    "coordinates": null,
    "place": null,
    "contributors": null,
    "retweeted_status": {
        "created_at": "Thu Feb 07 23:45:44 +0000 2019",
        "id": 1093657093502951424,
        "id_str": "1093657093502951424",
        "text": "Something\u2019s cooking! So happy and excited to be working with MAC again! \ud83d\udda4 @MACcosmetics #MACmaker https://t.co/lmg5YHzUG8",
        "truncated": false,
        "entities": {
            "hashtags": [
                {
                    "text": "MACmaker",
                    "indices": [
                        88,
                        97
                    ]
                }
            ],
            "symbols": [],
            "user_mentions": [
                {
                    "screen_name": "MACcosmetics",
                    "name": "MAC Cosmetics",
                    "id": 15225275,
                    "id_str": "15225275",
                    "indices": [
                        74,
                        87
                    ]
                }
            ],
            "urls": [],
            "media": [
                {
                    "id": 1093657074339180544,
                    "id_str": "1093657074339180544",
                    "indices": [
                        98,
                        121
                    ],
                    "media_url": "http://pbs.twimg.com/media/Dy1zUI4UcAA0xJG.jpg",
                    "media_url_https": "https://pbs.twimg.com/media/Dy1zUI4UcAA0xJG.jpg",
                    "url": "https://t.co/lmg5YHzUG8",
                    "display_url": "pic.twitter.com/lmg5YHzUG8",
                    "expanded_url": "https://twitter.com/mainedcm/status/1093657093502951424/photo/1",
                    "type": "photo",
                    "sizes": {
                        "thumb": {
                            "w": 150,
                            "h": 150,
                            "resize": "crop"
                        },
                        "medium": {
                            "w": 768,
                            "h": 1024,
                            "resize": "fit"
                        },
                        "large": {
                            "w": 768,
                            "h": 1024,
                            "resize": "fit"
                        },
                        "small": {
                            "w": 510,
                            "h": 680,
                            "resize": "fit"
                        }
                    }
                }
            ]
        },
        "extended_entities": {
            "media": [
                {
                    "id": 1093657074339180544,
                    "id_str": "1093657074339180544",
                    "indices": [
                        98,
                        121
                    ],
                    "media_url": "http://pbs.twimg.com/media/Dy1zUI4UcAA0xJG.jpg",
                    "media_url_https": "https://pbs.twimg.com/media/Dy1zUI4UcAA0xJG.jpg",
                    "url": "https://t.co/lmg5YHzUG8",
                    "display_url": "pic.twitter.com/lmg5YHzUG8",
                    "expanded_url": "https://twitter.com/mainedcm/status/1093657093502951424/photo/1",
                    "type": "photo",
                    "sizes": {
                        "thumb": {
                            "w": 150,
                            "h": 150,
                            "resize": "crop"
                        },
                        "medium": {
                            "w": 768,
                            "h": 1024,
                            "resize": "fit"
                        },
                        "large": {
                            "w": 768,
                            "h": 1024,
                            "resize": "fit"
                        },
                        "small": {
                            "w": 510,
                            "h": 680,
                            "resize": "fit"
                        }
                    }
                }
            ]
        },
        "metadata": {
            "iso_language_code": "en",
            "result_type": "recent"
        },
        "source": "<a href=\"http://twitter.com/download/iphone\" rel=\"nofollow\">Twitter for iPhone</a>",
        "in_reply_to_status_id": null,
        "in_reply_to_status_id_str": null,
        "in_reply_to_user_id": null,
        "in_reply_to_user_id_str": null,
        "in_reply_to_screen_name": null,
        "user": {
            "id": 63701775,
            "id_str": "63701775",
            "name": "Maine Mendoza",
            "screen_name": "mainedcm",
            "location": "",
            "description": "yup, I am that girl",
            "url": null,
            "entities": {
                "description": {
                    "urls": []
                }
            },
            "protected": false,
            "followers_count": 5091336,
            "friends_count": 326,
            "listed_count": 2096,
            "created_at": "Fri Aug 07 12:07:22 +0000 2009",
            "favourites_count": 2068,
            "utc_offset": null,
            "time_zone": null,
            "geo_enabled": true,
            "verified": true,
            "statuses_count": 39091,
            "lang": "en",
            "contributors_enabled": false,
            "is_translator": false,
            "is_translation_enabled": false,
            "profile_background_color": "ACDED6",
            "profile_background_image_url": "http://abs.twimg.com/images/themes/theme18/bg.gif",
            "profile_background_image_url_https": "https://abs.twimg.com/images/themes/theme18/bg.gif",
            "profile_background_tile": true,
            "profile_image_url": "http://pbs.twimg.com/profile_images/1076416453925003269/kN8lgCRP_normal.jpg",
            "profile_image_url_https": "https://pbs.twimg.com/profile_images/1076416453925003269/kN8lgCRP_normal.jpg",
            "profile_banner_url": "https://pbs.twimg.com/profile_banners/63701775/1525873303",
            "profile_link_color": "1A1A17",
            "profile_sidebar_border_color": "FFFFFF",
            "profile_sidebar_fill_color": "FFFFFF",
            "profile_text_color": "333333",
            "profile_use_background_image": true,
            "has_extended_profile": false,
            "default_profile": false,
            "default_profile_image": false,
            "following": null,
            "follow_request_sent": null,
            "notifications": null,
            "translator_type": "none"
        },
        "geo": null,
        "coordinates": null,
        "place": null,
        "contributors": null,
        "is_quote_status": false,
        "retweet_count": 5135,
        "favorite_count": 30786,
        "favorited": false,
        "retweeted": false,
        "possibly_sensitive": false,
        "lang": "en"
    },
    "is_quote_status": false,
    "retweet_count": 5135,
    "favorite_count": 0,
    "favorited": false,
    "retweeted": false,
    "possibly_sensitive": false,
    "lang": "en"
}