{
    "created_at": "Thu Mar 14 11:38:33 +0000 2019",
    "id": 1106157664529190914,
    "id_str": "1106157664529190914",
    "text": "@simone__kern mac cosmetics, livejournal and xanga groups, delia\u2019s graphic t clothing specifically their rainbow n\u2026 https://t.co/7rcr0uIEHA",
    "truncated": true,
    "entities": {
        "hashtags": [],
        "symbols": [],
        "user_mentions": [
            {
                "screen_name": "simone__kern",
                "name": "Simone Kern",
                "id": 2770288777,
                "id_str": "2770288777",
                "indices": [
                    0,
                    13
                ]
            }
        ],
        "urls": [
            {
                "url": "https://t.co/7rcr0uIEHA",
                "expanded_url": "https://twitter.com/i/web/status/1106157664529190914",
                "display_url": "twitter.com/i/web/status/1\u2026",
                "indices": [
                    116,
                    139
                ]
            }
        ]
    },
    "metadata": {
        "iso_language_code": "en",
        "result_type": "recent"
    },
    "source": "<a href=\"http://twitter.com/download/iphone\" rel=\"nofollow\">Twitter for iPhone</a>",
    "in_reply_to_status_id": 1105981073807282176,
    "in_reply_to_status_id_str": "1105981073807282176",
    "in_reply_to_user_id": 2770288777,
    "in_reply_to_user_id_str": "2770288777",
    "in_reply_to_screen_name": "simone__kern",
    "user": {
        "id": 18232040,
        "id_str": "18232040",
        "name": "soft tofu pudding cup",
        "screen_name": "jessicajoanc",
        "location": "nyc",
        "description": "ummmmm grow up \u3030\ufe0f \u24cb \ud83c\uddf5\ud83c\udded",
        "url": "https://t.co/czhZ3n9T9k",
        "entities": {
            "url": {
                "urls": [
                    {
                        "url": "https://t.co/czhZ3n9T9k",
                        "expanded_url": "http://Instagram.com/jessica_joan",
                        "display_url": "Instagram.com/jessica_joan",
                        "indices": [
                            0,
                            23
                        ]
                    }
                ]
            },
            "description": {
                "urls": []
            }
        },
        "protected": false,
        "followers_count": 348,
        "friends_count": 293,
        "listed_count": 2,
        "created_at": "Fri Dec 19 02:18:53 +0000 2008",
        "favourites_count": 14724,
        "utc_offset": null,
        "time_zone": null,
        "geo_enabled": true,
        "verified": false,
        "statuses_count": 12065,
        "lang": "en",
        "contributors_enabled": false,
        "is_translator": false,
        "is_translation_enabled": false,
        "profile_background_color": "000000",
        "profile_background_image_url": "http://abs.twimg.com/images/themes/theme16/bg.gif",
        "profile_background_image_url_https": "https://abs.twimg.com/images/themes/theme16/bg.gif",
        "profile_background_tile": true,
        "profile_image_url": "http://pbs.twimg.com/profile_images/1104229220853694464/idrFEskp_normal.jpg",
        "profile_image_url_https": "https://pbs.twimg.com/profile_images/1104229220853694464/idrFEskp_normal.jpg",
        "profile_banner_url": "https://pbs.twimg.com/profile_banners/18232040/1535312337",
        "profile_link_color": "F5ABB5",
        "profile_sidebar_border_color": "000000",
        "profile_sidebar_fill_color": "FFFFFF",
        "profile_text_color": "333333",
        "profile_use_background_image": false,
        "has_extended_profile": true,
        "default_profile": false,
        "default_profile_image": false,
        "following": null,
        "follow_request_sent": null,
        "notifications": null,
        "translator_type": "none"
    },
    "geo": null,
    "coordinates": null,
    "place": null,
    "contributors": null,
    "is_quote_status": false,
    "retweet_count": 0,
    "favorite_count": 1,
    "favorited": false,
    "retweeted": false,
    "lang": "en"
}