{
    "created_at": "Thu Mar 14 02:29:53 +0000 2019",
    "id": 1106019589744267265,
    "id_str": "1106019589744267265",
    "text": "RT @WunThompson: Retail stores \u27a1\ufe0f interactive experience centers. Wunderman #Shanghai and @MACcosmetics may have just changed the\ud83d\udc84 game for\u2026",
    "truncated": false,
    "entities": {
        "hashtags": [
            {
                "text": "Shanghai",
                "indices": [
                    76,
                    85
                ]
            }
        ],
        "symbols": [],
        "user_mentions": [
            {
                "screen_name": "WunThompson",
                "name": "Wunderman Thompson",
                "id": 54319874,
                "id_str": "54319874",
                "indices": [
                    3,
                    15
                ]
            },
            {
                "screen_name": "MACcosmetics",
                "name": "MAC Cosmetics",
                "id": 15225275,
                "id_str": "15225275",
                "indices": [
                    90,
                    103
                ]
            }
        ],
        "urls": []
    },
    "metadata": {
        "iso_language_code": "en",
        "result_type": "recent"
    },
    "source": "<a href=\"http://twitter.com/#!/download/ipad\" rel=\"nofollow\">Twitter for iPad</a>",
    "in_reply_to_status_id": null,
    "in_reply_to_status_id_str": null,
    "in_reply_to_user_id": null,
    "in_reply_to_user_id_str": null,
    "in_reply_to_screen_name": null,
    "user": {
        "id": 14359570,
        "id_str": "14359570",
        "name": "Manoj Mansukhani",
        "screen_name": "manojmansukhani",
        "location": "Mumbai, India",
        "description": "All views are my own.",
        "url": "https://t.co/EvDMTf08ov",
        "entities": {
            "url": {
                "urls": [
                    {
                        "url": "https://t.co/EvDMTf08ov",
                        "expanded_url": "http://in.linkedin.com/in/manojmansukhani/",
                        "display_url": "in.linkedin.com/in/manojmansuk\u2026",
                        "indices": [
                            0,
                            23
                        ]
                    }
                ]
            },
            "description": {
                "urls": []
            }
        },
        "protected": false,
        "followers_count": 1670,
        "friends_count": 2413,
        "listed_count": 110,
        "created_at": "Fri Apr 11 09:40:29 +0000 2008",
        "favourites_count": 284,
        "utc_offset": null,
        "time_zone": null,
        "geo_enabled": true,
        "verified": false,
        "statuses_count": 3235,
        "lang": "en",
        "contributors_enabled": false,
        "is_translator": false,
        "is_translation_enabled": false,
        "profile_background_color": "022330",
        "profile_background_image_url": "http://abs.twimg.com/images/themes/theme15/bg.png",
        "profile_background_image_url_https": "https://abs.twimg.com/images/themes/theme15/bg.png",
        "profile_background_tile": false,
        "profile_image_url": "http://pbs.twimg.com/profile_images/3542692107/9caffa29d47f98707eb26851393ec570_normal.jpeg",
        "profile_image_url_https": "https://pbs.twimg.com/profile_images/3542692107/9caffa29d47f98707eb26851393ec570_normal.jpeg",
        "profile_link_color": "0084B4",
        "profile_sidebar_border_color": "A8C7F7",
        "profile_sidebar_fill_color": "C0DFEC",
        "profile_text_color": "333333",
        "profile_use_background_image": true,
        "has_extended_profile": false,
        "default_profile": false,
        "default_profile_image": false,
        "following": null,
        "follow_request_sent": null,
        "notifications": null,
        "translator_type": "none"
    },
    "geo": null,
    "coordinates": null,
    "place": null,
    "contributors": null,
    "retweeted_status": {
        "created_at": "Wed Mar 13 18:01:57 +0000 2019",
        "id": 1105891763212902400,
        "id_str": "1105891763212902400",
        "text": "Retail stores \u27a1\ufe0f interactive experience centers. Wunderman #Shanghai and @MACcosmetics may have just changed the\ud83d\udc84 g\u2026 https://t.co/Fv79hAql7Y",
        "truncated": true,
        "entities": {
            "hashtags": [
                {
                    "text": "Shanghai",
                    "indices": [
                        59,
                        68
                    ]
                }
            ],
            "symbols": [],
            "user_mentions": [
                {
                    "screen_name": "MACcosmetics",
                    "name": "MAC Cosmetics",
                    "id": 15225275,
                    "id_str": "15225275",
                    "indices": [
                        73,
                        86
                    ]
                }
            ],
            "urls": [
                {
                    "url": "https://t.co/Fv79hAql7Y",
                    "expanded_url": "https://twitter.com/i/web/status/1105891763212902400",
                    "display_url": "twitter.com/i/web/status/1\u2026",
                    "indices": [
                        117,
                        140
                    ]
                }
            ]
        },
        "metadata": {
            "iso_language_code": "en",
            "result_type": "recent"
        },
        "source": "<a href=\"http://twitter.com\" rel=\"nofollow\">Twitter Web Client</a>",
        "in_reply_to_status_id": null,
        "in_reply_to_status_id_str": null,
        "in_reply_to_user_id": null,
        "in_reply_to_user_id_str": null,
        "in_reply_to_screen_name": null,
        "user": {
            "id": 54319874,
            "id_str": "54319874",
            "name": "Wunderman Thompson",
            "screen_name": "WunThompson",
            "location": "Global",
            "description": "We are a creative, data and technology agency built to inspire #growth for ambitious brands.",
            "url": "https://t.co/Y1tNwkGrIl",
            "entities": {
                "url": {
                    "urls": [
                        {
                            "url": "https://t.co/Y1tNwkGrIl",
                            "expanded_url": "https://www.wundermanthompson.com/",
                            "display_url": "wundermanthompson.com",
                            "indices": [
                                0,
                                23
                            ]
                        }
                    ]
                },
                "description": {
                    "urls": []
                }
            },
            "protected": false,
            "followers_count": 91306,
            "friends_count": 465,
            "listed_count": 2434,
            "created_at": "Mon Jul 06 20:19:56 +0000 2009",
            "favourites_count": 1207,
            "utc_offset": null,
            "time_zone": null,
            "geo_enabled": true,
            "verified": true,
            "statuses_count": 55,
            "lang": "en",
            "contributors_enabled": false,
            "is_translator": false,
            "is_translation_enabled": false,
            "profile_background_color": "1A1B1F",
            "profile_background_image_url": "http://abs.twimg.com/images/themes/theme15/bg.png",
            "profile_background_image_url_https": "https://abs.twimg.com/images/themes/theme15/bg.png",
            "profile_background_tile": true,
            "profile_image_url": "http://pbs.twimg.com/profile_images/1092292279954370562/lnrmb3_B_normal.jpg",
            "profile_image_url_https": "https://pbs.twimg.com/profile_images/1092292279954370562/lnrmb3_B_normal.jpg",
            "profile_banner_url": "https://pbs.twimg.com/profile_banners/54319874/1549257765",
            "profile_link_color": "0A47ED",
            "profile_sidebar_border_color": "FFFFFF",
            "profile_sidebar_fill_color": "252429",
            "profile_text_color": "666666",
            "profile_use_background_image": true,
            "has_extended_profile": false,
            "default_profile": false,
            "default_profile_image": false,
            "following": null,
            "follow_request_sent": null,
            "notifications": null,
            "translator_type": "none"
        },
        "geo": null,
        "coordinates": null,
        "place": {
            "id": "01a20da949498784",
            "url": "https://api.twitter.com/1.1/geo/id/01a20da949498784.json",
            "place_type": "admin",
            "name": "Shanghai",
            "full_name": "Shanghai, People's Republic of China",
            "country_code": "CN",
            "country": "People's Republic of China",
            "contained_within": [],
            "bounding_box": {
                "type": "Polygon",
                "coordinates": [
                    [
                        [
                            120.858322,
                            30.69094
                        ],
                        [
                            121.9733,
                            30.69094
                        ],
                        [
                            121.9733,
                            31.86889
                        ],
                        [
                            120.858322,
                            31.86889
                        ]
                    ]
                ]
            },
            "attributes": {}
        },
        "contributors": null,
        "is_quote_status": false,
        "retweet_count": 4,
        "favorite_count": 7,
        "favorited": false,
        "retweeted": false,
        "possibly_sensitive": false,
        "lang": "en"
    },
    "is_quote_status": false,
    "retweet_count": 4,
    "favorite_count": 0,
    "favorited": false,
    "retweeted": false,
    "lang": "en"
}