{
    "created_at": "Thu Mar 14 11:19:50 +0000 2019",
    "id": 1106152955382648833,
    "id_str": "1106152955382648833",
    "text": "@WeGotChingus Mac , tarte , huda beauty , urban decay ,sephora,fenty beauty,kylie cosmetics,etc",
    "truncated": false,
    "entities": {
        "hashtags": [],
        "symbols": [],
        "user_mentions": [
            {
                "screen_name": "WeGotChingus",
                "name": "\u2727 WGC \u2727",
                "id": 228934738,
                "id_str": "228934738",
                "indices": [
                    0,
                    13
                ]
            }
        ],
        "urls": []
    },
    "metadata": {
        "iso_language_code": "en",
        "result_type": "recent"
    },
    "source": "<a href=\"http://twitter.com/download/android\" rel=\"nofollow\">Twitter for Android</a>",
    "in_reply_to_status_id": 1106152301226418177,
    "in_reply_to_status_id_str": "1106152301226418177",
    "in_reply_to_user_id": 228934738,
    "in_reply_to_user_id_str": "228934738",
    "in_reply_to_screen_name": "WeGotChingus",
    "user": {
        "id": 1076054004,
        "id_str": "1076054004",
        "name": "jeqin.jfb",
        "screen_name": "rlquins",
        "location": "on ts.",
        "description": "(.rp) ;\uff0dTHE GODDESS RUBY JANE FROM BLACKPINK - 1 9 9 6's .part of ningrat fams \u30fetwin : kepyla",
        "url": "https://t.co/qX7kVG6h1u",
        "entities": {
            "url": {
                "urls": [
                    {
                        "url": "https://t.co/qX7kVG6h1u",
                        "expanded_url": "http://menelclub.bangxatclub.com",
                        "display_url": "menelclub.bangxatclub.com",
                        "indices": [
                            0,
                            23
                        ]
                    }
                ]
            },
            "description": {
                "urls": []
            }
        },
        "protected": false,
        "followers_count": 14217,
        "friends_count": 11837,
        "listed_count": 18,
        "created_at": "Thu Jan 10 08:44:28 +0000 2013",
        "favourites_count": 1471,
        "utc_offset": null,
        "time_zone": null,
        "geo_enabled": true,
        "verified": false,
        "statuses_count": 87646,
        "lang": "id",
        "contributors_enabled": false,
        "is_translator": false,
        "is_translation_enabled": false,
        "profile_background_color": "FFF04D",
        "profile_background_image_url": "http://abs.twimg.com/images/themes/theme19/bg.gif",
        "profile_background_image_url_https": "https://abs.twimg.com/images/themes/theme19/bg.gif",
        "profile_background_tile": true,
        "profile_image_url": "http://pbs.twimg.com/profile_images/1105731507367231488/glBw3Ejg_normal.jpg",
        "profile_image_url_https": "https://pbs.twimg.com/profile_images/1105731507367231488/glBw3Ejg_normal.jpg",
        "profile_banner_url": "https://pbs.twimg.com/profile_banners/1076054004/1551944054",
        "profile_link_color": "DD2E44",
        "profile_sidebar_border_color": "FFFFFF",
        "profile_sidebar_fill_color": "F6FFD1",
        "profile_text_color": "333333",
        "profile_use_background_image": true,
        "has_extended_profile": true,
        "default_profile": false,
        "default_profile_image": false,
        "following": null,
        "follow_request_sent": null,
        "notifications": null,
        "translator_type": "none"
    },
    "geo": null,
    "coordinates": null,
    "place": null,
    "contributors": null,
    "is_quote_status": false,
    "retweet_count": 0,
    "favorite_count": 0,
    "favorited": false,
    "retweeted": false,
    "lang": "en"
}