{
    "created_at": "Thu Mar 14 13:20:53 +0000 2019",
    "id": 1106183416582758400,
    "id_str": "1106183416582758400",
    "text": "IDK why all of the Instagram brands are getting Stans when MAC has been out here being INCLUSIVE, charitable and no\u2026 https://t.co/rOm4QIy52W",
    "truncated": true,
    "entities": {
        "hashtags": [],
        "symbols": [],
        "user_mentions": [],
        "urls": [
            {
                "url": "https://t.co/rOm4QIy52W",
                "expanded_url": "https://twitter.com/i/web/status/1106183416582758400",
                "display_url": "twitter.com/i/web/status/1\u2026",
                "indices": [
                    117,
                    140
                ]
            }
        ]
    },
    "metadata": {
        "iso_language_code": "en",
        "result_type": "recent"
    },
    "source": "<a href=\"http://twitter.com/download/iphone\" rel=\"nofollow\">Twitter for iPhone</a>",
    "in_reply_to_status_id": null,
    "in_reply_to_status_id_str": null,
    "in_reply_to_user_id": null,
    "in_reply_to_user_id_str": null,
    "in_reply_to_screen_name": null,
    "user": {
        "id": 251131434,
        "id_str": "251131434",
        "name": "Sara",
        "screen_name": "pursuingpages",
        "location": "718",
        "description": "\"Believe half of what you see, son, and none of what you hear.\" // \u2022 resist \u2022 // Only love endures",
        "url": null,
        "entities": {
            "description": {
                "urls": []
            }
        },
        "protected": false,
        "followers_count": 306,
        "friends_count": 327,
        "listed_count": 11,
        "created_at": "Sat Feb 12 14:13:41 +0000 2011",
        "favourites_count": 12244,
        "utc_offset": null,
        "time_zone": null,
        "geo_enabled": false,
        "verified": false,
        "statuses_count": 17235,
        "lang": "en",
        "contributors_enabled": false,
        "is_translator": false,
        "is_translation_enabled": false,
        "profile_background_color": "A8F7C1",
        "profile_background_image_url": "http://abs.twimg.com/images/themes/theme1/bg.png",
        "profile_background_image_url_https": "https://abs.twimg.com/images/themes/theme1/bg.png",
        "profile_background_tile": false,
        "profile_image_url": "http://pbs.twimg.com/profile_images/1000936731628179457/AsQPVrxt_normal.jpg",
        "profile_image_url_https": "https://pbs.twimg.com/profile_images/1000936731628179457/AsQPVrxt_normal.jpg",
        "profile_banner_url": "https://pbs.twimg.com/profile_banners/251131434/1507906230",
        "profile_link_color": "1AA137",
        "profile_sidebar_border_color": "0D6610",
        "profile_sidebar_fill_color": "14591C",
        "profile_text_color": "0A0A0A",
        "profile_use_background_image": true,
        "has_extended_profile": false,
        "default_profile": false,
        "default_profile_image": false,
        "following": null,
        "follow_request_sent": null,
        "notifications": null,
        "translator_type": "none"
    },
    "geo": null,
    "coordinates": null,
    "place": null,
    "contributors": null,
    "is_quote_status": true,
    "quoted_status_id": 1069022468407525376,
    "quoted_status_id_str": "1069022468407525376",
    "quoted_status": {
        "created_at": "Sun Dec 02 00:16:32 +0000 2018",
        "id": 1069022468407525376,
        "id_str": "1069022468407525376",
        "text": "M\u2022A\u2022C AIDS Fund: 25 years, 1,812 organizations supported, $490,000,000 raised. Together, we can create a future fre\u2026 https://t.co/ofROYMWzD3",
        "truncated": true,
        "entities": {
            "hashtags": [],
            "symbols": [],
            "user_mentions": [],
            "urls": [
                {
                    "url": "https://t.co/ofROYMWzD3",
                    "expanded_url": "https://twitter.com/i/web/status/1069022468407525376",
                    "display_url": "twitter.com/i/web/status/1\u2026",
                    "indices": [
                        117,
                        140
                    ]
                }
            ]
        },
        "metadata": {
            "iso_language_code": "en",
            "result_type": "recent"
        },
        "source": "<a href=\"http://twitter.com/download/iphone\" rel=\"nofollow\">Twitter for iPhone</a>",
        "in_reply_to_status_id": null,
        "in_reply_to_status_id_str": null,
        "in_reply_to_user_id": null,
        "in_reply_to_user_id_str": null,
        "in_reply_to_screen_name": null,
        "user": {
            "id": 15225275,
            "id_str": "15225275",
            "name": "MAC Cosmetics",
            "screen_name": "MACcosmetics",
            "location": "SoHo, New York",
            "description": "The official M\u00b7A\u00b7C Cosmetics account. Tweeting for All Ages, All Races, All Genders.",
            "url": "https://t.co/DRu0VwoU1k",
            "entities": {
                "url": {
                    "urls": [
                        {
                            "url": "https://t.co/DRu0VwoU1k",
                            "expanded_url": "http://www.maccosmetics.com",
                            "display_url": "maccosmetics.com",
                            "indices": [
                                0,
                                23
                            ]
                        }
                    ]
                },
                "description": {
                    "urls": []
                }
            },
            "protected": false,
            "followers_count": 1548069,
            "friends_count": 1112,
            "listed_count": 3381,
            "created_at": "Tue Jun 24 23:23:44 +0000 2008",
            "favourites_count": 1208,
            "utc_offset": null,
            "time_zone": null,
            "geo_enabled": false,
            "verified": true,
            "statuses_count": 48969,
            "lang": "en",
            "contributors_enabled": false,
            "is_translator": false,
            "is_translation_enabled": false,
            "profile_background_color": "030303",
            "profile_background_image_url": "http://abs.twimg.com/images/themes/theme1/bg.png",
            "profile_background_image_url_https": "https://abs.twimg.com/images/themes/theme1/bg.png",
            "profile_background_tile": false,
            "profile_image_url": "http://pbs.twimg.com/profile_images/469113578872532992/FtsGh_LG_normal.png",
            "profile_image_url_https": "https://pbs.twimg.com/profile_images/469113578872532992/FtsGh_LG_normal.png",
            "profile_banner_url": "https://pbs.twimg.com/profile_banners/15225275/1398885635",
            "profile_link_color": "858585",
            "profile_sidebar_border_color": "FFFFFF",
            "profile_sidebar_fill_color": "D4D4D4",
            "profile_text_color": "FAFAFA",
            "profile_use_background_image": true,
            "has_extended_profile": false,
            "default_profile": false,
            "default_profile_image": false,
            "following": null,
            "follow_request_sent": null,
            "notifications": null,
            "translator_type": "none"
        },
        "geo": null,
        "coordinates": null,
        "place": null,
        "contributors": null,
        "is_quote_status": false,
        "retweet_count": 82,
        "favorite_count": 302,
        "favorited": false,
        "retweeted": false,
        "possibly_sensitive": false,
        "lang": "en"
    },
    "retweet_count": 0,
    "favorite_count": 0,
    "favorited": false,
    "retweeted": false,
    "possibly_sensitive": false,
    "lang": "en"
}