{
    "created_at": "Thu Mar 14 06:51:20 +0000 2019",
    "id": 1106085384683995137,
    "id_str": "1106085384683995137",
    "text": "Details from yesterday\u2019s #MakeUp using MAC Cosmetics Africa #myartistcommunitysa \n1- Embark eyeshadow on the Crease\u2026 https://t.co/USxxNYeuBZ",
    "truncated": true,
    "entities": {
        "hashtags": [
            {
                "text": "MakeUp",
                "indices": [
                    25,
                    32
                ]
            },
            {
                "text": "myartistcommunitysa",
                "indices": [
                    60,
                    80
                ]
            }
        ],
        "symbols": [],
        "user_mentions": [],
        "urls": [
            {
                "url": "https://t.co/USxxNYeuBZ",
                "expanded_url": "https://twitter.com/i/web/status/1106085384683995137",
                "display_url": "twitter.com/i/web/status/1\u2026",
                "indices": [
                    117,
                    140
                ]
            }
        ]
    },
    "metadata": {
        "iso_language_code": "en",
        "result_type": "recent"
    },
    "source": "<a href=\"http://www.facebook.com/twitter\" rel=\"nofollow\">Facebook</a>",
    "in_reply_to_status_id": null,
    "in_reply_to_status_id_str": null,
    "in_reply_to_user_id": null,
    "in_reply_to_user_id_str": null,
    "in_reply_to_screen_name": null,
    "user": {
        "id": 60166469,
        "id_str": "60166469",
        "name": "THEE Muzi Zuma",
        "screen_name": "Muzi_Z",
        "location": "South Africa",
        "description": "GOD's Playground \ud83d\udc51 T.V. PRESENTER @Moja_Beat on @MojaLoveTV @Dstv Channel 157 every Wednesday at 17h00pm \ud83c\udfa5",
        "url": null,
        "entities": {
            "description": {
                "urls": []
            }
        },
        "protected": false,
        "followers_count": 10731,
        "friends_count": 635,
        "listed_count": 68,
        "created_at": "Sat Jul 25 22:34:22 +0000 2009",
        "favourites_count": 7195,
        "utc_offset": null,
        "time_zone": null,
        "geo_enabled": true,
        "verified": false,
        "statuses_count": 99931,
        "lang": "en",
        "contributors_enabled": false,
        "is_translator": false,
        "is_translation_enabled": false,
        "profile_background_color": "C0DEED",
        "profile_background_image_url": "http://abs.twimg.com/images/themes/theme1/bg.png",
        "profile_background_image_url_https": "https://abs.twimg.com/images/themes/theme1/bg.png",
        "profile_background_tile": false,
        "profile_image_url": "http://pbs.twimg.com/profile_images/1100108210835476483/9QT-Etvc_normal.jpg",
        "profile_image_url_https": "https://pbs.twimg.com/profile_images/1100108210835476483/9QT-Etvc_normal.jpg",
        "profile_banner_url": "https://pbs.twimg.com/profile_banners/60166469/1548233202",
        "profile_link_color": "0084B4",
        "profile_sidebar_border_color": "C0DEED",
        "profile_sidebar_fill_color": "DDEEF6",
        "profile_text_color": "333333",
        "profile_use_background_image": true,
        "has_extended_profile": true,
        "default_profile": false,
        "default_profile_image": false,
        "following": null,
        "follow_request_sent": null,
        "notifications": null,
        "translator_type": "none"
    },
    "geo": null,
    "coordinates": null,
    "place": null,
    "contributors": null,
    "is_quote_status": false,
    "retweet_count": 0,
    "favorite_count": 0,
    "favorited": false,
    "retweeted": false,
    "possibly_sensitive": false,
    "lang": "en"
}