{
    "created_at": "Thu Mar 14 12:19:48 +0000 2019",
    "id": 1106168046060822529,
    "id_str": "1106168046060822529",
    "text": "RT @wwd: In a rare instance of harmony in the beauty industry, @BenefitBeauty and @MACcosmetics are both partnering with Planned Parenthood\u2026",
    "truncated": false,
    "entities": {
        "hashtags": [],
        "symbols": [],
        "user_mentions": [
            {
                "screen_name": "wwd",
                "name": "WWD",
                "id": 19784831,
                "id_str": "19784831",
                "indices": [
                    3,
                    7
                ]
            },
            {
                "screen_name": "BenefitBeauty",
                "name": "Benefit Cosmetics US",
                "id": 18220767,
                "id_str": "18220767",
                "indices": [
                    63,
                    77
                ]
            },
            {
                "screen_name": "MACcosmetics",
                "name": "MAC Cosmetics",
                "id": 15225275,
                "id_str": "15225275",
                "indices": [
                    82,
                    95
                ]
            }
        ],
        "urls": []
    },
    "metadata": {
        "iso_language_code": "en",
        "result_type": "recent"
    },
    "source": "<a href=\"http://twitter.com/download/android\" rel=\"nofollow\">Twitter for Android</a>",
    "in_reply_to_status_id": null,
    "in_reply_to_status_id_str": null,
    "in_reply_to_user_id": null,
    "in_reply_to_user_id_str": null,
    "in_reply_to_screen_name": null,
    "user": {
        "id": 2163551056,
        "id_str": "2163551056",
        "name": "(((Lesley Roberts)))",
        "screen_name": "gallimaufrey777",
        "location": "Warwickshire",
        "description": "",
        "url": null,
        "entities": {
            "description": {
                "urls": []
            }
        },
        "protected": false,
        "followers_count": 3166,
        "friends_count": 4480,
        "listed_count": 1247,
        "created_at": "Fri Nov 01 16:28:33 +0000 2013",
        "favourites_count": 178865,
        "utc_offset": null,
        "time_zone": null,
        "geo_enabled": true,
        "verified": false,
        "statuses_count": 581306,
        "lang": "en",
        "contributors_enabled": false,
        "is_translator": false,
        "is_translation_enabled": false,
        "profile_background_color": "C0DEED",
        "profile_background_image_url": "http://abs.twimg.com/images/themes/theme1/bg.png",
        "profile_background_image_url_https": "https://abs.twimg.com/images/themes/theme1/bg.png",
        "profile_background_tile": false,
        "profile_image_url": "http://pbs.twimg.com/profile_images/378800000801417603/8336596298a033b9e65ab28a4c7e6a5a_normal.jpeg",
        "profile_image_url_https": "https://pbs.twimg.com/profile_images/378800000801417603/8336596298a033b9e65ab28a4c7e6a5a_normal.jpeg",
        "profile_banner_url": "https://pbs.twimg.com/profile_banners/2163551056/1385639587",
        "profile_link_color": "1DA1F2",
        "profile_sidebar_border_color": "C0DEED",
        "profile_sidebar_fill_color": "DDEEF6",
        "profile_text_color": "333333",
        "profile_use_background_image": true,
        "has_extended_profile": false,
        "default_profile": true,
        "default_profile_image": false,
        "following": null,
        "follow_request_sent": null,
        "notifications": null,
        "translator_type": "none"
    },
    "geo": null,
    "coordinates": null,
    "place": null,
    "contributors": null,
    "retweeted_status": {
        "created_at": "Tue Mar 12 19:52:43 +0000 2019",
        "id": 1105557249546743808,
        "id_str": "1105557249546743808",
        "text": "In a rare instance of harmony in the beauty industry, @BenefitBeauty and @MACcosmetics are both partnering with Pla\u2026 https://t.co/gE1QjPQlnG",
        "truncated": true,
        "entities": {
            "hashtags": [],
            "symbols": [],
            "user_mentions": [
                {
                    "screen_name": "BenefitBeauty",
                    "name": "Benefit Cosmetics US",
                    "id": 18220767,
                    "id_str": "18220767",
                    "indices": [
                        54,
                        68
                    ]
                },
                {
                    "screen_name": "MACcosmetics",
                    "name": "MAC Cosmetics",
                    "id": 15225275,
                    "id_str": "15225275",
                    "indices": [
                        73,
                        86
                    ]
                }
            ],
            "urls": [
                {
                    "url": "https://t.co/gE1QjPQlnG",
                    "expanded_url": "https://twitter.com/i/web/status/1105557249546743808",
                    "display_url": "twitter.com/i/web/status/1\u2026",
                    "indices": [
                        117,
                        140
                    ]
                }
            ]
        },
        "metadata": {
            "iso_language_code": "en",
            "result_type": "recent"
        },
        "source": "<a href=\"http://www.socialflow.com\" rel=\"nofollow\">SocialFlow</a>",
        "in_reply_to_status_id": null,
        "in_reply_to_status_id_str": null,
        "in_reply_to_user_id": null,
        "in_reply_to_user_id_str": null,
        "in_reply_to_screen_name": null,
        "user": {
            "id": 19784831,
            "id_str": "19784831",
            "name": "WWD",
            "screen_name": "wwd",
            "location": "",
            "description": "Fashion. Beauty. Business.",
            "url": "https://t.co/cPXqYW8i1R",
            "entities": {
                "url": {
                    "urls": [
                        {
                            "url": "https://t.co/cPXqYW8i1R",
                            "expanded_url": "http://wwd.com",
                            "display_url": "wwd.com",
                            "indices": [
                                0,
                                23
                            ]
                        }
                    ]
                },
                "description": {
                    "urls": []
                }
            },
            "protected": false,
            "followers_count": 2887873,
            "friends_count": 461,
            "listed_count": 14580,
            "created_at": "Fri Jan 30 19:56:07 +0000 2009",
            "favourites_count": 1766,
            "utc_offset": null,
            "time_zone": null,
            "geo_enabled": false,
            "verified": true,
            "statuses_count": 77613,
            "lang": "en",
            "contributors_enabled": false,
            "is_translator": false,
            "is_translation_enabled": false,
            "profile_background_color": "000000",
            "profile_background_image_url": "http://abs.twimg.com/images/themes/theme4/bg.gif",
            "profile_background_image_url_https": "https://abs.twimg.com/images/themes/theme4/bg.gif",
            "profile_background_tile": true,
            "profile_image_url": "http://pbs.twimg.com/profile_images/821473222700974080/-pKeUvf8_normal.jpg",
            "profile_image_url_https": "https://pbs.twimg.com/profile_images/821473222700974080/-pKeUvf8_normal.jpg",
            "profile_banner_url": "https://pbs.twimg.com/profile_banners/19784831/1525973495",
            "profile_link_color": "55C1D4",
            "profile_sidebar_border_color": "FFFFFF",
            "profile_sidebar_fill_color": "000000",
            "profile_text_color": "A3A3A3",
            "profile_use_background_image": false,
            "has_extended_profile": false,
            "default_profile": false,
            "default_profile_image": false,
            "following": null,
            "follow_request_sent": null,
            "notifications": null,
            "translator_type": "none"
        },
        "geo": null,
        "coordinates": null,
        "place": null,
        "contributors": null,
        "is_quote_status": false,
        "retweet_count": 33,
        "favorite_count": 149,
        "favorited": false,
        "retweeted": false,
        "possibly_sensitive": false,
        "lang": "en"
    },
    "is_quote_status": false,
    "retweet_count": 33,
    "favorite_count": 0,
    "favorited": false,
    "retweeted": false,
    "lang": "en"
}