{
    "created_at": "Thu Mar 14 03:25:22 +0000 2019",
    "id": 1106033551735025664,
    "id_str": "1106033551735025664",
    "text": "Sephora, Illamasqua, MAC Cosmetics https://t.co/p7BrxpA8cc",
    "truncated": false,
    "entities": {
        "hashtags": [],
        "symbols": [],
        "user_mentions": [],
        "urls": [],
        "media": [
            {
                "id": 1106033544982290437,
                "id_str": "1106033544982290437",
                "indices": [
                    35,
                    58
                ],
                "media_url": "http://pbs.twimg.com/tweet_video_thumb/D1lrpi5V4AUJe4B.jpg",
                "media_url_https": "https://pbs.twimg.com/tweet_video_thumb/D1lrpi5V4AUJe4B.jpg",
                "url": "https://t.co/p7BrxpA8cc",
                "display_url": "pic.twitter.com/p7BrxpA8cc",
                "expanded_url": "https://twitter.com/BriannaBinds/status/1106033551735025664/photo/1",
                "type": "photo",
                "sizes": {
                    "medium": {
                        "w": 498,
                        "h": 204,
                        "resize": "fit"
                    },
                    "thumb": {
                        "w": 150,
                        "h": 150,
                        "resize": "crop"
                    },
                    "small": {
                        "w": 498,
                        "h": 204,
                        "resize": "fit"
                    },
                    "large": {
                        "w": 498,
                        "h": 204,
                        "resize": "fit"
                    }
                }
            }
        ]
    },
    "extended_entities": {
        "media": [
            {
                "id": 1106033544982290437,
                "id_str": "1106033544982290437",
                "indices": [
                    35,
                    58
                ],
                "media_url": "http://pbs.twimg.com/tweet_video_thumb/D1lrpi5V4AUJe4B.jpg",
                "media_url_https": "https://pbs.twimg.com/tweet_video_thumb/D1lrpi5V4AUJe4B.jpg",
                "url": "https://t.co/p7BrxpA8cc",
                "display_url": "pic.twitter.com/p7BrxpA8cc",
                "expanded_url": "https://twitter.com/BriannaBinds/status/1106033551735025664/photo/1",
                "type": "animated_gif",
                "sizes": {
                    "medium": {
                        "w": 498,
                        "h": 204,
                        "resize": "fit"
                    },
                    "thumb": {
                        "w": 150,
                        "h": 150,
                        "resize": "crop"
                    },
                    "small": {
                        "w": 498,
                        "h": 204,
                        "resize": "fit"
                    },
                    "large": {
                        "w": 498,
                        "h": 204,
                        "resize": "fit"
                    }
                },
                "video_info": {
                    "aspect_ratio": [
                        83,
                        34
                    ],
                    "variants": [
                        {
                            "bitrate": 0,
                            "content_type": "video/mp4",
                            "url": "https://video.twimg.com/tweet_video/D1lrpi5V4AUJe4B.mp4"
                        }
                    ]
                }
            }
        ]
    },
    "metadata": {
        "result_type": "recent",
        "iso_language_code": "ca"
    },
    "source": "<a href=\"http://twitter.com/#!/download/ipad\" rel=\"nofollow\">Twitter for iPad</a>",
    "in_reply_to_status_id": 1106032902414831616,
    "in_reply_to_status_id_str": "1106032902414831616",
    "in_reply_to_user_id": 947223346546016256,
    "in_reply_to_user_id_str": "947223346546016256",
    "in_reply_to_screen_name": "BriannaBinds",
    "user": {
        "id": 947223346546016256,
        "id_str": "947223346546016256",
        "name": "\u15f7\u1587\u13a5\u15f4\ud83d\udda4",
        "screen_name": "BriannaBinds",
        "location": "Not the UK",
        "description": "Fiery red headed binch with long tiger claws\ud83d\udc05\ud83d\udc85",
        "url": "https://t.co/i3DjeVOxlz",
        "entities": {
            "url": {
                "urls": [
                    {
                        "url": "https://t.co/i3DjeVOxlz",
                        "expanded_url": "https://media2.giphy.com/media/qfvXYYfyZTVDi/giphy.gif?cid=4bf119fc5c4e2b9d3339663173a2d566",
                        "display_url": "media2.giphy.com/media/qfvXYYfy\u2026",
                        "indices": [
                            0,
                            23
                        ]
                    }
                ]
            },
            "description": {
                "urls": []
            }
        },
        "protected": false,
        "followers_count": 9291,
        "friends_count": 235,
        "listed_count": 9,
        "created_at": "Sat Dec 30 21:50:19 +0000 2017",
        "favourites_count": 18502,
        "utc_offset": null,
        "time_zone": null,
        "geo_enabled": false,
        "verified": false,
        "statuses_count": 828,
        "lang": "en",
        "contributors_enabled": false,
        "is_translator": false,
        "is_translation_enabled": false,
        "profile_background_color": "000000",
        "profile_background_image_url": "http://abs.twimg.com/images/themes/theme1/bg.png",
        "profile_background_image_url_https": "https://abs.twimg.com/images/themes/theme1/bg.png",
        "profile_background_tile": false,
        "profile_image_url": "http://pbs.twimg.com/profile_images/1099758047881117696/r3V8iGYK_normal.jpg",
        "profile_image_url_https": "https://pbs.twimg.com/profile_images/1099758047881117696/r3V8iGYK_normal.jpg",
        "profile_banner_url": "https://pbs.twimg.com/profile_banners/947223346546016256/1540497554",
        "profile_link_color": "800020",
        "profile_sidebar_border_color": "000000",
        "profile_sidebar_fill_color": "000000",
        "profile_text_color": "000000",
        "profile_use_background_image": false,
        "has_extended_profile": false,
        "default_profile": false,
        "default_profile_image": false,
        "following": null,
        "follow_request_sent": null,
        "notifications": null,
        "translator_type": "none"
    },
    "geo": null,
    "coordinates": null,
    "place": null,
    "contributors": null,
    "is_quote_status": false,
    "retweet_count": 0,
    "favorite_count": 9,
    "favorited": false,
    "retweeted": false,
    "possibly_sensitive": false,
    "lang": "ca"
}