{
    "created_at": "Thu Mar 14 08:18:49 +0000 2019",
    "id": 1106107401533452288,
    "id_str": "1106107401533452288",
    "text": "RT @aktf_wcbh: \u3082\u3046\u3042\u3063\u305f\u3057  \u8cb7\u3046\u3057\nhttps://t.co/iYeelS1JGy https://t.co/jB4afsYUk1",
    "truncated": false,
    "entities": {
        "hashtags": [],
        "symbols": [],
        "user_mentions": [
            {
                "screen_name": "aktf_wcbh",
                "name": "\u5fd7",
                "id": 2464519129,
                "id_str": "2464519129",
                "indices": [
                    3,
                    13
                ]
            }
        ],
        "urls": [
            {
                "url": "https://t.co/iYeelS1JGy",
                "expanded_url": "https://www.popsugar.com/beauty/MAC-Cosmetics-Disney-Aladdin-Collection-2019-45909442",
                "display_url": "popsugar.com/beauty/MAC-Cos\u2026",
                "indices": [
                    27,
                    50
                ]
            }
        ],
        "media": [
            {
                "id": 1106030238171947008,
                "id_str": "1106030238171947008",
                "indices": [
                    51,
                    74
                ],
                "media_url": "http://pbs.twimg.com/media/D1lopEEUYAAF8nc.jpg",
                "media_url_https": "https://pbs.twimg.com/media/D1lopEEUYAAF8nc.jpg",
                "url": "https://t.co/jB4afsYUk1",
                "display_url": "pic.twitter.com/jB4afsYUk1",
                "expanded_url": "https://twitter.com/aktf_wcbh/status/1106030243083575297/photo/1",
                "type": "photo",
                "sizes": {
                    "medium": {
                        "w": 728,
                        "h": 951,
                        "resize": "fit"
                    },
                    "thumb": {
                        "w": 150,
                        "h": 150,
                        "resize": "crop"
                    },
                    "small": {
                        "w": 521,
                        "h": 680,
                        "resize": "fit"
                    },
                    "large": {
                        "w": 728,
                        "h": 951,
                        "resize": "fit"
                    }
                },
                "source_status_id": 1106030243083575297,
                "source_status_id_str": "1106030243083575297",
                "source_user_id": 2464519129,
                "source_user_id_str": "2464519129"
            }
        ]
    },
    "extended_entities": {
        "media": [
            {
                "id": 1106030238171947008,
                "id_str": "1106030238171947008",
                "indices": [
                    51,
                    74
                ],
                "media_url": "http://pbs.twimg.com/media/D1lopEEUYAAF8nc.jpg",
                "media_url_https": "https://pbs.twimg.com/media/D1lopEEUYAAF8nc.jpg",
                "url": "https://t.co/jB4afsYUk1",
                "display_url": "pic.twitter.com/jB4afsYUk1",
                "expanded_url": "https://twitter.com/aktf_wcbh/status/1106030243083575297/photo/1",
                "type": "photo",
                "sizes": {
                    "medium": {
                        "w": 728,
                        "h": 951,
                        "resize": "fit"
                    },
                    "thumb": {
                        "w": 150,
                        "h": 150,
                        "resize": "crop"
                    },
                    "small": {
                        "w": 521,
                        "h": 680,
                        "resize": "fit"
                    },
                    "large": {
                        "w": 728,
                        "h": 951,
                        "resize": "fit"
                    }
                },
                "source_status_id": 1106030243083575297,
                "source_status_id_str": "1106030243083575297",
                "source_user_id": 2464519129,
                "source_user_id_str": "2464519129"
            },
            {
                "id": 1106030238167781376,
                "id_str": "1106030238167781376",
                "indices": [
                    51,
                    74
                ],
                "media_url": "http://pbs.twimg.com/media/D1lopEDU0AABjhP.jpg",
                "media_url_https": "https://pbs.twimg.com/media/D1lopEDU0AABjhP.jpg",
                "url": "https://t.co/jB4afsYUk1",
                "display_url": "pic.twitter.com/jB4afsYUk1",
                "expanded_url": "https://twitter.com/aktf_wcbh/status/1106030243083575297/photo/1",
                "type": "photo",
                "sizes": {
                    "thumb": {
                        "w": 150,
                        "h": 150,
                        "resize": "crop"
                    },
                    "large": {
                        "w": 791,
                        "h": 1024,
                        "resize": "fit"
                    },
                    "small": {
                        "w": 525,
                        "h": 680,
                        "resize": "fit"
                    },
                    "medium": {
                        "w": 791,
                        "h": 1024,
                        "resize": "fit"
                    }
                },
                "source_status_id": 1106030243083575297,
                "source_status_id_str": "1106030243083575297",
                "source_user_id": 2464519129,
                "source_user_id_str": "2464519129"
            },
            {
                "id": 1106030238171983872,
                "id_str": "1106030238171983872",
                "indices": [
                    51,
                    74
                ],
                "media_url": "http://pbs.twimg.com/media/D1lopEEU8AAe9NI.jpg",
                "media_url_https": "https://pbs.twimg.com/media/D1lopEEU8AAe9NI.jpg",
                "url": "https://t.co/jB4afsYUk1",
                "display_url": "pic.twitter.com/jB4afsYUk1",
                "expanded_url": "https://twitter.com/aktf_wcbh/status/1106030243083575297/photo/1",
                "type": "photo",
                "sizes": {
                    "thumb": {
                        "w": 150,
                        "h": 150,
                        "resize": "crop"
                    },
                    "large": {
                        "w": 791,
                        "h": 1024,
                        "resize": "fit"
                    },
                    "medium": {
                        "w": 791,
                        "h": 1024,
                        "resize": "fit"
                    },
                    "small": {
                        "w": 525,
                        "h": 680,
                        "resize": "fit"
                    }
                },
                "source_status_id": 1106030243083575297,
                "source_status_id_str": "1106030243083575297",
                "source_user_id": 2464519129,
                "source_user_id_str": "2464519129"
            },
            {
                "id": 1106030238167781377,
                "id_str": "1106030238167781377",
                "indices": [
                    51,
                    74
                ],
                "media_url": "http://pbs.twimg.com/media/D1lopEDU0AE8ElX.jpg",
                "media_url_https": "https://pbs.twimg.com/media/D1lopEDU0AE8ElX.jpg",
                "url": "https://t.co/jB4afsYUk1",
                "display_url": "pic.twitter.com/jB4afsYUk1",
                "expanded_url": "https://twitter.com/aktf_wcbh/status/1106030243083575297/photo/1",
                "type": "photo",
                "sizes": {
                    "thumb": {
                        "w": 150,
                        "h": 150,
                        "resize": "crop"
                    },
                    "small": {
                        "w": 525,
                        "h": 680,
                        "resize": "fit"
                    },
                    "large": {
                        "w": 791,
                        "h": 1024,
                        "resize": "fit"
                    },
                    "medium": {
                        "w": 791,
                        "h": 1024,
                        "resize": "fit"
                    }
                },
                "source_status_id": 1106030243083575297,
                "source_status_id_str": "1106030243083575297",
                "source_user_id": 2464519129,
                "source_user_id_str": "2464519129"
            }
        ]
    },
    "metadata": {
        "iso_language_code": "ja",
        "result_type": "recent"
    },
    "source": "<a href=\"http://twitter.com/download/android\" rel=\"nofollow\">Twitter for Android</a>",
    "in_reply_to_status_id": null,
    "in_reply_to_status_id_str": null,
    "in_reply_to_user_id": null,
    "in_reply_to_user_id_str": null,
    "in_reply_to_screen_name": null,
    "user": {
        "id": 298830756,
        "id_str": "298830756",
        "name": "\u767d\u96ea\u307f\u307f",
        "screen_name": "MimiShirayuki",
        "location": "\u4f1a\u6d25",
        "description": "\u7121\u53cc\u3001\u30c7\u30a3\u30ba\u30cb\u30fc\u3001DOA\u3001MCU\u3001\u5927\u6cb3\u30c9\u30e9\u30de\u7b49\u4e2d\u5fc3\u306b\u6d3b\u52d5\u3059\u308b\u81ea\u4f5c\u30b3\u30b9\u30d7\u30ec\u30a4\u30e4\u30fc\u3002\u305f\u307e\u306b\u6b74\u53f2\u626e\u88c5\u30dc\u30e9\u30f3\u30c6\u30a3\u30a2\u3002\u30ed\u30ea\u30fc\u30bf\u3082\u7740\u3066\u308b\u3002D\u4eee\u88c5\u57a2 @snowwhite33d\u3002\n\u771f\u7530\u4e38\u3001\u76f4\u864e\u3001\u30a2\u30b7\u30ac\u30fc\u30eb\u5c0a\u3044\ud83d\ude4f\ud83d\ude2d\ud83d\udc9f\u30d7\u30ea\u30b3\u30cdR\u304c\u30a2\u30c4\u3044\uff01\ud83c\udf59",
        "url": "https://t.co/heYretJiHG",
        "entities": {
            "url": {
                "urls": [
                    {
                        "url": "https://t.co/heYretJiHG",
                        "expanded_url": "http://www.cosp.jp/prof.aspx?id=266649",
                        "display_url": "cosp.jp/prof.aspx?id=2\u2026",
                        "indices": [
                            0,
                            23
                        ]
                    }
                ]
            },
            "description": {
                "urls": []
            }
        },
        "protected": false,
        "followers_count": 1490,
        "friends_count": 1077,
        "listed_count": 36,
        "created_at": "Sun May 15 01:10:07 +0000 2011",
        "favourites_count": 30237,
        "utc_offset": null,
        "time_zone": null,
        "geo_enabled": true,
        "verified": false,
        "statuses_count": 129136,
        "lang": "ja",
        "contributors_enabled": false,
        "is_translator": false,
        "is_translation_enabled": false,
        "profile_background_color": "FF6699",
        "profile_background_image_url": "http://abs.twimg.com/images/themes/theme11/bg.gif",
        "profile_background_image_url_https": "https://abs.twimg.com/images/themes/theme11/bg.gif",
        "profile_background_tile": true,
        "profile_image_url": "http://pbs.twimg.com/profile_images/1104331795418365953/L6wN9Oim_normal.jpg",
        "profile_image_url_https": "https://pbs.twimg.com/profile_images/1104331795418365953/L6wN9Oim_normal.jpg",
        "profile_banner_url": "https://pbs.twimg.com/profile_banners/298830756/1552428038",
        "profile_link_color": "F5ABB5",
        "profile_sidebar_border_color": "000000",
        "profile_sidebar_fill_color": "000000",
        "profile_text_color": "000000",
        "profile_use_background_image": true,
        "has_extended_profile": true,
        "default_profile": false,
        "default_profile_image": false,
        "following": null,
        "follow_request_sent": null,
        "notifications": null,
        "translator_type": "none"
    },
    "geo": null,
    "coordinates": null,
    "place": null,
    "contributors": null,
    "retweeted_status": {
        "created_at": "Thu Mar 14 03:12:13 +0000 2019",
        "id": 1106030243083575297,
        "id_str": "1106030243083575297",
        "text": "\u3082\u3046\u3042\u3063\u305f\u3057  \u8cb7\u3046\u3057\nhttps://t.co/iYeelS1JGy https://t.co/jB4afsYUk1",
        "truncated": false,
        "entities": {
            "hashtags": [],
            "symbols": [],
            "user_mentions": [],
            "urls": [
                {
                    "url": "https://t.co/iYeelS1JGy",
                    "expanded_url": "https://www.popsugar.com/beauty/MAC-Cosmetics-Disney-Aladdin-Collection-2019-45909442",
                    "display_url": "popsugar.com/beauty/MAC-Cos\u2026",
                    "indices": [
                        12,
                        35
                    ]
                }
            ],
            "media": [
                {
                    "id": 1106030238171947008,
                    "id_str": "1106030238171947008",
                    "indices": [
                        36,
                        59
                    ],
                    "media_url": "http://pbs.twimg.com/media/D1lopEEUYAAF8nc.jpg",
                    "media_url_https": "https://pbs.twimg.com/media/D1lopEEUYAAF8nc.jpg",
                    "url": "https://t.co/jB4afsYUk1",
                    "display_url": "pic.twitter.com/jB4afsYUk1",
                    "expanded_url": "https://twitter.com/aktf_wcbh/status/1106030243083575297/photo/1",
                    "type": "photo",
                    "sizes": {
                        "medium": {
                            "w": 728,
                            "h": 951,
                            "resize": "fit"
                        },
                        "thumb": {
                            "w": 150,
                            "h": 150,
                            "resize": "crop"
                        },
                        "small": {
                            "w": 521,
                            "h": 680,
                            "resize": "fit"
                        },
                        "large": {
                            "w": 728,
                            "h": 951,
                            "resize": "fit"
                        }
                    }
                }
            ]
        },
        "extended_entities": {
            "media": [
                {
                    "id": 1106030238171947008,
                    "id_str": "1106030238171947008",
                    "indices": [
                        36,
                        59
                    ],
                    "media_url": "http://pbs.twimg.com/media/D1lopEEUYAAF8nc.jpg",
                    "media_url_https": "https://pbs.twimg.com/media/D1lopEEUYAAF8nc.jpg",
                    "url": "https://t.co/jB4afsYUk1",
                    "display_url": "pic.twitter.com/jB4afsYUk1",
                    "expanded_url": "https://twitter.com/aktf_wcbh/status/1106030243083575297/photo/1",
                    "type": "photo",
                    "sizes": {
                        "medium": {
                            "w": 728,
                            "h": 951,
                            "resize": "fit"
                        },
                        "thumb": {
                            "w": 150,
                            "h": 150,
                            "resize": "crop"
                        },
                        "small": {
                            "w": 521,
                            "h": 680,
                            "resize": "fit"
                        },
                        "large": {
                            "w": 728,
                            "h": 951,
                            "resize": "fit"
                        }
                    }
                },
                {
                    "id": 1106030238167781376,
                    "id_str": "1106030238167781376",
                    "indices": [
                        36,
                        59
                    ],
                    "media_url": "http://pbs.twimg.com/media/D1lopEDU0AABjhP.jpg",
                    "media_url_https": "https://pbs.twimg.com/media/D1lopEDU0AABjhP.jpg",
                    "url": "https://t.co/jB4afsYUk1",
                    "display_url": "pic.twitter.com/jB4afsYUk1",
                    "expanded_url": "https://twitter.com/aktf_wcbh/status/1106030243083575297/photo/1",
                    "type": "photo",
                    "sizes": {
                        "thumb": {
                            "w": 150,
                            "h": 150,
                            "resize": "crop"
                        },
                        "large": {
                            "w": 791,
                            "h": 1024,
                            "resize": "fit"
                        },
                        "small": {
                            "w": 525,
                            "h": 680,
                            "resize": "fit"
                        },
                        "medium": {
                            "w": 791,
                            "h": 1024,
                            "resize": "fit"
                        }
                    }
                },
                {
                    "id": 1106030238171983872,
                    "id_str": "1106030238171983872",
                    "indices": [
                        36,
                        59
                    ],
                    "media_url": "http://pbs.twimg.com/media/D1lopEEU8AAe9NI.jpg",
                    "media_url_https": "https://pbs.twimg.com/media/D1lopEEU8AAe9NI.jpg",
                    "url": "https://t.co/jB4afsYUk1",
                    "display_url": "pic.twitter.com/jB4afsYUk1",
                    "expanded_url": "https://twitter.com/aktf_wcbh/status/1106030243083575297/photo/1",
                    "type": "photo",
                    "sizes": {
                        "thumb": {
                            "w": 150,
                            "h": 150,
                            "resize": "crop"
                        },
                        "large": {
                            "w": 791,
                            "h": 1024,
                            "resize": "fit"
                        },
                        "medium": {
                            "w": 791,
                            "h": 1024,
                            "resize": "fit"
                        },
                        "small": {
                            "w": 525,
                            "h": 680,
                            "resize": "fit"
                        }
                    }
                },
                {
                    "id": 1106030238167781377,
                    "id_str": "1106030238167781377",
                    "indices": [
                        36,
                        59
                    ],
                    "media_url": "http://pbs.twimg.com/media/D1lopEDU0AE8ElX.jpg",
                    "media_url_https": "https://pbs.twimg.com/media/D1lopEDU0AE8ElX.jpg",
                    "url": "https://t.co/jB4afsYUk1",
                    "display_url": "pic.twitter.com/jB4afsYUk1",
                    "expanded_url": "https://twitter.com/aktf_wcbh/status/1106030243083575297/photo/1",
                    "type": "photo",
                    "sizes": {
                        "thumb": {
                            "w": 150,
                            "h": 150,
                            "resize": "crop"
                        },
                        "small": {
                            "w": 525,
                            "h": 680,
                            "resize": "fit"
                        },
                        "large": {
                            "w": 791,
                            "h": 1024,
                            "resize": "fit"
                        },
                        "medium": {
                            "w": 791,
                            "h": 1024,
                            "resize": "fit"
                        }
                    }
                }
            ]
        },
        "metadata": {
            "iso_language_code": "ja",
            "result_type": "recent"
        },
        "source": "<a href=\"http://twitter.com/download/iphone\" rel=\"nofollow\">Twitter for iPhone</a>",
        "in_reply_to_status_id": 1106028845809819648,
        "in_reply_to_status_id_str": "1106028845809819648",
        "in_reply_to_user_id": 2464519129,
        "in_reply_to_user_id_str": "2464519129",
        "in_reply_to_screen_name": "aktf_wcbh",
        "user": {
            "id": 2464519129,
            "id_str": "2464519129",
            "name": "\u5fd7",
            "screen_name": "aktf_wcbh",
            "location": "\u6398\u524a\u5751",
            "description": "\u6d0b\u753b \u6d0b\u30c9\u30e9\u30de/ Love films, actors, and staffs who do filmmaking / \u7a7a\u3068\u6d77\u306e\u8a71\u3092\u3057\u307e\u3059 / Favourites: https://t.co/XKRIasMDvO",
            "url": "https://t.co/M4fpSAPisf",
            "entities": {
                "url": {
                    "urls": [
                        {
                            "url": "https://t.co/M4fpSAPisf",
                            "expanded_url": "http://privatter.net/u/aktf_wcbh",
                            "display_url": "privatter.net/u/aktf_wcbh",
                            "indices": [
                                0,
                                23
                            ]
                        }
                    ]
                },
                "description": {
                    "urls": [
                        {
                            "url": "https://t.co/XKRIasMDvO",
                            "expanded_url": "https://privatter.net/p/1040769",
                            "display_url": "privatter.net/p/1040769",
                            "indices": [
                                84,
                                107
                            ]
                        }
                    ]
                }
            },
            "protected": false,
            "followers_count": 11498,
            "friends_count": 68,
            "listed_count": 269,
            "created_at": "Sat Apr 26 11:37:55 +0000 2014",
            "favourites_count": 20425,
            "utc_offset": null,
            "time_zone": null,
            "geo_enabled": false,
            "verified": false,
            "statuses_count": 27464,
            "lang": "ja",
            "contributors_enabled": false,
            "is_translator": false,
            "is_translation_enabled": false,
            "profile_background_color": "1A1B1F",
            "profile_background_image_url": "http://abs.twimg.com/images/themes/theme9/bg.gif",
            "profile_background_image_url_https": "https://abs.twimg.com/images/themes/theme9/bg.gif",
            "profile_background_tile": false,
            "profile_image_url": "http://pbs.twimg.com/profile_images/875985972143542272/qROsEmh7_normal.jpg",
            "profile_image_url_https": "https://pbs.twimg.com/profile_images/875985972143542272/qROsEmh7_normal.jpg",
            "profile_banner_url": "https://pbs.twimg.com/profile_banners/2464519129/1431751812",
            "profile_link_color": "19CF86",
            "profile_sidebar_border_color": "181A1E",
            "profile_sidebar_fill_color": "252429",
            "profile_text_color": "666666",
            "profile_use_background_image": true,
            "has_extended_profile": false,
            "default_profile": false,
            "default_profile_image": false,
            "following": null,
            "follow_request_sent": null,
            "notifications": null,
            "translator_type": "none"
        },
        "geo": null,
        "coordinates": null,
        "place": null,
        "contributors": null,
        "is_quote_status": false,
        "retweet_count": 407,
        "favorite_count": 618,
        "favorited": false,
        "retweeted": false,
        "possibly_sensitive": false,
        "lang": "ja"
    },
    "is_quote_status": false,
    "retweet_count": 407,
    "favorite_count": 0,
    "favorited": false,
    "retweeted": false,
    "possibly_sensitive": false,
    "lang": "ja"
}