{
    "created_at": "Thu Mar 14 13:17:05 +0000 2019",
    "id": 1106182463930413060,
    "id_str": "1106182463930413060",
    "text": "MAC\u306e\u30ea\u30c3\u30d7\ud83d\udc84\ud83d\udc8b\n\u6df1\u307f\u306e\u3042\u308b\u8d64\u53ef\u611b\u3059\u304e\u308b\n\u3053\u308c\u304b\u3089\u5c11\u3057\u305a\u3064\u96c6\u3081\u3066\u3053\u2764\ufe0e\n\n#mac##maclipstick #maccosmetics #\u30de\u30c3\u30af\u30ea\u30c3\u30d7 #\u30de\u30c3\u30af\u30b3\u30b9\u30e1#makeup #lip #lipstick\u2026 https://t.co/PlCy6lKBL5",
    "truncated": true,
    "entities": {
        "hashtags": [
            {
                "text": "maclipstick",
                "indices": [
                    43,
                    55
                ]
            },
            {
                "text": "maccosmetics",
                "indices": [
                    56,
                    69
                ]
            },
            {
                "text": "\u30de\u30c3\u30af\u30ea\u30c3\u30d7",
                "indices": [
                    70,
                    77
                ]
            },
            {
                "text": "lip",
                "indices": [
                    93,
                    97
                ]
            },
            {
                "text": "lipstick",
                "indices": [
                    98,
                    107
                ]
            }
        ],
        "symbols": [],
        "user_mentions": [],
        "urls": [
            {
                "url": "https://t.co/PlCy6lKBL5",
                "expanded_url": "https://twitter.com/i/web/status/1106182463930413060",
                "display_url": "twitter.com/i/web/status/1\u2026",
                "indices": [
                    109,
                    132
                ]
            }
        ]
    },
    "metadata": {
        "iso_language_code": "ja",
        "result_type": "recent"
    },
    "source": "<a href=\"http://instagram.com\" rel=\"nofollow\">Instagram</a>",
    "in_reply_to_status_id": null,
    "in_reply_to_status_id_str": null,
    "in_reply_to_user_id": null,
    "in_reply_to_user_id_str": null,
    "in_reply_to_screen_name": null,
    "user": {
        "id": 2252272143,
        "id_str": "2252272143",
        "name": "asuka",
        "screen_name": "happy_days0506",
        "location": "",
        "description": "setouchi\u2461",
        "url": "https://t.co/wFAzahDneC",
        "entities": {
            "url": {
                "urls": [
                    {
                        "url": "https://t.co/wFAzahDneC",
                        "expanded_url": "http://Instagram.com/a___chan0902",
                        "display_url": "Instagram.com/a___chan0902",
                        "indices": [
                            0,
                            23
                        ]
                    }
                ]
            },
            "description": {
                "urls": []
            }
        },
        "protected": false,
        "followers_count": 1377,
        "friends_count": 397,
        "listed_count": 3,
        "created_at": "Mon Dec 30 15:59:44 +0000 2013",
        "favourites_count": 29873,
        "utc_offset": null,
        "time_zone": null,
        "geo_enabled": true,
        "verified": false,
        "statuses_count": 10532,
        "lang": "ja",
        "contributors_enabled": false,
        "is_translator": false,
        "is_translation_enabled": false,
        "profile_background_color": "FF6699",
        "profile_background_image_url": "http://abs.twimg.com/images/themes/theme11/bg.gif",
        "profile_background_image_url_https": "https://abs.twimg.com/images/themes/theme11/bg.gif",
        "profile_background_tile": true,
        "profile_image_url": "http://pbs.twimg.com/profile_images/1089158248941285376/vMHV-Kth_normal.jpg",
        "profile_image_url_https": "https://pbs.twimg.com/profile_images/1089158248941285376/vMHV-Kth_normal.jpg",
        "profile_banner_url": "https://pbs.twimg.com/profile_banners/2252272143/1551133334",
        "profile_link_color": "120207",
        "profile_sidebar_border_color": "FFFFFF",
        "profile_sidebar_fill_color": "DDEEF6",
        "profile_text_color": "333333",
        "profile_use_background_image": true,
        "has_extended_profile": true,
        "default_profile": false,
        "default_profile_image": false,
        "following": null,
        "follow_request_sent": null,
        "notifications": null,
        "translator_type": "none"
    },
    "geo": null,
    "coordinates": null,
    "place": null,
    "contributors": null,
    "is_quote_status": false,
    "retweet_count": 0,
    "favorite_count": 6,
    "favorited": false,
    "retweeted": false,
    "possibly_sensitive": true,
    "lang": "ja"
}