{
    "created_at": "Thu Mar 14 03:23:16 +0000 2019",
    "id": 1106033022141456386,
    "id_str": "1106033022141456386",
    "text": "Gama alta:\nAnastasia Beverly Hills\nTarte \nKat Von D\nBenefit\nMAC\nUrban Decay\nKylie Cosmetics",
    "truncated": false,
    "entities": {
        "hashtags": [],
        "symbols": [],
        "user_mentions": [],
        "urls": []
    },
    "metadata": {
        "iso_language_code": "en",
        "result_type": "recent"
    },
    "source": "<a href=\"http://twitter.com/download/iphone\" rel=\"nofollow\">Twitter for iPhone</a>",
    "in_reply_to_status_id": 1106031847660756994,
    "in_reply_to_status_id_str": "1106031847660756994",
    "in_reply_to_user_id": 485225620,
    "in_reply_to_user_id_str": "485225620",
    "in_reply_to_screen_name": "elizaldenatie25",
    "user": {
        "id": 485225620,
        "id_str": "485225620",
        "name": "\ud835\udd3c\ud835\udd5d\ud835\udd5a\ud835\udd6b\ud835\udd52\ud835\udd5d\ud835\udd55\ud835\udd56 \ud835\udd3e\ud835\udd60\ud835\udd5f\ud835\udd6b\ud835\udd52\ud835\udd5d\ud835\udd56\ud835\udd6b",
        "screen_name": "elizaldenatie25",
        "location": "Guadalajara, Jal., M\u00e9xico",
        "description": "Loca, apasionada del f\u00fatbol. Aficionada de @Chivas, @FCBayern y Thomas M\u00fcller. Snapchat: elizaldenat08 #ClubDeportivoGuadalajara #FCBayernM\u00fcnchen",
        "url": null,
        "entities": {
            "description": {
                "urls": []
            }
        },
        "protected": false,
        "followers_count": 1499,
        "friends_count": 1879,
        "listed_count": 12,
        "created_at": "Mon Feb 06 23:54:33 +0000 2012",
        "favourites_count": 143,
        "utc_offset": null,
        "time_zone": null,
        "geo_enabled": true,
        "verified": false,
        "statuses_count": 13591,
        "lang": "es",
        "contributors_enabled": false,
        "is_translator": false,
        "is_translation_enabled": false,
        "profile_background_color": "000000",
        "profile_background_image_url": "http://abs.twimg.com/images/themes/theme1/bg.png",
        "profile_background_image_url_https": "https://abs.twimg.com/images/themes/theme1/bg.png",
        "profile_background_tile": false,
        "profile_image_url": "http://pbs.twimg.com/profile_images/1100913738633408513/gsOa_N6L_normal.jpg",
        "profile_image_url_https": "https://pbs.twimg.com/profile_images/1100913738633408513/gsOa_N6L_normal.jpg",
        "profile_banner_url": "https://pbs.twimg.com/profile_banners/485225620/1501036836",
        "profile_link_color": "66CCB8",
        "profile_sidebar_border_color": "FFFFFF",
        "profile_sidebar_fill_color": "DDEEF6",
        "profile_text_color": "333333",
        "profile_use_background_image": true,
        "has_extended_profile": true,
        "default_profile": false,
        "default_profile_image": false,
        "following": null,
        "follow_request_sent": null,
        "notifications": null,
        "translator_type": "none"
    },
    "geo": null,
    "coordinates": null,
    "place": null,
    "contributors": null,
    "is_quote_status": false,
    "retweet_count": 0,
    "favorite_count": 0,
    "favorited": false,
    "retweeted": false,
    "lang": "en"
}