{
    "created_at": "Thu Mar 14 03:06:36 +0000 2019",
    "id": 1106028827136811011,
    "id_str": "1106028827136811011",
    "text": "RT @thevocket: Disney Berkolaborasi Bersama MAC Cosmetics Sempena Filem Aladdin https://t.co/jyGdOCaJnw https://t.co/AWsqwVyH1M",
    "truncated": false,
    "entities": {
        "hashtags": [],
        "symbols": [],
        "user_mentions": [
            {
                "screen_name": "thevocket",
                "name": "VOCKET",
                "id": 2481818051,
                "id_str": "2481818051",
                "indices": [
                    3,
                    13
                ]
            }
        ],
        "urls": [
            {
                "url": "https://t.co/jyGdOCaJnw",
                "expanded_url": "https://vckt.co/2F2HgdG",
                "display_url": "vckt.co/2F2HgdG",
                "indices": [
                    80,
                    103
                ]
            }
        ],
        "media": [
            {
                "id": 1106028357752418304,
                "id_str": "1106028357752418304",
                "indices": [
                    104,
                    127
                ],
                "media_url": "http://pbs.twimg.com/media/D1lm7m9XcAAqIax.jpg",
                "media_url_https": "https://pbs.twimg.com/media/D1lm7m9XcAAqIax.jpg",
                "url": "https://t.co/AWsqwVyH1M",
                "display_url": "pic.twitter.com/AWsqwVyH1M",
                "expanded_url": "https://twitter.com/thevocket/status/1106028359031631874/photo/1",
                "type": "photo",
                "sizes": {
                    "thumb": {
                        "w": 150,
                        "h": 150,
                        "resize": "crop"
                    },
                    "small": {
                        "w": 680,
                        "h": 540,
                        "resize": "fit"
                    },
                    "medium": {
                        "w": 1024,
                        "h": 813,
                        "resize": "fit"
                    },
                    "large": {
                        "w": 1024,
                        "h": 813,
                        "resize": "fit"
                    }
                },
                "source_status_id": 1106028359031631874,
                "source_status_id_str": "1106028359031631874",
                "source_user_id": 2481818051,
                "source_user_id_str": "2481818051"
            }
        ]
    },
    "extended_entities": {
        "media": [
            {
                "id": 1106028357752418304,
                "id_str": "1106028357752418304",
                "indices": [
                    104,
                    127
                ],
                "media_url": "http://pbs.twimg.com/media/D1lm7m9XcAAqIax.jpg",
                "media_url_https": "https://pbs.twimg.com/media/D1lm7m9XcAAqIax.jpg",
                "url": "https://t.co/AWsqwVyH1M",
                "display_url": "pic.twitter.com/AWsqwVyH1M",
                "expanded_url": "https://twitter.com/thevocket/status/1106028359031631874/photo/1",
                "type": "photo",
                "sizes": {
                    "thumb": {
                        "w": 150,
                        "h": 150,
                        "resize": "crop"
                    },
                    "small": {
                        "w": 680,
                        "h": 540,
                        "resize": "fit"
                    },
                    "medium": {
                        "w": 1024,
                        "h": 813,
                        "resize": "fit"
                    },
                    "large": {
                        "w": 1024,
                        "h": 813,
                        "resize": "fit"
                    }
                },
                "source_status_id": 1106028359031631874,
                "source_status_id_str": "1106028359031631874",
                "source_user_id": 2481818051,
                "source_user_id_str": "2481818051"
            }
        ]
    },
    "metadata": {
        "iso_language_code": "in",
        "result_type": "recent"
    },
    "source": "<a href=\"https://mobile.twitter.com\" rel=\"nofollow\">Twitter Web App</a>",
    "in_reply_to_status_id": null,
    "in_reply_to_status_id_str": null,
    "in_reply_to_user_id": null,
    "in_reply_to_user_id_str": null,
    "in_reply_to_screen_name": null,
    "user": {
        "id": 224669282,
        "id_str": "224669282",
        "name": "Nurdiyana",
        "screen_name": "DiyanaDhaniah",
        "location": "KL; MY",
        "description": "no more twenty-three, not yet twenty-four.\nGirlfriend orang.",
        "url": "https://t.co/Dn4U0HBUNy",
        "entities": {
            "url": {
                "urls": [
                    {
                        "url": "https://t.co/Dn4U0HBUNy",
                        "expanded_url": "https://curiouscat.me/Diyananana",
                        "display_url": "curiouscat.me/Diyananana",
                        "indices": [
                            0,
                            23
                        ]
                    }
                ]
            },
            "description": {
                "urls": []
            }
        },
        "protected": false,
        "followers_count": 482,
        "friends_count": 386,
        "listed_count": 5,
        "created_at": "Thu Dec 09 15:34:56 +0000 2010",
        "favourites_count": 7423,
        "utc_offset": null,
        "time_zone": null,
        "geo_enabled": true,
        "verified": false,
        "statuses_count": 56378,
        "lang": "en",
        "contributors_enabled": false,
        "is_translator": false,
        "is_translation_enabled": false,
        "profile_background_color": "E9C1EB",
        "profile_background_image_url": "http://abs.twimg.com/images/themes/theme11/bg.gif",
        "profile_background_image_url_https": "https://abs.twimg.com/images/themes/theme11/bg.gif",
        "profile_background_tile": true,
        "profile_image_url": "http://pbs.twimg.com/profile_images/1092405253708738560/BjmWLw8d_normal.jpg",
        "profile_image_url_https": "https://pbs.twimg.com/profile_images/1092405253708738560/BjmWLw8d_normal.jpg",
        "profile_banner_url": "https://pbs.twimg.com/profile_banners/224669282/1552291514",
        "profile_link_color": "91D2FA",
        "profile_sidebar_border_color": "FFFFFF",
        "profile_sidebar_fill_color": "DDEEF6",
        "profile_text_color": "333333",
        "profile_use_background_image": true,
        "has_extended_profile": true,
        "default_profile": false,
        "default_profile_image": false,
        "following": null,
        "follow_request_sent": null,
        "notifications": null,
        "translator_type": "none"
    },
    "geo": null,
    "coordinates": null,
    "place": null,
    "contributors": null,
    "retweeted_status": {
        "created_at": "Thu Mar 14 03:04:44 +0000 2019",
        "id": 1106028359031631874,
        "id_str": "1106028359031631874",
        "text": "Disney Berkolaborasi Bersama MAC Cosmetics Sempena Filem Aladdin https://t.co/jyGdOCaJnw https://t.co/AWsqwVyH1M",
        "truncated": false,
        "entities": {
            "hashtags": [],
            "symbols": [],
            "user_mentions": [],
            "urls": [
                {
                    "url": "https://t.co/jyGdOCaJnw",
                    "expanded_url": "https://vckt.co/2F2HgdG",
                    "display_url": "vckt.co/2F2HgdG",
                    "indices": [
                        65,
                        88
                    ]
                }
            ],
            "media": [
                {
                    "id": 1106028357752418304,
                    "id_str": "1106028357752418304",
                    "indices": [
                        89,
                        112
                    ],
                    "media_url": "http://pbs.twimg.com/media/D1lm7m9XcAAqIax.jpg",
                    "media_url_https": "https://pbs.twimg.com/media/D1lm7m9XcAAqIax.jpg",
                    "url": "https://t.co/AWsqwVyH1M",
                    "display_url": "pic.twitter.com/AWsqwVyH1M",
                    "expanded_url": "https://twitter.com/thevocket/status/1106028359031631874/photo/1",
                    "type": "photo",
                    "sizes": {
                        "thumb": {
                            "w": 150,
                            "h": 150,
                            "resize": "crop"
                        },
                        "small": {
                            "w": 680,
                            "h": 540,
                            "resize": "fit"
                        },
                        "medium": {
                            "w": 1024,
                            "h": 813,
                            "resize": "fit"
                        },
                        "large": {
                            "w": 1024,
                            "h": 813,
                            "resize": "fit"
                        }
                    }
                }
            ]
        },
        "extended_entities": {
            "media": [
                {
                    "id": 1106028357752418304,
                    "id_str": "1106028357752418304",
                    "indices": [
                        89,
                        112
                    ],
                    "media_url": "http://pbs.twimg.com/media/D1lm7m9XcAAqIax.jpg",
                    "media_url_https": "https://pbs.twimg.com/media/D1lm7m9XcAAqIax.jpg",
                    "url": "https://t.co/AWsqwVyH1M",
                    "display_url": "pic.twitter.com/AWsqwVyH1M",
                    "expanded_url": "https://twitter.com/thevocket/status/1106028359031631874/photo/1",
                    "type": "photo",
                    "sizes": {
                        "thumb": {
                            "w": 150,
                            "h": 150,
                            "resize": "crop"
                        },
                        "small": {
                            "w": 680,
                            "h": 540,
                            "resize": "fit"
                        },
                        "medium": {
                            "w": 1024,
                            "h": 813,
                            "resize": "fit"
                        },
                        "large": {
                            "w": 1024,
                            "h": 813,
                            "resize": "fit"
                        }
                    }
                }
            ]
        },
        "metadata": {
            "iso_language_code": "in",
            "result_type": "recent"
        },
        "source": "<a href=\"https://ifttt.com\" rel=\"nofollow\">IFTTT</a>",
        "in_reply_to_status_id": null,
        "in_reply_to_status_id_str": null,
        "in_reply_to_user_id": null,
        "in_reply_to_user_id_str": null,
        "in_reply_to_screen_name": null,
        "user": {
            "id": 2481818051,
            "id_str": "2481818051",
            "name": "VOCKET",
            "screen_name": "thevocket",
            "location": "Damansara, Selangor",
            "description": "Travel, Hype & Innovation / (The Vocket Sdn Bhd (1305683-A)",
            "url": "https://t.co/iGQlrpzlJi",
            "entities": {
                "url": {
                    "urls": [
                        {
                            "url": "https://t.co/iGQlrpzlJi",
                            "expanded_url": "http://thevocket.com",
                            "display_url": "thevocket.com",
                            "indices": [
                                0,
                                23
                            ]
                        }
                    ]
                },
                "description": {
                    "urls": []
                }
            },
            "protected": false,
            "followers_count": 6615,
            "friends_count": 6,
            "listed_count": 17,
            "created_at": "Sun Apr 13 15:33:28 +0000 2014",
            "favourites_count": 11,
            "utc_offset": null,
            "time_zone": null,
            "geo_enabled": true,
            "verified": false,
            "statuses_count": 5883,
            "lang": "en",
            "contributors_enabled": false,
            "is_translator": false,
            "is_translation_enabled": false,
            "profile_background_color": "C0DEED",
            "profile_background_image_url": "http://abs.twimg.com/images/themes/theme1/bg.png",
            "profile_background_image_url_https": "https://abs.twimg.com/images/themes/theme1/bg.png",
            "profile_background_tile": false,
            "profile_image_url": "http://pbs.twimg.com/profile_images/868824705746128896/IUu5RyPR_normal.jpg",
            "profile_image_url_https": "https://pbs.twimg.com/profile_images/868824705746128896/IUu5RyPR_normal.jpg",
            "profile_banner_url": "https://pbs.twimg.com/profile_banners/2481818051/1457016982",
            "profile_link_color": "1DA1F2",
            "profile_sidebar_border_color": "C0DEED",
            "profile_sidebar_fill_color": "DDEEF6",
            "profile_text_color": "333333",
            "profile_use_background_image": true,
            "has_extended_profile": false,
            "default_profile": true,
            "default_profile_image": false,
            "following": null,
            "follow_request_sent": null,
            "notifications": null,
            "translator_type": "none"
        },
        "geo": null,
        "coordinates": null,
        "place": null,
        "contributors": null,
        "is_quote_status": false,
        "retweet_count": 1,
        "favorite_count": 0,
        "favorited": false,
        "retweeted": false,
        "possibly_sensitive": false,
        "lang": "in"
    },
    "is_quote_status": false,
    "retweet_count": 1,
    "favorite_count": 0,
    "favorited": false,
    "retweeted": false,
    "possibly_sensitive": false,
    "lang": "in"
}