{
    "created_at": "Thu Mar 14 07:08:15 +0000 2019",
    "id": 1106089643022450688,
    "id_str": "1106089643022450688",
    "text": "You Ain't Never Had a Friend Like MAC!\u00a0The Aladdin-Inspired Collection Is Here https://t.co/GEcjtlit6Q https://t.co/QJzhyM4EEu",
    "truncated": false,
    "entities": {
        "hashtags": [],
        "symbols": [],
        "user_mentions": [],
        "urls": [
            {
                "url": "https://t.co/GEcjtlit6Q",
                "expanded_url": "https://ift.tt/2JcDOT4",
                "display_url": "ift.tt/2JcDOT4",
                "indices": [
                    79,
                    102
                ]
            }
        ],
        "media": [
            {
                "id": 1106089641873166338,
                "id_str": "1106089641873166338",
                "indices": [
                    103,
                    126
                ],
                "media_url": "http://pbs.twimg.com/media/D1meq0GW0AImgeM.jpg",
                "media_url_https": "https://pbs.twimg.com/media/D1meq0GW0AImgeM.jpg",
                "url": "https://t.co/QJzhyM4EEu",
                "display_url": "pic.twitter.com/QJzhyM4EEu",
                "expanded_url": "https://twitter.com/born_luxe/status/1106089643022450688/photo/1",
                "type": "photo",
                "sizes": {
                    "thumb": {
                        "w": 123,
                        "h": 123,
                        "resize": "crop"
                    },
                    "small": {
                        "w": 123,
                        "h": 160,
                        "resize": "fit"
                    },
                    "medium": {
                        "w": 123,
                        "h": 160,
                        "resize": "fit"
                    },
                    "large": {
                        "w": 123,
                        "h": 160,
                        "resize": "fit"
                    }
                }
            }
        ]
    },
    "extended_entities": {
        "media": [
            {
                "id": 1106089641873166338,
                "id_str": "1106089641873166338",
                "indices": [
                    103,
                    126
                ],
                "media_url": "http://pbs.twimg.com/media/D1meq0GW0AImgeM.jpg",
                "media_url_https": "https://pbs.twimg.com/media/D1meq0GW0AImgeM.jpg",
                "url": "https://t.co/QJzhyM4EEu",
                "display_url": "pic.twitter.com/QJzhyM4EEu",
                "expanded_url": "https://twitter.com/born_luxe/status/1106089643022450688/photo/1",
                "type": "photo",
                "sizes": {
                    "thumb": {
                        "w": 123,
                        "h": 123,
                        "resize": "crop"
                    },
                    "small": {
                        "w": 123,
                        "h": 160,
                        "resize": "fit"
                    },
                    "medium": {
                        "w": 123,
                        "h": 160,
                        "resize": "fit"
                    },
                    "large": {
                        "w": 123,
                        "h": 160,
                        "resize": "fit"
                    }
                }
            }
        ]
    },
    "metadata": {
        "iso_language_code": "en",
        "result_type": "recent"
    },
    "source": "<a href=\"https://ifttt.com\" rel=\"nofollow\">IFTTT</a>",
    "in_reply_to_status_id": null,
    "in_reply_to_status_id_str": null,
    "in_reply_to_user_id": null,
    "in_reply_to_user_id_str": null,
    "in_reply_to_screen_name": null,
    "user": {
        "id": 845824814187237376,
        "id_str": "845824814187237376",
        "name": "Born Luxe",
        "screen_name": "born_luxe",
        "location": "",
        "description": "I love all things Fashion, Beauty, DIY, Home Decor and Lifestyle.",
        "url": "https://t.co/KCG4R7NsUi",
        "entities": {
            "url": {
                "urls": [
                    {
                        "url": "https://t.co/KCG4R7NsUi",
                        "expanded_url": "http://bornluxe.wordpress.com",
                        "display_url": "bornluxe.wordpress.com",
                        "indices": [
                            0,
                            23
                        ]
                    }
                ]
            },
            "description": {
                "urls": []
            }
        },
        "protected": false,
        "followers_count": 254,
        "friends_count": 361,
        "listed_count": 0,
        "created_at": "Sun Mar 26 02:28:45 +0000 2017",
        "favourites_count": 113,
        "utc_offset": null,
        "time_zone": null,
        "geo_enabled": false,
        "verified": false,
        "statuses_count": 24423,
        "lang": "en",
        "contributors_enabled": false,
        "is_translator": false,
        "is_translation_enabled": false,
        "profile_background_color": "000000",
        "profile_background_image_url": "http://abs.twimg.com/images/themes/theme1/bg.png",
        "profile_background_image_url_https": "https://abs.twimg.com/images/themes/theme1/bg.png",
        "profile_background_tile": false,
        "profile_image_url": "http://pbs.twimg.com/profile_images/925498787115749376/54irnfjq_normal.jpg",
        "profile_image_url_https": "https://pbs.twimg.com/profile_images/925498787115749376/54irnfjq_normal.jpg",
        "profile_banner_url": "https://pbs.twimg.com/profile_banners/845824814187237376/1509844180",
        "profile_link_color": "F58EA8",
        "profile_sidebar_border_color": "000000",
        "profile_sidebar_fill_color": "000000",
        "profile_text_color": "000000",
        "profile_use_background_image": false,
        "has_extended_profile": true,
        "default_profile": false,
        "default_profile_image": false,
        "following": null,
        "follow_request_sent": null,
        "notifications": null,
        "translator_type": "none"
    },
    "geo": null,
    "coordinates": null,
    "place": null,
    "contributors": null,
    "is_quote_status": false,
    "retweet_count": 0,
    "favorite_count": 0,
    "favorited": false,
    "retweeted": false,
    "possibly_sensitive": false,
    "lang": "en"
}