{
    "created_at": "Thu Mar 14 09:51:57 +0000 2019",
    "id": 1106130840143179778,
    "id_str": "1106130840143179778",
    "text": "Two Make-Up Companies Get in Bed with Planned Parenthood - The Resurgent https://t.co/bgn6FZ7wvj",
    "truncated": false,
    "entities": {
        "hashtags": [],
        "symbols": [],
        "user_mentions": [],
        "urls": [
            {
                "url": "https://t.co/bgn6FZ7wvj",
                "expanded_url": "https://theresurgent.com/2019/03/13/benefit-mac-abortion-cosmetics-planned-parenthood/",
                "display_url": "theresurgent.com/2019/03/13/ben\u2026",
                "indices": [
                    73,
                    96
                ]
            }
        ]
    },
    "metadata": {
        "iso_language_code": "en",
        "result_type": "recent"
    },
    "source": "<a href=\"http://www.facebook.com/twitter\" rel=\"nofollow\">Facebook</a>",
    "in_reply_to_status_id": null,
    "in_reply_to_status_id_str": null,
    "in_reply_to_user_id": null,
    "in_reply_to_user_id_str": null,
    "in_reply_to_screen_name": null,
    "user": {
        "id": 1468357477,
        "id_str": "1468357477",
        "name": "Leah Davis",
        "screen_name": "LeahTweetr",
        "location": "",
        "description": "Only God and People will last forever. Me? Intense without coffee. https://t.co/5bFfUTchHC",
        "url": null,
        "entities": {
            "description": {
                "urls": [
                    {
                        "url": "https://t.co/5bFfUTchHC",
                        "expanded_url": "http://www.MarkUpDiscovery.com",
                        "display_url": "MarkUpDiscovery.com",
                        "indices": [
                            67,
                            90
                        ]
                    }
                ]
            }
        },
        "protected": false,
        "followers_count": 192,
        "friends_count": 127,
        "listed_count": 6,
        "created_at": "Wed May 29 21:56:26 +0000 2013",
        "favourites_count": 4545,
        "utc_offset": null,
        "time_zone": null,
        "geo_enabled": false,
        "verified": false,
        "statuses_count": 18355,
        "lang": "en",
        "contributors_enabled": false,
        "is_translator": false,
        "is_translation_enabled": false,
        "profile_background_color": "0099B9",
        "profile_background_image_url": "http://abs.twimg.com/images/themes/theme4/bg.gif",
        "profile_background_image_url_https": "https://abs.twimg.com/images/themes/theme4/bg.gif",
        "profile_background_tile": false,
        "profile_image_url": "http://pbs.twimg.com/profile_images/3733171429/7976b7dbf2903d4779ad06d47c149c2e_normal.jpeg",
        "profile_image_url_https": "https://pbs.twimg.com/profile_images/3733171429/7976b7dbf2903d4779ad06d47c149c2e_normal.jpeg",
        "profile_banner_url": "https://pbs.twimg.com/profile_banners/1468357477/1470624485",
        "profile_link_color": "0099B9",
        "profile_sidebar_border_color": "5ED4DC",
        "profile_sidebar_fill_color": "95E8EC",
        "profile_text_color": "3C3940",
        "profile_use_background_image": true,
        "has_extended_profile": false,
        "default_profile": false,
        "default_profile_image": false,
        "following": null,
        "follow_request_sent": null,
        "notifications": null,
        "translator_type": "none"
    },
    "geo": null,
    "coordinates": null,
    "place": null,
    "contributors": null,
    "is_quote_status": false,
    "retweet_count": 0,
    "favorite_count": 0,
    "favorited": false,
    "retweeted": false,
    "possibly_sensitive": false,
    "lang": "en"
}