{
    "created_at": "Thu Mar 14 08:37:25 +0000 2019",
    "id": 1106112082733424640,
    "id_str": "1106112082733424640",
    "text": "@MACcosmetics hi! I have many empties, do you still do the back to Mac scheme? In the UK. Thanks",
    "truncated": false,
    "entities": {
        "hashtags": [],
        "symbols": [],
        "user_mentions": [
            {
                "screen_name": "MACcosmetics",
                "name": "MAC Cosmetics",
                "id": 15225275,
                "id_str": "15225275",
                "indices": [
                    0,
                    13
                ]
            }
        ],
        "urls": []
    },
    "metadata": {
        "iso_language_code": "en",
        "result_type": "recent"
    },
    "source": "<a href=\"http://twitter.com/download/iphone\" rel=\"nofollow\">Twitter for iPhone</a>",
    "in_reply_to_status_id": null,
    "in_reply_to_status_id_str": null,
    "in_reply_to_user_id": 15225275,
    "in_reply_to_user_id_str": "15225275",
    "in_reply_to_screen_name": "MACcosmetics",
    "user": {
        "id": 337048394,
        "id_str": "337048394",
        "name": "Helen Todd",
        "screen_name": "HelenTodd3",
        "location": "UK",
        "description": "Travel. Sport. Next: Rome",
        "url": null,
        "entities": {
            "description": {
                "urls": []
            }
        },
        "protected": false,
        "followers_count": 802,
        "friends_count": 1158,
        "listed_count": 24,
        "created_at": "Sun Jul 17 10:56:46 +0000 2011",
        "favourites_count": 24800,
        "utc_offset": null,
        "time_zone": null,
        "geo_enabled": false,
        "verified": false,
        "statuses_count": 26900,
        "lang": "en",
        "contributors_enabled": false,
        "is_translator": false,
        "is_translation_enabled": false,
        "profile_background_color": "A36965",
        "profile_background_image_url": "http://abs.twimg.com/images/themes/theme1/bg.png",
        "profile_background_image_url_https": "https://abs.twimg.com/images/themes/theme1/bg.png",
        "profile_background_tile": false,
        "profile_image_url": "http://pbs.twimg.com/profile_images/1087011611494166529/1M1H8xN-_normal.jpg",
        "profile_image_url_https": "https://pbs.twimg.com/profile_images/1087011611494166529/1M1H8xN-_normal.jpg",
        "profile_banner_url": "https://pbs.twimg.com/profile_banners/337048394/1415753322",
        "profile_link_color": "C7244F",
        "profile_sidebar_border_color": "84A358",
        "profile_sidebar_fill_color": "AAD651",
        "profile_text_color": "13140D",
        "profile_use_background_image": true,
        "has_extended_profile": true,
        "default_profile": false,
        "default_profile_image": false,
        "following": null,
        "follow_request_sent": null,
        "notifications": null,
        "translator_type": "none"
    },
    "geo": null,
    "coordinates": null,
    "place": null,
    "contributors": null,
    "is_quote_status": false,
    "retweet_count": 0,
    "favorite_count": 0,
    "favorited": false,
    "retweeted": false,
    "lang": "en"
}