{
    "created_at": "Thu Mar 14 06:28:23 +0000 2019",
    "id": 1106079610293415936,
    "id_str": "1106079610293415936",
    "text": "MAC Lipglass Oyster Girl - review. do you Want to continue the story of cosmetics MAC, which was a big break in com\u2026 https://t.co/vye6G3x0LO",
    "truncated": true,
    "entities": {
        "hashtags": [],
        "symbols": [],
        "user_mentions": [],
        "urls": [
            {
                "url": "https://t.co/vye6G3x0LO",
                "expanded_url": "https://twitter.com/i/web/status/1106079610293415936",
                "display_url": "twitter.com/i/web/status/1\u2026",
                "indices": [
                    117,
                    140
                ]
            }
        ]
    },
    "metadata": {
        "iso_language_code": "en",
        "result_type": "recent"
    },
    "source": "<a href=\"http://twitter.com\" rel=\"nofollow\">Twitter Web Client</a>",
    "in_reply_to_status_id": null,
    "in_reply_to_status_id_str": null,
    "in_reply_to_user_id": null,
    "in_reply_to_user_id_str": null,
    "in_reply_to_screen_name": null,
    "user": {
        "id": 977611293652869120,
        "id_str": "977611293652869120",
        "name": "SQUPER",
        "screen_name": "squper_com",
        "location": "International",
        "description": "Fashion | Beauty | Style",
        "url": "https://t.co/nN6xV1BSxU",
        "entities": {
            "url": {
                "urls": [
                    {
                        "url": "https://t.co/nN6xV1BSxU",
                        "expanded_url": "http://squper.com",
                        "display_url": "squper.com",
                        "indices": [
                            0,
                            23
                        ]
                    }
                ]
            },
            "description": {
                "urls": []
            }
        },
        "protected": false,
        "followers_count": 26,
        "friends_count": 268,
        "listed_count": 0,
        "created_at": "Sat Mar 24 18:21:10 +0000 2018",
        "favourites_count": 1195,
        "utc_offset": null,
        "time_zone": null,
        "geo_enabled": false,
        "verified": false,
        "statuses_count": 1684,
        "lang": "ru",
        "contributors_enabled": false,
        "is_translator": false,
        "is_translation_enabled": false,
        "profile_background_color": "F5F8FA",
        "profile_background_image_url": null,
        "profile_background_image_url_https": null,
        "profile_background_tile": false,
        "profile_image_url": "http://pbs.twimg.com/profile_images/977631938574979072/ChYsTIhZ_normal.jpg",
        "profile_image_url_https": "https://pbs.twimg.com/profile_images/977631938574979072/ChYsTIhZ_normal.jpg",
        "profile_link_color": "1DA1F2",
        "profile_sidebar_border_color": "C0DEED",
        "profile_sidebar_fill_color": "DDEEF6",
        "profile_text_color": "333333",
        "profile_use_background_image": true,
        "has_extended_profile": false,
        "default_profile": true,
        "default_profile_image": false,
        "following": null,
        "follow_request_sent": null,
        "notifications": null,
        "translator_type": "none"
    },
    "geo": null,
    "coordinates": null,
    "place": null,
    "contributors": null,
    "is_quote_status": false,
    "retweet_count": 0,
    "favorite_count": 0,
    "favorited": false,
    "retweeted": false,
    "possibly_sensitive": false,
    "lang": "en"
}