{
    "created_at": "Thu Mar 14 09:51:35 +0000 2019",
    "id": 1106130747608330240,
    "id_str": "1106130747608330240",
    "text": "RT @NYLONJAPAN: #\u771e\u6804\u7530\u90f7\u6566 ( @maedagordon )\u304c\u30e1\u30a4\u30af\u30a2\u30c3\u30d7\u30d6\u30e9\u30f3\u30c9M\u00b7A\u00b7C\u3068\u30b3\u30e9\u30dc\u30ec\u30fc\u30b7\u30e7\u30f3\uff01\u3000WEB\u9650\u5b9a\u3067\u516c\u958b\u3059\u308b\u30e1\u30a4\u30af\u306b\u307e\u3064\u308f\u308b\u64ae\u5f71\u5f8c\u306e\u30a4\u30f3\u30bf\u30d3\u30e5\u30fc\u3082\u8981\u30de\u30fc\u30af\u3002\n\n\u7d9a\u304d\u306f\u3053\u3061\u3089\u25b6\ufe0e https://t.co/hWF8jY34AP\n#mac\u2026",
    "truncated": false,
    "entities": {
        "hashtags": [
            {
                "text": "\u771e\u6804\u7530\u90f7\u6566",
                "indices": [
                    16,
                    22
                ]
            }
        ],
        "symbols": [],
        "user_mentions": [
            {
                "screen_name": "NYLONJAPAN",
                "name": "NYLON JAPAN",
                "id": 110144063,
                "id_str": "110144063",
                "indices": [
                    3,
                    14
                ]
            },
            {
                "screen_name": "maedagordon",
                "name": "\u771e\u6804\u7530 \u90f7\u6566",
                "id": 1035552997151928321,
                "id_str": "1035552997151928321",
                "indices": [
                    25,
                    37
                ]
            }
        ],
        "urls": [
            {
                "url": "https://t.co/hWF8jY34AP",
                "expanded_url": "https://www.nylon.jp/MAC/GORDON",
                "display_url": "nylon.jp/MAC/GORDON",
                "indices": [
                    111,
                    134
                ]
            }
        ]
    },
    "metadata": {
        "iso_language_code": "ja",
        "result_type": "recent"
    },
    "source": "<a href=\"http://twitter.com/download/iphone\" rel=\"nofollow\">Twitter for iPhone</a>",
    "in_reply_to_status_id": null,
    "in_reply_to_status_id_str": null,
    "in_reply_to_user_id": null,
    "in_reply_to_user_id_str": null,
    "in_reply_to_screen_name": null,
    "user": {
        "id": 1106097004373929984,
        "id_str": "1106097004373929984",
        "name": "\u3086\u3046\u3084\u3051",
        "screen_name": "gdn_mcy_love",
        "location": "\u65b0\u6f5f\u4f4f\u307f",
        "description": "\u2606\u307e\u3063\u3051\u3093\u21922/9\u304a\u6e21\u3057\u4f1a\u30013/9\u30b3\u30e9\u30dc\u30d5\u30a1\u30f3\u30df\u6771\u4eac1\u90e8\u53c2\u6226\u6e08\u2606\u90f7\u6566\u304f\u3093\u306b\u306f\u307e\u3060\u4f1a\u3063\u305f\u3053\u3068\u306a\u3044\u304b\u3089\u4f1a\u3044\u306b\u884c\u304d\u305f\u3044\u2606\u5144\u5f1f\u3069\u3061\u3089\u3068\u3082\u597d\u304d\ud83d\udc93\ud83d\udc9e\u2606\u6b21\u56de\u306e\u4e88\u5b9a\u672a\u5b9a\u2606\u7121\u8a00\u30d5\u30a9\u30ed\u30fc\u5931\u793c\u3057\u307e\u3059\uff01\u2606",
        "url": null,
        "entities": {
            "description": {
                "urls": []
            }
        },
        "protected": false,
        "followers_count": 0,
        "friends_count": 2,
        "listed_count": 0,
        "created_at": "Thu Mar 14 07:37:30 +0000 2019",
        "favourites_count": 2,
        "utc_offset": null,
        "time_zone": null,
        "geo_enabled": false,
        "verified": false,
        "statuses_count": 8,
        "lang": "en",
        "contributors_enabled": false,
        "is_translator": false,
        "is_translation_enabled": false,
        "profile_background_color": "F5F8FA",
        "profile_background_image_url": null,
        "profile_background_image_url_https": null,
        "profile_background_tile": false,
        "profile_image_url": "http://pbs.twimg.com/profile_images/1106103270806687744/X1LPcT-Q_normal.jpg",
        "profile_image_url_https": "https://pbs.twimg.com/profile_images/1106103270806687744/X1LPcT-Q_normal.jpg",
        "profile_banner_url": "https://pbs.twimg.com/profile_banners/1106097004373929984/1552550958",
        "profile_link_color": "1DA1F2",
        "profile_sidebar_border_color": "C0DEED",
        "profile_sidebar_fill_color": "DDEEF6",
        "profile_text_color": "333333",
        "profile_use_background_image": true,
        "has_extended_profile": false,
        "default_profile": true,
        "default_profile_image": false,
        "following": null,
        "follow_request_sent": null,
        "notifications": null,
        "translator_type": "none"
    },
    "geo": null,
    "coordinates": null,
    "place": null,
    "contributors": null,
    "retweeted_status": {
        "created_at": "Sat Mar 09 12:41:14 +0000 2019",
        "id": 1104361501710643201,
        "id_str": "1104361501710643201",
        "text": "#\u771e\u6804\u7530\u90f7\u6566 ( @maedagordon )\u304c\u30e1\u30a4\u30af\u30a2\u30c3\u30d7\u30d6\u30e9\u30f3\u30c9M\u00b7A\u00b7C\u3068\u30b3\u30e9\u30dc\u30ec\u30fc\u30b7\u30e7\u30f3\uff01\u3000WEB\u9650\u5b9a\u3067\u516c\u958b\u3059\u308b\u30e1\u30a4\u30af\u306b\u307e\u3064\u308f\u308b\u64ae\u5f71\u5f8c\u306e\u30a4\u30f3\u30bf\u30d3\u30e5\u30fc\u3082\u8981\u30de\u30fc\u30af\u3002\n\n\u7d9a\u304d\u306f\u3053\u3061\u3089\u25b6\ufe0e\u2026 https://t.co/TgqaRnIg9A",
        "truncated": true,
        "entities": {
            "hashtags": [
                {
                    "text": "\u771e\u6804\u7530\u90f7\u6566",
                    "indices": [
                        0,
                        6
                    ]
                }
            ],
            "symbols": [],
            "user_mentions": [
                {
                    "screen_name": "maedagordon",
                    "name": "\u771e\u6804\u7530 \u90f7\u6566",
                    "id": 1035552997151928321,
                    "id_str": "1035552997151928321",
                    "indices": [
                        9,
                        21
                    ]
                }
            ],
            "urls": [
                {
                    "url": "https://t.co/TgqaRnIg9A",
                    "expanded_url": "https://twitter.com/i/web/status/1104361501710643201",
                    "display_url": "twitter.com/i/web/status/1\u2026",
                    "indices": [
                        96,
                        119
                    ]
                }
            ]
        },
        "metadata": {
            "iso_language_code": "ja",
            "result_type": "recent"
        },
        "source": "<a href=\"http://twitter.com\" rel=\"nofollow\">Twitter Web Client</a>",
        "in_reply_to_status_id": null,
        "in_reply_to_status_id_str": null,
        "in_reply_to_user_id": null,
        "in_reply_to_user_id_str": null,
        "in_reply_to_screen_name": null,
        "user": {
            "id": 110144063,
            "id_str": "110144063",
            "name": "NYLON JAPAN",
            "screen_name": "NYLONJAPAN",
            "location": "NYLON  \u2764\ufe0e JAPAN",
            "description": "NYLON JAPAN Official / \u30cb\u30e5\u30fc\u30e8\u30fc\u30af\u751f\u307e\u308c\u306e\u30d5\u30a1\u30c3\u30b7\u30e7\u30f3\u30de\u30ac\u30b8\u30f3\u300e\u30ca\u30a4\u30ed\u30f3 \u30b8\u30e3\u30d1\u30f3\u300f\u3002\u898b\u308b\u3060\u3051\u3067\u30ad\u30e5\u30f3\u3068\u3057\u3061\u3083\u3046\u3088\u3046\u306a\u3001\u53ef\u611b\u304f\u3066\u30af\u30fc\u30eb\u306a\u30d5\u30a1\u30c3\u30b7\u30e7\u30f3\u30fb\u97f3\u697d\u30fb\u30a2\u30fc\u30c8\u304c\u8a70\u307e\u3063\u305f\u201c\u304a\u3057\u3083\u308c\u30b9\u30af\u30e9\u30c3\u30d7\u30de\u30ac\u30b8\u30f3\u201d\uff01 \u2728\u6bce\u670828\u65e5\u767a\u58f2\u2728",
            "url": "https://t.co/3g39dlJzZb",
            "entities": {
                "url": {
                    "urls": [
                        {
                            "url": "https://t.co/3g39dlJzZb",
                            "expanded_url": "http://nylon.jp",
                            "display_url": "nylon.jp",
                            "indices": [
                                0,
                                23
                            ]
                        }
                    ]
                },
                "description": {
                    "urls": []
                }
            },
            "protected": false,
            "followers_count": 150607,
            "friends_count": 26,
            "listed_count": 1587,
            "created_at": "Sun Jan 31 14:03:36 +0000 2010",
            "favourites_count": 3776,
            "utc_offset": null,
            "time_zone": null,
            "geo_enabled": true,
            "verified": true,
            "statuses_count": 45938,
            "lang": "ja",
            "contributors_enabled": false,
            "is_translator": false,
            "is_translation_enabled": false,
            "profile_background_color": "FFFFFF",
            "profile_background_image_url": "http://abs.twimg.com/images/themes/theme1/bg.png",
            "profile_background_image_url_https": "https://abs.twimg.com/images/themes/theme1/bg.png",
            "profile_background_tile": true,
            "profile_image_url": "http://pbs.twimg.com/profile_images/875526865296818176/URubs2VO_normal.jpg",
            "profile_image_url_https": "https://pbs.twimg.com/profile_images/875526865296818176/URubs2VO_normal.jpg",
            "profile_banner_url": "https://pbs.twimg.com/profile_banners/110144063/1550724308",
            "profile_link_color": "FA226E",
            "profile_sidebar_border_color": "FFFFFF",
            "profile_sidebar_fill_color": "030303",
            "profile_text_color": "FF005E",
            "profile_use_background_image": true,
            "has_extended_profile": false,
            "default_profile": false,
            "default_profile_image": false,
            "following": null,
            "follow_request_sent": null,
            "notifications": null,
            "translator_type": "none"
        },
        "geo": null,
        "coordinates": null,
        "place": null,
        "contributors": null,
        "is_quote_status": false,
        "retweet_count": 12,
        "favorite_count": 40,
        "favorited": false,
        "retweeted": false,
        "possibly_sensitive": false,
        "lang": "ja"
    },
    "is_quote_status": false,
    "retweet_count": 12,
    "favorite_count": 0,
    "favorited": false,
    "retweeted": false,
    "possibly_sensitive": false,
    "lang": "ja"
}