{
    "created_at": "Thu Mar 14 03:40:03 +0000 2019",
    "id": 1106037245700501504,
    "id_str": "1106037245700501504",
    "text": "M.A.C. and Benefit Cosmetics Are Teaming Up to Support Planned Parenthood\n\nhttps://t.co/zr0OkrEm4R",
    "truncated": false,
    "entities": {
        "hashtags": [],
        "symbols": [],
        "user_mentions": [],
        "urls": [
            {
                "url": "https://t.co/zr0OkrEm4R",
                "expanded_url": "https://www.allure.com/story/mac-benefit-cosmetics-support-planned-parenthood",
                "display_url": "allure.com/story/mac-bene\u2026",
                "indices": [
                    75,
                    98
                ]
            }
        ]
    },
    "metadata": {
        "iso_language_code": "en",
        "result_type": "recent"
    },
    "source": "<a href=\"http://twitter.com\" rel=\"nofollow\">Twitter Web Client</a>",
    "in_reply_to_status_id": null,
    "in_reply_to_status_id_str": null,
    "in_reply_to_user_id": null,
    "in_reply_to_user_id_str": null,
    "in_reply_to_screen_name": null,
    "user": {
        "id": 330410875,
        "id_str": "330410875",
        "name": "Caitlin Flynn",
        "screen_name": "caitrose609",
        "location": "Seattle via NYC",
        "description": "Award-winning writer. Words: The Seattle Times, Teen Vogue, HuffPost, Allure, Refinery29, DAME, etc. | @smithcollege alum | #TheResistance | #WritingCommunity",
        "url": "https://t.co/t6oe6bXy5P",
        "entities": {
            "url": {
                "urls": [
                    {
                        "url": "https://t.co/t6oe6bXy5P",
                        "expanded_url": "http://www.caitlinroseflynn.com",
                        "display_url": "caitlinroseflynn.com",
                        "indices": [
                            0,
                            23
                        ]
                    }
                ]
            },
            "description": {
                "urls": []
            }
        },
        "protected": false,
        "followers_count": 2155,
        "friends_count": 1219,
        "listed_count": 38,
        "created_at": "Wed Jul 06 15:43:14 +0000 2011",
        "favourites_count": 8647,
        "utc_offset": null,
        "time_zone": null,
        "geo_enabled": true,
        "verified": false,
        "statuses_count": 7495,
        "lang": "en",
        "contributors_enabled": false,
        "is_translator": false,
        "is_translation_enabled": false,
        "profile_background_color": "ACDED6",
        "profile_background_image_url": "http://abs.twimg.com/images/themes/theme18/bg.gif",
        "profile_background_image_url_https": "https://abs.twimg.com/images/themes/theme18/bg.gif",
        "profile_background_tile": false,
        "profile_image_url": "http://pbs.twimg.com/profile_images/1067679690532376578/9TVaF7sa_normal.jpg",
        "profile_image_url_https": "https://pbs.twimg.com/profile_images/1067679690532376578/9TVaF7sa_normal.jpg",
        "profile_banner_url": "https://pbs.twimg.com/profile_banners/330410875/1520810750",
        "profile_link_color": "038543",
        "profile_sidebar_border_color": "FFFFFF",
        "profile_sidebar_fill_color": "F6F6F6",
        "profile_text_color": "333333",
        "profile_use_background_image": true,
        "has_extended_profile": true,
        "default_profile": false,
        "default_profile_image": false,
        "following": null,
        "follow_request_sent": null,
        "notifications": null,
        "translator_type": "none"
    },
    "geo": null,
    "coordinates": null,
    "place": null,
    "contributors": null,
    "is_quote_status": false,
    "retweet_count": 1,
    "favorite_count": 5,
    "favorited": false,
    "retweeted": false,
    "possibly_sensitive": false,
    "lang": "en"
}