{
    "created_at": "Thu Mar 14 01:45:00 +0000 2019",
    "id": 1106008293208719366,
    "id_str": "1106008293208719366",
    "text": "You'll be shining, shimmering splendid with this #Aladdin inspired #MACCosmetics #makeup collection!\u2026 https://t.co/wWntrQXPVv",
    "truncated": true,
    "entities": {
        "hashtags": [
            {
                "text": "Aladdin",
                "indices": [
                    49,
                    57
                ]
            },
            {
                "text": "MACCosmetics",
                "indices": [
                    67,
                    80
                ]
            },
            {
                "text": "makeup",
                "indices": [
                    81,
                    88
                ]
            }
        ],
        "symbols": [],
        "user_mentions": [],
        "urls": [
            {
                "url": "https://t.co/wWntrQXPVv",
                "expanded_url": "https://twitter.com/i/web/status/1106008293208719366",
                "display_url": "twitter.com/i/web/status/1\u2026",
                "indices": [
                    102,
                    125
                ]
            }
        ]
    },
    "metadata": {
        "iso_language_code": "en",
        "result_type": "recent"
    },
    "source": "<a href=\"https://about.twitter.com/products/tweetdeck\" rel=\"nofollow\">TweetDeck</a>",
    "in_reply_to_status_id": null,
    "in_reply_to_status_id_str": null,
    "in_reply_to_user_id": null,
    "in_reply_to_user_id_str": null,
    "in_reply_to_screen_name": null,
    "user": {
        "id": 22671321,
        "id_str": "22671321",
        "name": "1043 MYfm",
        "screen_name": "1043MYfm",
        "location": "Los Angeles, CA",
        "description": "More Music, More Variety. Los Angeles Radio Station @Go4Valentine @jillianelaine @kevinmanno @DJLisaFoxx @davestyles @onwithmario @shelleywade",
        "url": "https://t.co/n8AXKPGDwf",
        "entities": {
            "url": {
                "urls": [
                    {
                        "url": "https://t.co/n8AXKPGDwf",
                        "expanded_url": "http://www.1043myfm.com",
                        "display_url": "1043myfm.com",
                        "indices": [
                            0,
                            23
                        ]
                    }
                ]
            },
            "description": {
                "urls": []
            }
        },
        "protected": false,
        "followers_count": 24295,
        "friends_count": 1279,
        "listed_count": 454,
        "created_at": "Tue Mar 03 20:14:49 +0000 2009",
        "favourites_count": 7271,
        "utc_offset": null,
        "time_zone": null,
        "geo_enabled": true,
        "verified": true,
        "statuses_count": 53049,
        "lang": "en",
        "contributors_enabled": false,
        "is_translator": false,
        "is_translation_enabled": false,
        "profile_background_color": "63C0DA",
        "profile_background_image_url": "http://abs.twimg.com/images/themes/theme1/bg.png",
        "profile_background_image_url_https": "https://abs.twimg.com/images/themes/theme1/bg.png",
        "profile_background_tile": false,
        "profile_image_url": "http://pbs.twimg.com/profile_images/1098773980058509313/M5Ry_9e4_normal.png",
        "profile_image_url_https": "https://pbs.twimg.com/profile_images/1098773980058509313/M5Ry_9e4_normal.png",
        "profile_banner_url": "https://pbs.twimg.com/profile_banners/22671321/1552066524",
        "profile_link_color": "07A0F6",
        "profile_sidebar_border_color": "000000",
        "profile_sidebar_fill_color": "DDEEF6",
        "profile_text_color": "333333",
        "profile_use_background_image": false,
        "has_extended_profile": false,
        "default_profile": false,
        "default_profile_image": false,
        "following": null,
        "follow_request_sent": null,
        "notifications": null,
        "translator_type": "none"
    },
    "geo": null,
    "coordinates": null,
    "place": null,
    "contributors": null,
    "is_quote_status": false,
    "retweet_count": 0,
    "favorite_count": 2,
    "favorited": false,
    "retweeted": false,
    "possibly_sensitive": false,
    "lang": "en"
}