{
    "created_at": "Thu Mar 14 11:22:03 +0000 2019",
    "id": 1106153515007696896,
    "id_str": "1106153515007696896",
    "text": "https://t.co/RmEciPTvAZ\n\n\u304b\u308f\u3044\u3044\u3044\u3044\u3044\u3044(n*\u00b4\u03c9`*n)",
    "truncated": false,
    "entities": {
        "hashtags": [],
        "symbols": [],
        "user_mentions": [],
        "urls": [
            {
                "url": "https://t.co/RmEciPTvAZ",
                "expanded_url": "https://www.maccosmetics.jp/collections-mac-boom-boom-bloom",
                "display_url": "maccosmetics.jp/collections-ma\u2026",
                "indices": [
                    0,
                    23
                ]
            }
        ]
    },
    "metadata": {
        "iso_language_code": "ja",
        "result_type": "recent"
    },
    "source": "<a href=\"http://twitter.com\" rel=\"nofollow\">Twitter Web Client</a>",
    "in_reply_to_status_id": null,
    "in_reply_to_status_id_str": null,
    "in_reply_to_user_id": null,
    "in_reply_to_user_id_str": null,
    "in_reply_to_screen_name": null,
    "user": {
        "id": 475684772,
        "id_str": "475684772",
        "name": "sadako \ud83d\udc3e",
        "screen_name": "psadakoq",
        "location": "\u4e95\u6238",
        "description": "PUBG/SA\ud83c\udfa4\ud83d\udcf7\ud83c\udfae\u2665\u21ac\u25b7@pchukoq\u2661 @pyuyukoq\u2661@pruakoq\u25c1\uff91\uff77\u21ac\u25b7@usa652\u25c1\ud83c\udf4c\u21ac\u25b7@sinKeNy\u25c1\uff80\uff6f\uff81\uff6d\uff9d\u21ac\u25b7@tanakakundada\u25c1\ud83e\udd8a\u21ac\u25b7@Norally0412\u25c1\ud83e\udde1\u21ac\u25b7 @I_am_uNiveR\u25c1",
        "url": "https://t.co/b2hoBxUSr8",
        "entities": {
            "url": {
                "urls": [
                    {
                        "url": "https://t.co/b2hoBxUSr8",
                        "expanded_url": "https://mqube.net/user/asyy_219",
                        "display_url": "mqube.net/user/asyy_219",
                        "indices": [
                            0,
                            23
                        ]
                    }
                ]
            },
            "description": {
                "urls": []
            }
        },
        "protected": false,
        "followers_count": 723,
        "friends_count": 360,
        "listed_count": 19,
        "created_at": "Fri Jan 27 10:03:34 +0000 2012",
        "favourites_count": 53537,
        "utc_offset": null,
        "time_zone": null,
        "geo_enabled": false,
        "verified": false,
        "statuses_count": 72491,
        "lang": "ja",
        "contributors_enabled": false,
        "is_translator": false,
        "is_translation_enabled": false,
        "profile_background_color": "FFF04D",
        "profile_background_image_url": "http://abs.twimg.com/images/themes/theme19/bg.gif",
        "profile_background_image_url_https": "https://abs.twimg.com/images/themes/theme19/bg.gif",
        "profile_background_tile": false,
        "profile_image_url": "http://pbs.twimg.com/profile_images/1060524455129079809/yOMaj4My_normal.jpg",
        "profile_image_url_https": "https://pbs.twimg.com/profile_images/1060524455129079809/yOMaj4My_normal.jpg",
        "profile_banner_url": "https://pbs.twimg.com/profile_banners/475684772/1541926889",
        "profile_link_color": "981CEB",
        "profile_sidebar_border_color": "000000",
        "profile_sidebar_fill_color": "DDEEF6",
        "profile_text_color": "333333",
        "profile_use_background_image": true,
        "has_extended_profile": true,
        "default_profile": false,
        "default_profile_image": false,
        "following": null,
        "follow_request_sent": null,
        "notifications": null,
        "translator_type": "none"
    },
    "geo": null,
    "coordinates": null,
    "place": null,
    "contributors": null,
    "is_quote_status": false,
    "retweet_count": 0,
    "favorite_count": 0,
    "favorited": false,
    "retweeted": false,
    "possibly_sensitive": false,
    "lang": "ja"
}