{
    "created_at": "Thu Mar 14 10:28:47 +0000 2019",
    "id": 1106140107872956416,
    "id_str": "1106140107872956416",
    "text": "RT @aktf_wcbh: \u3082\u3046\u3042\u3063\u305f\u3057  \u8cb7\u3046\u3057\nhttps://t.co/iYeelS1JGy https://t.co/jB4afsYUk1",
    "truncated": false,
    "entities": {
        "hashtags": [],
        "symbols": [],
        "user_mentions": [
            {
                "screen_name": "aktf_wcbh",
                "name": "\u5fd7",
                "id": 2464519129,
                "id_str": "2464519129",
                "indices": [
                    3,
                    13
                ]
            }
        ],
        "urls": [
            {
                "url": "https://t.co/iYeelS1JGy",
                "expanded_url": "https://www.popsugar.com/beauty/MAC-Cosmetics-Disney-Aladdin-Collection-2019-45909442",
                "display_url": "popsugar.com/beauty/MAC-Cos\u2026",
                "indices": [
                    27,
                    50
                ]
            }
        ],
        "media": [
            {
                "id": 1106030238171947008,
                "id_str": "1106030238171947008",
                "indices": [
                    51,
                    74
                ],
                "media_url": "http://pbs.twimg.com/media/D1lopEEUYAAF8nc.jpg",
                "media_url_https": "https://pbs.twimg.com/media/D1lopEEUYAAF8nc.jpg",
                "url": "https://t.co/jB4afsYUk1",
                "display_url": "pic.twitter.com/jB4afsYUk1",
                "expanded_url": "https://twitter.com/aktf_wcbh/status/1106030243083575297/photo/1",
                "type": "photo",
                "sizes": {
                    "medium": {
                        "w": 728,
                        "h": 951,
                        "resize": "fit"
                    },
                    "thumb": {
                        "w": 150,
                        "h": 150,
                        "resize": "crop"
                    },
                    "small": {
                        "w": 521,
                        "h": 680,
                        "resize": "fit"
                    },
                    "large": {
                        "w": 728,
                        "h": 951,
                        "resize": "fit"
                    }
                },
                "source_status_id": 1106030243083575297,
                "source_status_id_str": "1106030243083575297",
                "source_user_id": 2464519129,
                "source_user_id_str": "2464519129"
            }
        ]
    },
    "extended_entities": {
        "media": [
            {
                "id": 1106030238171947008,
                "id_str": "1106030238171947008",
                "indices": [
                    51,
                    74
                ],
                "media_url": "http://pbs.twimg.com/media/D1lopEEUYAAF8nc.jpg",
                "media_url_https": "https://pbs.twimg.com/media/D1lopEEUYAAF8nc.jpg",
                "url": "https://t.co/jB4afsYUk1",
                "display_url": "pic.twitter.com/jB4afsYUk1",
                "expanded_url": "https://twitter.com/aktf_wcbh/status/1106030243083575297/photo/1",
                "type": "photo",
                "sizes": {
                    "medium": {
                        "w": 728,
                        "h": 951,
                        "resize": "fit"
                    },
                    "thumb": {
                        "w": 150,
                        "h": 150,
                        "resize": "crop"
                    },
                    "small": {
                        "w": 521,
                        "h": 680,
                        "resize": "fit"
                    },
                    "large": {
                        "w": 728,
                        "h": 951,
                        "resize": "fit"
                    }
                },
                "source_status_id": 1106030243083575297,
                "source_status_id_str": "1106030243083575297",
                "source_user_id": 2464519129,
                "source_user_id_str": "2464519129"
            },
            {
                "id": 1106030238167781376,
                "id_str": "1106030238167781376",
                "indices": [
                    51,
                    74
                ],
                "media_url": "http://pbs.twimg.com/media/D1lopEDU0AABjhP.jpg",
                "media_url_https": "https://pbs.twimg.com/media/D1lopEDU0AABjhP.jpg",
                "url": "https://t.co/jB4afsYUk1",
                "display_url": "pic.twitter.com/jB4afsYUk1",
                "expanded_url": "https://twitter.com/aktf_wcbh/status/1106030243083575297/photo/1",
                "type": "photo",
                "sizes": {
                    "thumb": {
                        "w": 150,
                        "h": 150,
                        "resize": "crop"
                    },
                    "large": {
                        "w": 791,
                        "h": 1024,
                        "resize": "fit"
                    },
                    "small": {
                        "w": 525,
                        "h": 680,
                        "resize": "fit"
                    },
                    "medium": {
                        "w": 791,
                        "h": 1024,
                        "resize": "fit"
                    }
                },
                "source_status_id": 1106030243083575297,
                "source_status_id_str": "1106030243083575297",
                "source_user_id": 2464519129,
                "source_user_id_str": "2464519129"
            },
            {
                "id": 1106030238171983872,
                "id_str": "1106030238171983872",
                "indices": [
                    51,
                    74
                ],
                "media_url": "http://pbs.twimg.com/media/D1lopEEU8AAe9NI.jpg",
                "media_url_https": "https://pbs.twimg.com/media/D1lopEEU8AAe9NI.jpg",
                "url": "https://t.co/jB4afsYUk1",
                "display_url": "pic.twitter.com/jB4afsYUk1",
                "expanded_url": "https://twitter.com/aktf_wcbh/status/1106030243083575297/photo/1",
                "type": "photo",
                "sizes": {
                    "thumb": {
                        "w": 150,
                        "h": 150,
                        "resize": "crop"
                    },
                    "large": {
                        "w": 791,
                        "h": 1024,
                        "resize": "fit"
                    },
                    "medium": {
                        "w": 791,
                        "h": 1024,
                        "resize": "fit"
                    },
                    "small": {
                        "w": 525,
                        "h": 680,
                        "resize": "fit"
                    }
                },
                "source_status_id": 1106030243083575297,
                "source_status_id_str": "1106030243083575297",
                "source_user_id": 2464519129,
                "source_user_id_str": "2464519129"
            },
            {
                "id": 1106030238167781377,
                "id_str": "1106030238167781377",
                "indices": [
                    51,
                    74
                ],
                "media_url": "http://pbs.twimg.com/media/D1lopEDU0AE8ElX.jpg",
                "media_url_https": "https://pbs.twimg.com/media/D1lopEDU0AE8ElX.jpg",
                "url": "https://t.co/jB4afsYUk1",
                "display_url": "pic.twitter.com/jB4afsYUk1",
                "expanded_url": "https://twitter.com/aktf_wcbh/status/1106030243083575297/photo/1",
                "type": "photo",
                "sizes": {
                    "thumb": {
                        "w": 150,
                        "h": 150,
                        "resize": "crop"
                    },
                    "small": {
                        "w": 525,
                        "h": 680,
                        "resize": "fit"
                    },
                    "large": {
                        "w": 791,
                        "h": 1024,
                        "resize": "fit"
                    },
                    "medium": {
                        "w": 791,
                        "h": 1024,
                        "resize": "fit"
                    }
                },
                "source_status_id": 1106030243083575297,
                "source_status_id_str": "1106030243083575297",
                "source_user_id": 2464519129,
                "source_user_id_str": "2464519129"
            }
        ]
    },
    "metadata": {
        "iso_language_code": "ja",
        "result_type": "recent"
    },
    "source": "<a href=\"http://twitter.com/download/iphone\" rel=\"nofollow\">Twitter for iPhone</a>",
    "in_reply_to_status_id": null,
    "in_reply_to_status_id_str": null,
    "in_reply_to_user_id": null,
    "in_reply_to_user_id_str": null,
    "in_reply_to_screen_name": null,
    "user": {
        "id": 150152593,
        "id_str": "150152593",
        "name": "Toramiy",
        "screen_name": "toranoco_tran",
        "location": "No.17 CHERRY TREE LANE",
        "description": "\u3088\u304ftweet\u3059\u308b\u8a71\u984c\u2026\u4e16\u7530\u8c37/TDR/\u539f\u5bbf/\u6a2a\u6d5c/\u732b/\u7f8e\u5473\u3057\u3044\u98df\u3079\u7269/DaisyDuck/\u97f3\u697d/THE ALFEE/\u7fbd\u751f\u5584\u6cbb\u3055\u3093/\u30bf\u30e2\u30ea\u3055\u3093/\u643a\u5e2f\u96fb\u8a71/\u6d5c\u677e\u6cbc\u6d25\u4e09\u5cf6/\u6587\u623f\u5177/MARY POPPINS",
        "url": "https://t.co/pJD5WH8rFM",
        "entities": {
            "url": {
                "urls": [
                    {
                        "url": "https://t.co/pJD5WH8rFM",
                        "expanded_url": "http://twilog.org/toranoco_tran",
                        "display_url": "twilog.org/toranoco_tran",
                        "indices": [
                            0,
                            23
                        ]
                    }
                ]
            },
            "description": {
                "urls": []
            }
        },
        "protected": false,
        "followers_count": 1068,
        "friends_count": 1640,
        "listed_count": 37,
        "created_at": "Mon May 31 06:25:58 +0000 2010",
        "favourites_count": 6379,
        "utc_offset": null,
        "time_zone": null,
        "geo_enabled": false,
        "verified": false,
        "statuses_count": 165550,
        "lang": "ja",
        "contributors_enabled": false,
        "is_translator": false,
        "is_translation_enabled": false,
        "profile_background_color": "D2BADE",
        "profile_background_image_url": "http://abs.twimg.com/images/themes/theme12/bg.gif",
        "profile_background_image_url_https": "https://abs.twimg.com/images/themes/theme12/bg.gif",
        "profile_background_tile": false,
        "profile_image_url": "http://pbs.twimg.com/profile_images/656500582778179584/N3uTfUD9_normal.jpg",
        "profile_image_url_https": "https://pbs.twimg.com/profile_images/656500582778179584/N3uTfUD9_normal.jpg",
        "profile_banner_url": "https://pbs.twimg.com/profile_banners/150152593/1434972138",
        "profile_link_color": "3C73A3",
        "profile_sidebar_border_color": "A499F0",
        "profile_sidebar_fill_color": "CCCCFF",
        "profile_text_color": "0C3E53",
        "profile_use_background_image": true,
        "has_extended_profile": false,
        "default_profile": false,
        "default_profile_image": false,
        "following": null,
        "follow_request_sent": null,
        "notifications": null,
        "translator_type": "none"
    },
    "geo": null,
    "coordinates": null,
    "place": null,
    "contributors": null,
    "retweeted_status": {
        "created_at": "Thu Mar 14 03:12:13 +0000 2019",
        "id": 1106030243083575297,
        "id_str": "1106030243083575297",
        "text": "\u3082\u3046\u3042\u3063\u305f\u3057  \u8cb7\u3046\u3057\nhttps://t.co/iYeelS1JGy https://t.co/jB4afsYUk1",
        "truncated": false,
        "entities": {
            "hashtags": [],
            "symbols": [],
            "user_mentions": [],
            "urls": [
                {
                    "url": "https://t.co/iYeelS1JGy",
                    "expanded_url": "https://www.popsugar.com/beauty/MAC-Cosmetics-Disney-Aladdin-Collection-2019-45909442",
                    "display_url": "popsugar.com/beauty/MAC-Cos\u2026",
                    "indices": [
                        12,
                        35
                    ]
                }
            ],
            "media": [
                {
                    "id": 1106030238171947008,
                    "id_str": "1106030238171947008",
                    "indices": [
                        36,
                        59
                    ],
                    "media_url": "http://pbs.twimg.com/media/D1lopEEUYAAF8nc.jpg",
                    "media_url_https": "https://pbs.twimg.com/media/D1lopEEUYAAF8nc.jpg",
                    "url": "https://t.co/jB4afsYUk1",
                    "display_url": "pic.twitter.com/jB4afsYUk1",
                    "expanded_url": "https://twitter.com/aktf_wcbh/status/1106030243083575297/photo/1",
                    "type": "photo",
                    "sizes": {
                        "medium": {
                            "w": 728,
                            "h": 951,
                            "resize": "fit"
                        },
                        "thumb": {
                            "w": 150,
                            "h": 150,
                            "resize": "crop"
                        },
                        "small": {
                            "w": 521,
                            "h": 680,
                            "resize": "fit"
                        },
                        "large": {
                            "w": 728,
                            "h": 951,
                            "resize": "fit"
                        }
                    }
                }
            ]
        },
        "extended_entities": {
            "media": [
                {
                    "id": 1106030238171947008,
                    "id_str": "1106030238171947008",
                    "indices": [
                        36,
                        59
                    ],
                    "media_url": "http://pbs.twimg.com/media/D1lopEEUYAAF8nc.jpg",
                    "media_url_https": "https://pbs.twimg.com/media/D1lopEEUYAAF8nc.jpg",
                    "url": "https://t.co/jB4afsYUk1",
                    "display_url": "pic.twitter.com/jB4afsYUk1",
                    "expanded_url": "https://twitter.com/aktf_wcbh/status/1106030243083575297/photo/1",
                    "type": "photo",
                    "sizes": {
                        "medium": {
                            "w": 728,
                            "h": 951,
                            "resize": "fit"
                        },
                        "thumb": {
                            "w": 150,
                            "h": 150,
                            "resize": "crop"
                        },
                        "small": {
                            "w": 521,
                            "h": 680,
                            "resize": "fit"
                        },
                        "large": {
                            "w": 728,
                            "h": 951,
                            "resize": "fit"
                        }
                    }
                },
                {
                    "id": 1106030238167781376,
                    "id_str": "1106030238167781376",
                    "indices": [
                        36,
                        59
                    ],
                    "media_url": "http://pbs.twimg.com/media/D1lopEDU0AABjhP.jpg",
                    "media_url_https": "https://pbs.twimg.com/media/D1lopEDU0AABjhP.jpg",
                    "url": "https://t.co/jB4afsYUk1",
                    "display_url": "pic.twitter.com/jB4afsYUk1",
                    "expanded_url": "https://twitter.com/aktf_wcbh/status/1106030243083575297/photo/1",
                    "type": "photo",
                    "sizes": {
                        "thumb": {
                            "w": 150,
                            "h": 150,
                            "resize": "crop"
                        },
                        "large": {
                            "w": 791,
                            "h": 1024,
                            "resize": "fit"
                        },
                        "small": {
                            "w": 525,
                            "h": 680,
                            "resize": "fit"
                        },
                        "medium": {
                            "w": 791,
                            "h": 1024,
                            "resize": "fit"
                        }
                    }
                },
                {
                    "id": 1106030238171983872,
                    "id_str": "1106030238171983872",
                    "indices": [
                        36,
                        59
                    ],
                    "media_url": "http://pbs.twimg.com/media/D1lopEEU8AAe9NI.jpg",
                    "media_url_https": "https://pbs.twimg.com/media/D1lopEEU8AAe9NI.jpg",
                    "url": "https://t.co/jB4afsYUk1",
                    "display_url": "pic.twitter.com/jB4afsYUk1",
                    "expanded_url": "https://twitter.com/aktf_wcbh/status/1106030243083575297/photo/1",
                    "type": "photo",
                    "sizes": {
                        "thumb": {
                            "w": 150,
                            "h": 150,
                            "resize": "crop"
                        },
                        "large": {
                            "w": 791,
                            "h": 1024,
                            "resize": "fit"
                        },
                        "medium": {
                            "w": 791,
                            "h": 1024,
                            "resize": "fit"
                        },
                        "small": {
                            "w": 525,
                            "h": 680,
                            "resize": "fit"
                        }
                    }
                },
                {
                    "id": 1106030238167781377,
                    "id_str": "1106030238167781377",
                    "indices": [
                        36,
                        59
                    ],
                    "media_url": "http://pbs.twimg.com/media/D1lopEDU0AE8ElX.jpg",
                    "media_url_https": "https://pbs.twimg.com/media/D1lopEDU0AE8ElX.jpg",
                    "url": "https://t.co/jB4afsYUk1",
                    "display_url": "pic.twitter.com/jB4afsYUk1",
                    "expanded_url": "https://twitter.com/aktf_wcbh/status/1106030243083575297/photo/1",
                    "type": "photo",
                    "sizes": {
                        "thumb": {
                            "w": 150,
                            "h": 150,
                            "resize": "crop"
                        },
                        "small": {
                            "w": 525,
                            "h": 680,
                            "resize": "fit"
                        },
                        "large": {
                            "w": 791,
                            "h": 1024,
                            "resize": "fit"
                        },
                        "medium": {
                            "w": 791,
                            "h": 1024,
                            "resize": "fit"
                        }
                    }
                }
            ]
        },
        "metadata": {
            "iso_language_code": "ja",
            "result_type": "recent"
        },
        "source": "<a href=\"http://twitter.com/download/iphone\" rel=\"nofollow\">Twitter for iPhone</a>",
        "in_reply_to_status_id": 1106028845809819648,
        "in_reply_to_status_id_str": "1106028845809819648",
        "in_reply_to_user_id": 2464519129,
        "in_reply_to_user_id_str": "2464519129",
        "in_reply_to_screen_name": "aktf_wcbh",
        "user": {
            "id": 2464519129,
            "id_str": "2464519129",
            "name": "\u5fd7",
            "screen_name": "aktf_wcbh",
            "location": "\u6398\u524a\u5751",
            "description": "\u6d0b\u753b \u6d0b\u30c9\u30e9\u30de/ Love films, actors, and staffs who do filmmaking / \u7a7a\u3068\u6d77\u306e\u8a71\u3092\u3057\u307e\u3059 / Favourites: https://t.co/XKRIasMDvO",
            "url": "https://t.co/M4fpSAPisf",
            "entities": {
                "url": {
                    "urls": [
                        {
                            "url": "https://t.co/M4fpSAPisf",
                            "expanded_url": "http://privatter.net/u/aktf_wcbh",
                            "display_url": "privatter.net/u/aktf_wcbh",
                            "indices": [
                                0,
                                23
                            ]
                        }
                    ]
                },
                "description": {
                    "urls": [
                        {
                            "url": "https://t.co/XKRIasMDvO",
                            "expanded_url": "https://privatter.net/p/1040769",
                            "display_url": "privatter.net/p/1040769",
                            "indices": [
                                84,
                                107
                            ]
                        }
                    ]
                }
            },
            "protected": false,
            "followers_count": 11498,
            "friends_count": 68,
            "listed_count": 269,
            "created_at": "Sat Apr 26 11:37:55 +0000 2014",
            "favourites_count": 20425,
            "utc_offset": null,
            "time_zone": null,
            "geo_enabled": false,
            "verified": false,
            "statuses_count": 27464,
            "lang": "ja",
            "contributors_enabled": false,
            "is_translator": false,
            "is_translation_enabled": false,
            "profile_background_color": "1A1B1F",
            "profile_background_image_url": "http://abs.twimg.com/images/themes/theme9/bg.gif",
            "profile_background_image_url_https": "https://abs.twimg.com/images/themes/theme9/bg.gif",
            "profile_background_tile": false,
            "profile_image_url": "http://pbs.twimg.com/profile_images/875985972143542272/qROsEmh7_normal.jpg",
            "profile_image_url_https": "https://pbs.twimg.com/profile_images/875985972143542272/qROsEmh7_normal.jpg",
            "profile_banner_url": "https://pbs.twimg.com/profile_banners/2464519129/1431751812",
            "profile_link_color": "19CF86",
            "profile_sidebar_border_color": "181A1E",
            "profile_sidebar_fill_color": "252429",
            "profile_text_color": "666666",
            "profile_use_background_image": true,
            "has_extended_profile": false,
            "default_profile": false,
            "default_profile_image": false,
            "following": null,
            "follow_request_sent": null,
            "notifications": null,
            "translator_type": "none"
        },
        "geo": null,
        "coordinates": null,
        "place": null,
        "contributors": null,
        "is_quote_status": false,
        "retweet_count": 407,
        "favorite_count": 618,
        "favorited": false,
        "retweeted": false,
        "possibly_sensitive": false,
        "lang": "ja"
    },
    "is_quote_status": false,
    "retweet_count": 407,
    "favorite_count": 0,
    "favorited": false,
    "retweeted": false,
    "possibly_sensitive": false,
    "lang": "ja"
}