{
    "created_at": "Thu Mar 14 02:07:09 +0000 2019",
    "id": 1106013868319367170,
    "id_str": "1106013868319367170",
    "text": "RT @Gabby_Hoffman: \"Beauty is in the eye of the beholder, they say...If you believe all life is beautiful, however, two major beauty compan\u2026",
    "truncated": false,
    "entities": {
        "hashtags": [],
        "symbols": [],
        "user_mentions": [
            {
                "screen_name": "Gabby_Hoffman",
                "name": "Gabriella Hoffman",
                "id": 104342107,
                "id_str": "104342107",
                "indices": [
                    3,
                    17
                ]
            }
        ],
        "urls": []
    },
    "metadata": {
        "iso_language_code": "en",
        "result_type": "recent"
    },
    "source": "<a href=\"http://twitter.com/download/android\" rel=\"nofollow\">Twitter for Android</a>",
    "in_reply_to_status_id": null,
    "in_reply_to_status_id_str": null,
    "in_reply_to_user_id": null,
    "in_reply_to_user_id_str": null,
    "in_reply_to_screen_name": null,
    "user": {
        "id": 43106045,
        "id_str": "43106045",
        "name": "The Mommy Voice",
        "screen_name": "Uuf_dah",
        "location": "CA I-10 Exit 173, USA",
        "description": "#Merican #Catholic  #trailertrash  #desertrat  \ud83c\uddfa\ud83c\uddf8#MAGA #GodBlessAmerica  \nYou People!",
        "url": null,
        "entities": {
            "description": {
                "urls": []
            }
        },
        "protected": false,
        "followers_count": 475,
        "friends_count": 978,
        "listed_count": 37,
        "created_at": "Thu May 28 13:13:32 +0000 2009",
        "favourites_count": 70227,
        "utc_offset": null,
        "time_zone": null,
        "geo_enabled": true,
        "verified": false,
        "statuses_count": 10333,
        "lang": "en",
        "contributors_enabled": false,
        "is_translator": false,
        "is_translation_enabled": false,
        "profile_background_color": "89C9FA",
        "profile_background_image_url": "http://abs.twimg.com/images/themes/theme13/bg.gif",
        "profile_background_image_url_https": "https://abs.twimg.com/images/themes/theme13/bg.gif",
        "profile_background_tile": true,
        "profile_image_url": "http://pbs.twimg.com/profile_images/1061296739292897281/zC8N_xWr_normal.jpg",
        "profile_image_url_https": "https://pbs.twimg.com/profile_images/1061296739292897281/zC8N_xWr_normal.jpg",
        "profile_banner_url": "https://pbs.twimg.com/profile_banners/43106045/1449455424",
        "profile_link_color": "19CF86",
        "profile_sidebar_border_color": "FFFFFF",
        "profile_sidebar_fill_color": "FFFFFF",
        "profile_text_color": "333333",
        "profile_use_background_image": true,
        "has_extended_profile": false,
        "default_profile": false,
        "default_profile_image": false,
        "following": null,
        "follow_request_sent": null,
        "notifications": null,
        "translator_type": "none"
    },
    "geo": null,
    "coordinates": null,
    "place": null,
    "contributors": null,
    "retweeted_status": {
        "created_at": "Wed Mar 13 16:29:19 +0000 2019",
        "id": 1105868450713518080,
        "id_str": "1105868450713518080",
        "text": "\"Beauty is in the eye of the beholder, they say...If you believe all life is beautiful, however, two major beauty c\u2026 https://t.co/bmm3CJQUUi",
        "truncated": true,
        "entities": {
            "hashtags": [],
            "symbols": [],
            "user_mentions": [],
            "urls": [
                {
                    "url": "https://t.co/bmm3CJQUUi",
                    "expanded_url": "https://twitter.com/i/web/status/1105868450713518080",
                    "display_url": "twitter.com/i/web/status/1\u2026",
                    "indices": [
                        117,
                        140
                    ]
                }
            ]
        },
        "metadata": {
            "iso_language_code": "en",
            "result_type": "recent"
        },
        "source": "<a href=\"http://twitter.com\" rel=\"nofollow\">Twitter Web Client</a>",
        "in_reply_to_status_id": null,
        "in_reply_to_status_id_str": null,
        "in_reply_to_user_id": null,
        "in_reply_to_user_id_str": null,
        "in_reply_to_screen_name": null,
        "user": {
            "id": 104342107,
            "id_str": "104342107",
            "name": "Gabriella Hoffman",
            "screen_name": "Gabby_Hoffman",
            "location": "DC Metro Area / Commonwealth of Virginia",
            "description": "Media Strategist. @Resurgent Writer. @dconservpodcast Host. American-Lithuanian. @ReelCamoGirl Team. SoCal native & urbanite who fishes, own guns, & now hunts.",
            "url": "https://t.co/4e3qmW3dvz",
            "entities": {
                "url": {
                    "urls": [
                        {
                            "url": "https://t.co/4e3qmW3dvz",
                            "expanded_url": "https://www.instagram.com/gabriella_hoffman/",
                            "display_url": "instagram.com/gabriella_hoff\u2026",
                            "indices": [
                                0,
                                23
                            ]
                        }
                    ]
                },
                "description": {
                    "urls": []
                }
            },
            "protected": false,
            "followers_count": 42464,
            "friends_count": 5303,
            "listed_count": 1170,
            "created_at": "Wed Jan 13 01:50:14 +0000 2010",
            "favourites_count": 55816,
            "utc_offset": null,
            "time_zone": null,
            "geo_enabled": true,
            "verified": true,
            "statuses_count": 77787,
            "lang": "en",
            "contributors_enabled": false,
            "is_translator": false,
            "is_translation_enabled": false,
            "profile_background_color": "0CA699",
            "profile_background_image_url": "http://abs.twimg.com/images/themes/theme6/bg.gif",
            "profile_background_image_url_https": "https://abs.twimg.com/images/themes/theme6/bg.gif",
            "profile_background_tile": true,
            "profile_image_url": "http://pbs.twimg.com/profile_images/1094270686594584579/jFed80Cn_normal.jpg",
            "profile_image_url_https": "https://pbs.twimg.com/profile_images/1094270686594584579/jFed80Cn_normal.jpg",
            "profile_banner_url": "https://pbs.twimg.com/profile_banners/104342107/1539304425",
            "profile_link_color": "2058C7",
            "profile_sidebar_border_color": "000000",
            "profile_sidebar_fill_color": "A0C5C7",
            "profile_text_color": "333333",
            "profile_use_background_image": true,
            "has_extended_profile": true,
            "default_profile": false,
            "default_profile_image": false,
            "following": null,
            "follow_request_sent": null,
            "notifications": null,
            "translator_type": "none"
        },
        "geo": null,
        "coordinates": null,
        "place": null,
        "contributors": null,
        "is_quote_status": false,
        "retweet_count": 49,
        "favorite_count": 70,
        "favorited": false,
        "retweeted": false,
        "possibly_sensitive": false,
        "lang": "en"
    },
    "is_quote_status": false,
    "retweet_count": 49,
    "favorite_count": 0,
    "favorited": false,
    "retweeted": false,
    "lang": "en"
}