{
    "created_at": "Thu Mar 14 08:49:33 +0000 2019",
    "id": 1106115136689922051,
    "id_str": "1106115136689922051",
    "text": "\u30a2\u30e9\u30b8\u30f3\u3068MAC\u30b3\u30e9\u30dc\u3001\u30d1\u30c3\u30b1\u30fc\u30b8\u304c\u30d0\u30ab\u53ef\u611b\u3044\u2026\n\nhttps://t.co/bUdjLFmzay https://t.co/huvzhjs6d5",
    "truncated": false,
    "entities": {
        "hashtags": [],
        "symbols": [],
        "user_mentions": [],
        "urls": [
            {
                "url": "https://t.co/bUdjLFmzay",
                "expanded_url": "https://www.popsugar.com/beauty/MAC-Cosmetics-Disney-Aladdin-Collection-2019-45909442",
                "display_url": "popsugar.com/beauty/MAC-Cos\u2026",
                "indices": [
                    26,
                    49
                ]
            }
        ],
        "media": [
            {
                "id": 1106115132235571200,
                "id_str": "1106115132235571200",
                "indices": [
                    50,
                    73
                ],
                "media_url": "http://pbs.twimg.com/media/D1m12jGV4AAB24t.jpg",
                "media_url_https": "https://pbs.twimg.com/media/D1m12jGV4AAB24t.jpg",
                "url": "https://t.co/huvzhjs6d5",
                "display_url": "pic.twitter.com/huvzhjs6d5",
                "expanded_url": "https://twitter.com/iin_cho/status/1106115136689922051/photo/1",
                "type": "photo",
                "sizes": {
                    "large": {
                        "w": 728,
                        "h": 951,
                        "resize": "fit"
                    },
                    "thumb": {
                        "w": 150,
                        "h": 150,
                        "resize": "crop"
                    },
                    "small": {
                        "w": 521,
                        "h": 680,
                        "resize": "fit"
                    },
                    "medium": {
                        "w": 728,
                        "h": 951,
                        "resize": "fit"
                    }
                }
            }
        ]
    },
    "extended_entities": {
        "media": [
            {
                "id": 1106115132235571200,
                "id_str": "1106115132235571200",
                "indices": [
                    50,
                    73
                ],
                "media_url": "http://pbs.twimg.com/media/D1m12jGV4AAB24t.jpg",
                "media_url_https": "https://pbs.twimg.com/media/D1m12jGV4AAB24t.jpg",
                "url": "https://t.co/huvzhjs6d5",
                "display_url": "pic.twitter.com/huvzhjs6d5",
                "expanded_url": "https://twitter.com/iin_cho/status/1106115136689922051/photo/1",
                "type": "photo",
                "sizes": {
                    "large": {
                        "w": 728,
                        "h": 951,
                        "resize": "fit"
                    },
                    "thumb": {
                        "w": 150,
                        "h": 150,
                        "resize": "crop"
                    },
                    "small": {
                        "w": 521,
                        "h": 680,
                        "resize": "fit"
                    },
                    "medium": {
                        "w": 728,
                        "h": 951,
                        "resize": "fit"
                    }
                }
            },
            {
                "id": 1106115132243927040,
                "id_str": "1106115132243927040",
                "indices": [
                    50,
                    73
                ],
                "media_url": "http://pbs.twimg.com/media/D1m12jIVYAAbYsf.jpg",
                "media_url_https": "https://pbs.twimg.com/media/D1m12jIVYAAbYsf.jpg",
                "url": "https://t.co/huvzhjs6d5",
                "display_url": "pic.twitter.com/huvzhjs6d5",
                "expanded_url": "https://twitter.com/iin_cho/status/1106115136689922051/photo/1",
                "type": "photo",
                "sizes": {
                    "small": {
                        "w": 525,
                        "h": 680,
                        "resize": "fit"
                    },
                    "thumb": {
                        "w": 150,
                        "h": 150,
                        "resize": "crop"
                    },
                    "large": {
                        "w": 791,
                        "h": 1024,
                        "resize": "fit"
                    },
                    "medium": {
                        "w": 791,
                        "h": 1024,
                        "resize": "fit"
                    }
                }
            },
            {
                "id": 1106115132248096768,
                "id_str": "1106115132248096768",
                "indices": [
                    50,
                    73
                ],
                "media_url": "http://pbs.twimg.com/media/D1m12jJVAAAe0UK.jpg",
                "media_url_https": "https://pbs.twimg.com/media/D1m12jJVAAAe0UK.jpg",
                "url": "https://t.co/huvzhjs6d5",
                "display_url": "pic.twitter.com/huvzhjs6d5",
                "expanded_url": "https://twitter.com/iin_cho/status/1106115136689922051/photo/1",
                "type": "photo",
                "sizes": {
                    "thumb": {
                        "w": 150,
                        "h": 150,
                        "resize": "crop"
                    },
                    "large": {
                        "w": 791,
                        "h": 1024,
                        "resize": "fit"
                    },
                    "small": {
                        "w": 525,
                        "h": 680,
                        "resize": "fit"
                    },
                    "medium": {
                        "w": 791,
                        "h": 1024,
                        "resize": "fit"
                    }
                }
            }
        ]
    },
    "metadata": {
        "iso_language_code": "ja",
        "result_type": "recent"
    },
    "source": "<a href=\"http://twitter.com/download/iphone\" rel=\"nofollow\">Twitter for iPhone</a>",
    "in_reply_to_status_id": null,
    "in_reply_to_status_id_str": null,
    "in_reply_to_user_id": null,
    "in_reply_to_user_id_str": null,
    "in_reply_to_screen_name": null,
    "user": {
        "id": 101643992,
        "id_str": "101643992",
        "name": "o\u0265\u0254\u203eu!!",
        "screen_name": "iin_cho",
        "location": "http://oday.co/users/mmsr",
        "description": "\u30c6\u30ec\u30d3\u304c\u597d\u304d\u3067\u3059\u3002\u30e9\u30a4\u30d6\u3082\u6642\u3005\u3002 2017\u5e7412\u6708\u306b\u5a18\u304c\u7206\u8a95\u3057\u305f\u306e\u3067\u5b50\u3069\u3082\u306e\u3053\u3068\u3082\u3064\u3076\u3084\u304d\u307e\u3059\u3002\u307b\u3057\u3044\u7269\u30ea\u30b9\u30c8\ud83d\udc68\u200d\ud83d\udc69\u200d\ud83d\udc67\u21e8 https://t.co/r9reY8GPpd \u8cb7\u3063\u3066\u3088\u304b\u3063\u305f\u3082\u306e \u21e8 https://t.co/Vb6bIA5Xtp!",
        "url": "https://t.co/r9reY8GPpd",
        "entities": {
            "url": {
                "urls": [
                    {
                        "url": "https://t.co/r9reY8GPpd",
                        "expanded_url": "http://amzn.asia/hOjvTpx",
                        "display_url": "amzn.asia/hOjvTpx",
                        "indices": [
                            0,
                            23
                        ]
                    }
                ]
            },
            "description": {
                "urls": [
                    {
                        "url": "https://t.co/r9reY8GPpd",
                        "expanded_url": "http://amzn.asia/hOjvTpx",
                        "display_url": "amzn.asia/hOjvTpx",
                        "indices": [
                            62,
                            85
                        ]
                    },
                    {
                        "url": "https://t.co/Vb6bIA5Xtp",
                        "expanded_url": "https://room.rakuten.co.jp/room_d992455be6/items#",
                        "display_url": "room.rakuten.co.jp/room_d992455be\u2026",
                        "indices": [
                            98,
                            121
                        ]
                    }
                ]
            }
        },
        "protected": false,
        "followers_count": 229,
        "friends_count": 219,
        "listed_count": 11,
        "created_at": "Mon Jan 04 03:15:38 +0000 2010",
        "favourites_count": 5748,
        "utc_offset": null,
        "time_zone": null,
        "geo_enabled": true,
        "verified": false,
        "statuses_count": 33265,
        "lang": "ja",
        "contributors_enabled": false,
        "is_translator": false,
        "is_translation_enabled": false,
        "profile_background_color": "FAF5F5",
        "profile_background_image_url": "http://abs.twimg.com/images/themes/theme17/bg.gif",
        "profile_background_image_url_https": "https://abs.twimg.com/images/themes/theme17/bg.gif",
        "profile_background_tile": true,
        "profile_image_url": "http://pbs.twimg.com/profile_images/764833852149817344/Xqzu743z_normal.jpg",
        "profile_image_url_https": "https://pbs.twimg.com/profile_images/764833852149817344/Xqzu743z_normal.jpg",
        "profile_banner_url": "https://pbs.twimg.com/profile_banners/101643992/1419075130",
        "profile_link_color": "CC3366",
        "profile_sidebar_border_color": "DBE9ED",
        "profile_sidebar_fill_color": "E6F6F9",
        "profile_text_color": "333333",
        "profile_use_background_image": true,
        "has_extended_profile": false,
        "default_profile": false,
        "default_profile_image": false,
        "following": null,
        "follow_request_sent": null,
        "notifications": null,
        "translator_type": "none"
    },
    "geo": null,
    "coordinates": null,
    "place": null,
    "contributors": null,
    "is_quote_status": false,
    "retweet_count": 0,
    "favorite_count": 2,
    "favorited": false,
    "retweeted": false,
    "possibly_sensitive": false,
    "lang": "ja"
}