{
    "created_at": "Thu Mar 14 03:55:01 +0000 2019",
    "id": 1106041014655963136,
    "id_str": "1106041014655963136",
    "text": "MAC &amp; Benefit Just Made It So Easy To Support Planned Parenthood https://t.co/CEHyL673Ky via @refinery29",
    "truncated": false,
    "entities": {
        "hashtags": [],
        "symbols": [],
        "user_mentions": [
            {
                "screen_name": "Refinery29",
                "name": "Refinery29",
                "id": 19546942,
                "id_str": "19546942",
                "indices": [
                    97,
                    108
                ]
            }
        ],
        "urls": [
            {
                "url": "https://t.co/CEHyL673Ky",
                "expanded_url": "https://www.refinery29.com/en-us/2019/03/226608/mac-cosmetics-benefit-planned-parenthood-donation?utm_source=twitter&utm_medium=twitter_share",
                "display_url": "refinery29.com/en-us/2019/03/\u2026",
                "indices": [
                    69,
                    92
                ]
            }
        ]
    },
    "metadata": {
        "iso_language_code": "en",
        "result_type": "recent"
    },
    "source": "<a href=\"http://twitter.com/download/iphone\" rel=\"nofollow\">Twitter for iPhone</a>",
    "in_reply_to_status_id": null,
    "in_reply_to_status_id_str": null,
    "in_reply_to_user_id": null,
    "in_reply_to_user_id_str": null,
    "in_reply_to_screen_name": null,
    "user": {
        "id": 28242029,
        "id_str": "28242029",
        "name": "Marlita On The Run",
        "screen_name": "MarlitaOnTheRun",
        "location": "San Diego. Los Angeles.",
        "description": "style & beauty blogger. makeup artist. pinup-photographer. awkward. queer. activist.",
        "url": "https://t.co/2qWPDJxXzk",
        "entities": {
            "url": {
                "urls": [
                    {
                        "url": "https://t.co/2qWPDJxXzk",
                        "expanded_url": "http://www.marlitaontherun.com",
                        "display_url": "marlitaontherun.com",
                        "indices": [
                            0,
                            23
                        ]
                    }
                ]
            },
            "description": {
                "urls": []
            }
        },
        "protected": false,
        "followers_count": 1638,
        "friends_count": 1470,
        "listed_count": 87,
        "created_at": "Thu Apr 02 00:54:22 +0000 2009",
        "favourites_count": 19843,
        "utc_offset": null,
        "time_zone": null,
        "geo_enabled": true,
        "verified": false,
        "statuses_count": 21896,
        "lang": "en",
        "contributors_enabled": false,
        "is_translator": false,
        "is_translation_enabled": false,
        "profile_background_color": "DBE9ED",
        "profile_background_image_url": "http://abs.twimg.com/images/themes/theme17/bg.gif",
        "profile_background_image_url_https": "https://abs.twimg.com/images/themes/theme17/bg.gif",
        "profile_background_tile": true,
        "profile_image_url": "http://pbs.twimg.com/profile_images/911300323641253888/uJ78W06V_normal.jpg",
        "profile_image_url_https": "https://pbs.twimg.com/profile_images/911300323641253888/uJ78W06V_normal.jpg",
        "profile_banner_url": "https://pbs.twimg.com/profile_banners/28242029/1482877328",
        "profile_link_color": "CC3366",
        "profile_sidebar_border_color": "DBE9ED",
        "profile_sidebar_fill_color": "E6F6F9",
        "profile_text_color": "333333",
        "profile_use_background_image": true,
        "has_extended_profile": false,
        "default_profile": false,
        "default_profile_image": false,
        "following": null,
        "follow_request_sent": null,
        "notifications": null,
        "translator_type": "none"
    },
    "geo": null,
    "coordinates": null,
    "place": null,
    "contributors": null,
    "is_quote_status": false,
    "retweet_count": 0,
    "favorite_count": 0,
    "favorited": false,
    "retweeted": false,
    "possibly_sensitive": false,
    "lang": "en"
}