{
    "created_at": "Thu Mar 14 11:50:05 +0000 2019",
    "id": 1106160566257811459,
    "id_str": "1106160566257811459",
    "text": "Mac Cosmetics online kaufen und gleich Make-Up auftragen https://t.co/9C7qavPwoP",
    "truncated": false,
    "entities": {
        "hashtags": [],
        "symbols": [],
        "user_mentions": [],
        "urls": [
            {
                "url": "https://t.co/9C7qavPwoP",
                "expanded_url": "http://ow.ly/QX3z30nXhZC",
                "display_url": "ow.ly/QX3z30nXhZC",
                "indices": [
                    57,
                    80
                ]
            }
        ]
    },
    "metadata": {
        "iso_language_code": "de",
        "result_type": "recent"
    },
    "source": "<a href=\"https://www.hootsuite.com\" rel=\"nofollow\">Hootsuite Inc.</a>",
    "in_reply_to_status_id": null,
    "in_reply_to_status_id_str": null,
    "in_reply_to_user_id": null,
    "in_reply_to_user_id_str": null,
    "in_reply_to_screen_name": null,
    "user": {
        "id": 770528581,
        "id_str": "770528581",
        "name": "parfumskaufen",
        "screen_name": "parfumskaufen",
        "location": "Berlin",
        "description": "Auf der Suche nach dem passenden Duft, guter Kosmetik und spannenden Angeboten helfen wir Ihnen bei Parfums Kaufen weiter.",
        "url": "https://t.co/us5LrTF1rD",
        "entities": {
            "url": {
                "urls": [
                    {
                        "url": "https://t.co/us5LrTF1rD",
                        "expanded_url": "https://parfumskaufen.com",
                        "display_url": "parfumskaufen.com",
                        "indices": [
                            0,
                            23
                        ]
                    }
                ]
            },
            "description": {
                "urls": []
            }
        },
        "protected": false,
        "followers_count": 1107,
        "friends_count": 1662,
        "listed_count": 0,
        "created_at": "Tue Aug 21 00:48:10 +0000 2012",
        "favourites_count": 0,
        "utc_offset": null,
        "time_zone": null,
        "geo_enabled": false,
        "verified": false,
        "statuses_count": 13174,
        "lang": "de",
        "contributors_enabled": false,
        "is_translator": false,
        "is_translation_enabled": false,
        "profile_background_color": "C0DEED",
        "profile_background_image_url": "http://abs.twimg.com/images/themes/theme1/bg.png",
        "profile_background_image_url_https": "https://abs.twimg.com/images/themes/theme1/bg.png",
        "profile_background_tile": false,
        "profile_image_url": "http://pbs.twimg.com/profile_images/2526232695/parfumskaufentwitter_normal.jpg",
        "profile_image_url_https": "https://pbs.twimg.com/profile_images/2526232695/parfumskaufentwitter_normal.jpg",
        "profile_link_color": "1DA1F2",
        "profile_sidebar_border_color": "C0DEED",
        "profile_sidebar_fill_color": "DDEEF6",
        "profile_text_color": "333333",
        "profile_use_background_image": true,
        "has_extended_profile": false,
        "default_profile": true,
        "default_profile_image": false,
        "following": null,
        "follow_request_sent": null,
        "notifications": null,
        "translator_type": "none"
    },
    "geo": null,
    "coordinates": null,
    "place": null,
    "contributors": null,
    "is_quote_status": false,
    "retweet_count": 0,
    "favorite_count": 0,
    "favorited": false,
    "retweeted": false,
    "possibly_sensitive": false,
    "lang": "de"
}