{
    "created_at": "Thu Mar 14 03:13:33 +0000 2019",
    "id": 1106030577763930113,
    "id_str": "1106030577763930113",
    "text": "RT @March_for_Life: \"If you believe all life is beautiful...two major beauty companies have indicated they don\u2019t want your business going f\u2026",
    "truncated": false,
    "entities": {
        "hashtags": [],
        "symbols": [],
        "user_mentions": [
            {
                "screen_name": "March_for_Life",
                "name": "March for Life",
                "id": 430130014,
                "id_str": "430130014",
                "indices": [
                    3,
                    18
                ]
            }
        ],
        "urls": []
    },
    "metadata": {
        "iso_language_code": "en",
        "result_type": "recent"
    },
    "source": "<a href=\"https://mobile.twitter.com\" rel=\"nofollow\">Twitter Web App</a>",
    "in_reply_to_status_id": null,
    "in_reply_to_status_id_str": null,
    "in_reply_to_user_id": null,
    "in_reply_to_user_id_str": null,
    "in_reply_to_screen_name": null,
    "user": {
        "id": 131551379,
        "id_str": "131551379",
        "name": "\ud83c\udf29illinoisgal\ud83c\udf2aPart of the Storm\ud83c\uddfa\ud83c\uddf8  \ud83d\uddfd\ud83d\udc18\ud83d\ude82\ud83c\udf40",
        "screen_name": "Illinoisgal43",
        "location": "Not Chicago",
        "description": "Eyes Wide Open American Christian. Married, animal lover, online store owner. Grateful to God for President Trump!!!!  No DMs - I block nasty name callers.",
        "url": "https://t.co/YKFdeat3WK",
        "entities": {
            "url": {
                "urls": [
                    {
                        "url": "https://t.co/YKFdeat3WK",
                        "expanded_url": "https://gab.ai/illinoisgal",
                        "display_url": "gab.ai/illinoisgal",
                        "indices": [
                            0,
                            23
                        ]
                    }
                ]
            },
            "description": {
                "urls": []
            }
        },
        "protected": false,
        "followers_count": 9099,
        "friends_count": 9277,
        "listed_count": 43,
        "created_at": "Sat Apr 10 16:22:13 +0000 2010",
        "favourites_count": 77327,
        "utc_offset": null,
        "time_zone": null,
        "geo_enabled": true,
        "verified": false,
        "statuses_count": 62516,
        "lang": "en",
        "contributors_enabled": false,
        "is_translator": false,
        "is_translation_enabled": false,
        "profile_background_color": "FF6699",
        "profile_background_image_url": "http://abs.twimg.com/images/themes/theme11/bg.gif",
        "profile_background_image_url_https": "https://abs.twimg.com/images/themes/theme11/bg.gif",
        "profile_background_tile": true,
        "profile_image_url": "http://pbs.twimg.com/profile_images/947298823222775808/RgXxqG80_normal.jpg",
        "profile_image_url_https": "https://pbs.twimg.com/profile_images/947298823222775808/RgXxqG80_normal.jpg",
        "profile_banner_url": "https://pbs.twimg.com/profile_banners/131551379/1506444673",
        "profile_link_color": "E81C4F",
        "profile_sidebar_border_color": "000000",
        "profile_sidebar_fill_color": "000000",
        "profile_text_color": "000000",
        "profile_use_background_image": true,
        "has_extended_profile": false,
        "default_profile": false,
        "default_profile_image": false,
        "following": null,
        "follow_request_sent": null,
        "notifications": null,
        "translator_type": "none"
    },
    "geo": null,
    "coordinates": null,
    "place": null,
    "contributors": null,
    "retweeted_status": {
        "created_at": "Wed Mar 13 17:09:01 +0000 2019",
        "id": 1105878443512737792,
        "id_str": "1105878443512737792",
        "text": "\"If you believe all life is beautiful...two major beauty companies have indicated they don\u2019t want your business goi\u2026 https://t.co/D1ZMeZO3HA",
        "truncated": true,
        "entities": {
            "hashtags": [],
            "symbols": [],
            "user_mentions": [],
            "urls": [
                {
                    "url": "https://t.co/D1ZMeZO3HA",
                    "expanded_url": "https://twitter.com/i/web/status/1105878443512737792",
                    "display_url": "twitter.com/i/web/status/1\u2026",
                    "indices": [
                        117,
                        140
                    ]
                }
            ]
        },
        "metadata": {
            "iso_language_code": "en",
            "result_type": "recent"
        },
        "source": "<a href=\"https://sproutsocial.com\" rel=\"nofollow\">Sprout Social</a>",
        "in_reply_to_status_id": null,
        "in_reply_to_status_id_str": null,
        "in_reply_to_user_id": null,
        "in_reply_to_user_id_str": null,
        "in_reply_to_screen_name": null,
        "user": {
            "id": 430130014,
            "id_str": "430130014",
            "name": "March for Life",
            "screen_name": "March_for_Life",
            "location": "Washington, DC",
            "description": "Official March for Life account. Join us for the next annual march in Washington, DC on January 24, 2020. Led by @JeanneMFL. #whywemarch",
            "url": "https://t.co/HV7n8dz5of",
            "entities": {
                "url": {
                    "urls": [
                        {
                            "url": "https://t.co/HV7n8dz5of",
                            "expanded_url": "http://www.marchforlife.org",
                            "display_url": "marchforlife.org",
                            "indices": [
                                0,
                                23
                            ]
                        }
                    ]
                },
                "description": {
                    "urls": []
                }
            },
            "protected": false,
            "followers_count": 75612,
            "friends_count": 2260,
            "listed_count": 536,
            "created_at": "Tue Dec 06 20:07:36 +0000 2011",
            "favourites_count": 12492,
            "utc_offset": null,
            "time_zone": null,
            "geo_enabled": true,
            "verified": true,
            "statuses_count": 22019,
            "lang": "en",
            "contributors_enabled": false,
            "is_translator": false,
            "is_translation_enabled": false,
            "profile_background_color": "C0DEED",
            "profile_background_image_url": "http://abs.twimg.com/images/themes/theme1/bg.png",
            "profile_background_image_url_https": "https://abs.twimg.com/images/themes/theme1/bg.png",
            "profile_background_tile": true,
            "profile_image_url": "http://pbs.twimg.com/profile_images/991801976236265472/YmdAQriQ_normal.jpg",
            "profile_image_url_https": "https://pbs.twimg.com/profile_images/991801976236265472/YmdAQriQ_normal.jpg",
            "profile_banner_url": "https://pbs.twimg.com/profile_banners/430130014/1549985624",
            "profile_link_color": "0084B4",
            "profile_sidebar_border_color": "000000",
            "profile_sidebar_fill_color": "DDEEF6",
            "profile_text_color": "333333",
            "profile_use_background_image": true,
            "has_extended_profile": true,
            "default_profile": false,
            "default_profile_image": false,
            "following": null,
            "follow_request_sent": null,
            "notifications": null,
            "translator_type": "none"
        },
        "geo": null,
        "coordinates": null,
        "place": null,
        "contributors": null,
        "is_quote_status": false,
        "retweet_count": 18,
        "favorite_count": 32,
        "favorited": false,
        "retweeted": false,
        "possibly_sensitive": false,
        "lang": "en"
    },
    "is_quote_status": false,
    "retweet_count": 18,
    "favorite_count": 0,
    "favorited": false,
    "retweeted": false,
    "lang": "en"
}