{
    "created_at": "Thu Mar 14 02:42:16 +0000 2019",
    "id": 1106022706900660225,
    "id_str": "1106022706900660225",
    "text": "Check out what I just added to my closet on Poshmark: Mac Cosmetics Mixing Medium Shine. https://t.co/9FN5aljh2x vi\u2026 https://t.co/0WHMlFu1o7",
    "truncated": true,
    "entities": {
        "hashtags": [],
        "symbols": [],
        "user_mentions": [],
        "urls": [
            {
                "url": "https://t.co/9FN5aljh2x",
                "expanded_url": "https://poshmark.com/listing/5c898efb534ef9dc785500ba?utm_campaign=referral_code%3DAHUIDOR&utm_content=feature%3Dsh_li__and%26rfuid%3D54fe9b247341fe0bbb02ff80%26ext_trk%3Dbranch&utm_source=tw_sh",
                "display_url": "poshmark.com/listing/5c898e\u2026",
                "indices": [
                    89,
                    112
                ]
            },
            {
                "url": "https://t.co/0WHMlFu1o7",
                "expanded_url": "https://twitter.com/i/web/status/1106022706900660225",
                "display_url": "twitter.com/i/web/status/1\u2026",
                "indices": [
                    117,
                    140
                ]
            }
        ]
    },
    "metadata": {
        "iso_language_code": "en",
        "result_type": "recent"
    },
    "source": "<a href=\"http://poshmark.com/\" rel=\"nofollow\">Poshmark</a>",
    "in_reply_to_status_id": null,
    "in_reply_to_status_id_str": null,
    "in_reply_to_user_id": null,
    "in_reply_to_user_id_str": null,
    "in_reply_to_screen_name": null,
    "user": {
        "id": 156314211,
        "id_str": "156314211",
        "name": "ALICIA H",
        "screen_name": "AHUIDOR",
        "location": "LOS ANGELES, CALIFORNIA",
        "description": "I LOVE TRYING NEW THINGS... I'M NOT AFFRAID OF COLOR AND I LOVE TO SHARE WHAT I LIKE, MAKEUP.. ECT. https://t.co/yJwMfY3LLg\u2026",
        "url": null,
        "entities": {
            "description": {
                "urls": [
                    {
                        "url": "https://t.co/yJwMfY3LLg",
                        "expanded_url": "http://youtube.com/user/aliciahui",
                        "display_url": "youtube.com/user/aliciahui",
                        "indices": [
                            100,
                            123
                        ]
                    }
                ]
            }
        },
        "protected": false,
        "followers_count": 166,
        "friends_count": 230,
        "listed_count": 19,
        "created_at": "Wed Jun 16 16:15:13 +0000 2010",
        "favourites_count": 743,
        "utc_offset": null,
        "time_zone": null,
        "geo_enabled": false,
        "verified": false,
        "statuses_count": 4751,
        "lang": "en",
        "contributors_enabled": false,
        "is_translator": false,
        "is_translation_enabled": false,
        "profile_background_color": "C0DEED",
        "profile_background_image_url": "http://abs.twimg.com/images/themes/theme1/bg.png",
        "profile_background_image_url_https": "https://abs.twimg.com/images/themes/theme1/bg.png",
        "profile_background_tile": false,
        "profile_image_url": "http://pbs.twimg.com/profile_images/829962308822511616/TpLVTMnf_normal.jpg",
        "profile_image_url_https": "https://pbs.twimg.com/profile_images/829962308822511616/TpLVTMnf_normal.jpg",
        "profile_banner_url": "https://pbs.twimg.com/profile_banners/156314211/1486713574",
        "profile_link_color": "1DA1F2",
        "profile_sidebar_border_color": "C0DEED",
        "profile_sidebar_fill_color": "DDEEF6",
        "profile_text_color": "333333",
        "profile_use_background_image": true,
        "has_extended_profile": true,
        "default_profile": true,
        "default_profile_image": false,
        "following": null,
        "follow_request_sent": null,
        "notifications": null,
        "translator_type": "none"
    },
    "geo": null,
    "coordinates": null,
    "place": null,
    "contributors": null,
    "is_quote_status": false,
    "retweet_count": 0,
    "favorite_count": 0,
    "favorited": false,
    "retweeted": false,
    "possibly_sensitive": false,
    "lang": "en"
}