{
    "created_at": "Thu Mar 14 01:08:50 +0000 2019",
    "id": 1105999192131072001,
    "id_str": "1105999192131072001",
    "text": "@blkgirlculture Urban Decay All Nighter",
    "truncated": false,
    "entities": {
        "hashtags": [],
        "symbols": [],
        "user_mentions": [
            {
                "screen_name": "blkgirlculture",
                "name": "Black Girl Culture",
                "id": 2886006935,
                "id_str": "2886006935",
                "indices": [
                    0,
                    15
                ]
            }
        ],
        "urls": []
    },
    "metadata": {
        "iso_language_code": "en",
        "result_type": "recent"
    },
    "source": "<a href=\"http://twitter.com/download/iphone\" rel=\"nofollow\">Twitter for iPhone</a>",
    "in_reply_to_status_id": 1105816669774139392,
    "in_reply_to_status_id_str": "1105816669774139392",
    "in_reply_to_user_id": 2886006935,
    "in_reply_to_user_id_str": "2886006935",
    "in_reply_to_screen_name": "blkgirlculture",
    "user": {
        "id": 427441183,
        "id_str": "427441183",
        "name": "Drake's Unicorn\u2764\ufe0f\ud83c\uddf8\ud83c\uddf3",
        "screen_name": "khayaaa_amina",
        "location": "Snapchat: khaya_amina",
        "description": "\ud83c\uddf8\ud83c\uddf3|Young Muslimah\ud83e\uddd5\ud83c\udffe|Nothing Matters But My Husband @Drake\u2764\ufe0f| NY\u2708\ufe0fNC| FMOIG:k.aminaaaaa|UNCG'20 Poli-Sci/Pre-Law Major\ud83e\udd18\ud83c\udffeFuture Lawyer",
        "url": null,
        "entities": {
            "description": {
                "urls": []
            }
        },
        "protected": false,
        "followers_count": 1113,
        "friends_count": 747,
        "listed_count": 3,
        "created_at": "Sat Dec 03 14:46:20 +0000 2011",
        "favourites_count": 12219,
        "utc_offset": null,
        "time_zone": null,
        "geo_enabled": true,
        "verified": false,
        "statuses_count": 41618,
        "lang": "en",
        "contributors_enabled": false,
        "is_translator": false,
        "is_translation_enabled": false,
        "profile_background_color": "C0DEED",
        "profile_background_image_url": "http://abs.twimg.com/images/themes/theme1/bg.png",
        "profile_background_image_url_https": "https://abs.twimg.com/images/themes/theme1/bg.png",
        "profile_background_tile": true,
        "profile_image_url": "http://pbs.twimg.com/profile_images/1106064088122175488/fU3fO-up_normal.jpg",
        "profile_image_url_https": "https://pbs.twimg.com/profile_images/1106064088122175488/fU3fO-up_normal.jpg",
        "profile_banner_url": "https://pbs.twimg.com/profile_banners/427441183/1543208118",
        "profile_link_color": "009EB3",
        "profile_sidebar_border_color": "C0DEED",
        "profile_sidebar_fill_color": "DDEEF6",
        "profile_text_color": "333333",
        "profile_use_background_image": true,
        "has_extended_profile": true,
        "default_profile": false,
        "default_profile_image": false,
        "following": null,
        "follow_request_sent": null,
        "notifications": null,
        "translator_type": "none"
    },
    "geo": null,
    "coordinates": null,
    "place": null,
    "contributors": null,
    "is_quote_status": false,
    "retweet_count": 0,
    "favorite_count": 0,
    "favorited": false,
    "retweeted": false,
    "lang": "en"
}