{
    "created_at": "Wed Mar 13 20:45:02 +0000 2019",
    "id": 1105932804548947978,
    "id_str": "1105932804548947978",
    "text": "No mames necesito lo que sea que vaya a sacar Urban Decay de GOT",
    "truncated": false,
    "entities": {
        "hashtags": [],
        "symbols": [],
        "user_mentions": [],
        "urls": []
    },
    "metadata": {
        "iso_language_code": "es",
        "result_type": "recent"
    },
    "source": "<a href=\"http://twitter.com/download/iphone\" rel=\"nofollow\">Twitter for iPhone</a>",
    "in_reply_to_status_id": null,
    "in_reply_to_status_id_str": null,
    "in_reply_to_user_id": null,
    "in_reply_to_user_id_str": null,
    "in_reply_to_screen_name": null,
    "user": {
        "id": 54112872,
        "id_str": "54112872",
        "name": "Luz de d\u00eda",
        "screen_name": "luzgarcesb",
        "location": "",
        "description": "N\u00e1ufraga de historias siderales.",
        "url": null,
        "entities": {
            "description": {
                "urls": []
            }
        },
        "protected": false,
        "followers_count": 236,
        "friends_count": 257,
        "listed_count": 2,
        "created_at": "Mon Jul 06 04:24:33 +0000 2009",
        "favourites_count": 4611,
        "utc_offset": null,
        "time_zone": null,
        "geo_enabled": true,
        "verified": false,
        "statuses_count": 5151,
        "lang": "es",
        "contributors_enabled": false,
        "is_translator": false,
        "is_translation_enabled": false,
        "profile_background_color": "000000",
        "profile_background_image_url": "http://abs.twimg.com/images/themes/theme1/bg.png",
        "profile_background_image_url_https": "https://abs.twimg.com/images/themes/theme1/bg.png",
        "profile_background_tile": false,
        "profile_image_url": "http://pbs.twimg.com/profile_images/1085267752519192576/PfPsvss3_normal.jpg",
        "profile_image_url_https": "https://pbs.twimg.com/profile_images/1085267752519192576/PfPsvss3_normal.jpg",
        "profile_banner_url": "https://pbs.twimg.com/profile_banners/54112872/1484636443",
        "profile_link_color": "0C7A9C",
        "profile_sidebar_border_color": "000000",
        "profile_sidebar_fill_color": "FFFFFF",
        "profile_text_color": "000000",
        "profile_use_background_image": false,
        "has_extended_profile": true,
        "default_profile": false,
        "default_profile_image": false,
        "following": null,
        "follow_request_sent": null,
        "notifications": null,
        "translator_type": "regular"
    },
    "geo": null,
    "coordinates": null,
    "place": null,
    "contributors": null,
    "is_quote_status": false,
    "retweet_count": 0,
    "favorite_count": 1,
    "favorited": false,
    "retweeted": false,
    "lang": "es"
}