{
    "created_at": "Wed Mar 13 18:24:59 +0000 2019",
    "id": 1105897561892757510,
    "id_str": "1105897561892757510",
    "text": "RT @DavidBillboard: So we went to Urban Decay Sandton the other day... \n\nShe was just supposed to get her make up done an dip but she likes\u2026",
    "truncated": false,
    "entities": {
        "hashtags": [],
        "symbols": [],
        "user_mentions": [
            {
                "screen_name": "DavidBillboard",
                "name": "Big Banner",
                "id": 256997751,
                "id_str": "256997751",
                "indices": [
                    3,
                    18
                ]
            }
        ],
        "urls": []
    },
    "metadata": {
        "iso_language_code": "en",
        "result_type": "recent"
    },
    "source": "<a href=\"http://twitter.com/download/iphone\" rel=\"nofollow\">Twitter for iPhone</a>",
    "in_reply_to_status_id": null,
    "in_reply_to_status_id_str": null,
    "in_reply_to_user_id": null,
    "in_reply_to_user_id_str": null,
    "in_reply_to_screen_name": null,
    "user": {
        "id": 270497928,
        "id_str": "270497928",
        "name": "Laura \ud83c\udfcb\ud83c\udffd\u200d\u2640\ufe0f",
        "screen_name": "iam_melsome",
        "location": "dominos",
        "description": "\ud83d\udc4b\ud83c\udffc 21, JD Sports photographer, pizza addict. insta - melsomee \ud83d\udcaa\ud83c\udffc i like to lift heavy things and take photos \ud83d\udca5",
        "url": "https://t.co/lj5GNQHz1k",
        "entities": {
            "url": {
                "urls": [
                    {
                        "url": "https://t.co/lj5GNQHz1k",
                        "expanded_url": "http://www.lauramsphotography.com",
                        "display_url": "lauramsphotography.com",
                        "indices": [
                            0,
                            23
                        ]
                    }
                ]
            },
            "description": {
                "urls": []
            }
        },
        "protected": false,
        "followers_count": 588,
        "friends_count": 416,
        "listed_count": 3,
        "created_at": "Tue Mar 22 18:41:54 +0000 2011",
        "favourites_count": 11737,
        "utc_offset": null,
        "time_zone": null,
        "geo_enabled": true,
        "verified": false,
        "statuses_count": 18155,
        "lang": "en",
        "contributors_enabled": false,
        "is_translator": false,
        "is_translation_enabled": false,
        "profile_background_color": "B2DFDA",
        "profile_background_image_url": "http://abs.twimg.com/images/themes/theme1/bg.png",
        "profile_background_image_url_https": "https://abs.twimg.com/images/themes/theme1/bg.png",
        "profile_background_tile": true,
        "profile_image_url": "http://pbs.twimg.com/profile_images/1062078479435530240/O9cuxRMD_normal.jpg",
        "profile_image_url_https": "https://pbs.twimg.com/profile_images/1062078479435530240/O9cuxRMD_normal.jpg",
        "profile_banner_url": "https://pbs.twimg.com/profile_banners/270497928/1548261190",
        "profile_link_color": "F58EA8",
        "profile_sidebar_border_color": "FFFFFF",
        "profile_sidebar_fill_color": "FFFFFF",
        "profile_text_color": "333333",
        "profile_use_background_image": true,
        "has_extended_profile": true,
        "default_profile": false,
        "default_profile_image": false,
        "following": null,
        "follow_request_sent": null,
        "notifications": null,
        "translator_type": "regular"
    },
    "geo": null,
    "coordinates": null,
    "place": null,
    "contributors": null,
    "retweeted_status": {
        "created_at": "Wed Mar 13 14:26:14 +0000 2019",
        "id": 1105837474952216576,
        "id_str": "1105837474952216576",
        "text": "So we went to Urban Decay Sandton the other day... \n\nShe was just supposed to get her make up done an dip but she l\u2026 https://t.co/O4dUi8uSNN",
        "truncated": true,
        "entities": {
            "hashtags": [],
            "symbols": [],
            "user_mentions": [],
            "urls": [
                {
                    "url": "https://t.co/O4dUi8uSNN",
                    "expanded_url": "https://twitter.com/i/web/status/1105837474952216576",
                    "display_url": "twitter.com/i/web/status/1\u2026",
                    "indices": [
                        117,
                        140
                    ]
                }
            ]
        },
        "metadata": {
            "iso_language_code": "en",
            "result_type": "recent"
        },
        "source": "<a href=\"http://twitter.com\" rel=\"nofollow\">Twitter Web Client</a>",
        "in_reply_to_status_id": null,
        "in_reply_to_status_id_str": null,
        "in_reply_to_user_id": null,
        "in_reply_to_user_id_str": null,
        "in_reply_to_screen_name": null,
        "user": {
            "id": 256997751,
            "id_str": "256997751",
            "name": "BIG.Banner",
            "screen_name": "DavidBillboard",
            "location": "Instagram",
            "description": "I care, but not enough |                        \nIG:davidbillboard - photographer  david.billboard@yahoo.com",
            "url": null,
            "entities": {
                "description": {
                    "urls": []
                }
            },
            "protected": false,
            "followers_count": 606,
            "friends_count": 345,
            "listed_count": 3,
            "created_at": "Thu Feb 24 14:12:35 +0000 2011",
            "favourites_count": 294,
            "utc_offset": null,
            "time_zone": null,
            "geo_enabled": true,
            "verified": false,
            "statuses_count": 3114,
            "lang": "en",
            "contributors_enabled": false,
            "is_translator": false,
            "is_translation_enabled": false,
            "profile_background_color": "131516",
            "profile_background_image_url": "http://abs.twimg.com/images/themes/theme1/bg.png",
            "profile_background_image_url_https": "https://abs.twimg.com/images/themes/theme1/bg.png",
            "profile_background_tile": true,
            "profile_image_url": "http://pbs.twimg.com/profile_images/378800000729514804/cd9a134204b3f41e23bcff54473c8443_normal.jpeg",
            "profile_image_url_https": "https://pbs.twimg.com/profile_images/378800000729514804/cd9a134204b3f41e23bcff54473c8443_normal.jpeg",
            "profile_banner_url": "https://pbs.twimg.com/profile_banners/256997751/1487546727",
            "profile_link_color": "ABB8C2",
            "profile_sidebar_border_color": "FA23FA",
            "profile_sidebar_fill_color": "F5FA55",
            "profile_text_color": "333333",
            "profile_use_background_image": true,
            "has_extended_profile": false,
            "default_profile": false,
            "default_profile_image": false,
            "following": null,
            "follow_request_sent": null,
            "notifications": null,
            "translator_type": "none"
        },
        "geo": null,
        "coordinates": null,
        "place": null,
        "contributors": null,
        "is_quote_status": false,
        "retweet_count": 4,
        "favorite_count": 29,
        "favorited": false,
        "retweeted": false,
        "possibly_sensitive": false,
        "lang": "en"
    },
    "is_quote_status": false,
    "retweet_count": 4,
    "favorite_count": 0,
    "favorited": false,
    "retweeted": false,
    "lang": "en"
}