{
    "created_at": "Wed Mar 13 16:40:29 +0000 2019",
    "id": 1105871262474223617,
    "id_str": "1105871262474223617",
    "text": "@ninaastepanovic Wtf I\u2019ve slept on nyx ju!!! brukar  rebuy urban decay all nighter hela tiden &amp; nu t\u00e4nkte jag testa\u2026 https://t.co/e3cgYTS6HW",
    "truncated": true,
    "entities": {
        "hashtags": [],
        "symbols": [],
        "user_mentions": [
            {
                "screen_name": "ninaastepanovic",
                "name": "Nina",
                "id": 594038993,
                "id_str": "594038993",
                "indices": [
                    0,
                    16
                ]
            }
        ],
        "urls": [
            {
                "url": "https://t.co/e3cgYTS6HW",
                "expanded_url": "https://twitter.com/i/web/status/1105871262474223617",
                "display_url": "twitter.com/i/web/status/1\u2026",
                "indices": [
                    121,
                    144
                ]
            }
        ]
    },
    "metadata": {
        "iso_language_code": "sv",
        "result_type": "recent"
    },
    "source": "<a href=\"http://twitter.com/download/iphone\" rel=\"nofollow\">Twitter for iPhone</a>",
    "in_reply_to_status_id": 1105865705772204033,
    "in_reply_to_status_id_str": "1105865705772204033",
    "in_reply_to_user_id": 594038993,
    "in_reply_to_user_id_str": "594038993",
    "in_reply_to_screen_name": "ninaastepanovic",
    "user": {
        "id": 1016794503951343617,
        "id_str": "1016794503951343617",
        "name": "Naima",
        "screen_name": "t0uchatpsykosen",
        "location": "gbg ",
        "description": "",
        "url": null,
        "entities": {
            "description": {
                "urls": []
            }
        },
        "protected": false,
        "followers_count": 431,
        "friends_count": 248,
        "listed_count": 0,
        "created_at": "Tue Jul 10 21:21:15 +0000 2018",
        "favourites_count": 3870,
        "utc_offset": null,
        "time_zone": null,
        "geo_enabled": false,
        "verified": false,
        "statuses_count": 1416,
        "lang": "en",
        "contributors_enabled": false,
        "is_translator": false,
        "is_translation_enabled": false,
        "profile_background_color": "F5F8FA",
        "profile_background_image_url": null,
        "profile_background_image_url_https": null,
        "profile_background_tile": false,
        "profile_image_url": "http://pbs.twimg.com/profile_images/1104498447980347397/XG1LPMVY_normal.jpg",
        "profile_image_url_https": "https://pbs.twimg.com/profile_images/1104498447980347397/XG1LPMVY_normal.jpg",
        "profile_banner_url": "https://pbs.twimg.com/profile_banners/1016794503951343617/1551184324",
        "profile_link_color": "1DA1F2",
        "profile_sidebar_border_color": "C0DEED",
        "profile_sidebar_fill_color": "DDEEF6",
        "profile_text_color": "333333",
        "profile_use_background_image": true,
        "has_extended_profile": false,
        "default_profile": true,
        "default_profile_image": false,
        "following": null,
        "follow_request_sent": null,
        "notifications": null,
        "translator_type": "none"
    },
    "geo": null,
    "coordinates": null,
    "place": null,
    "contributors": null,
    "is_quote_status": false,
    "retweet_count": 0,
    "favorite_count": 1,
    "favorited": false,
    "retweeted": false,
    "lang": "sv"
}