{
    "created_at": "Wed Mar 13 15:39:29 +0000 2019",
    "id": 1105855911636144130,
    "id_str": "1105855911636144130",
    "text": "for almost all high end palettes you\u2019re paying for pretty packaging. there are so many companies out there that sel\u2026 https://t.co/zFQCY9EsZo",
    "truncated": true,
    "entities": {
        "hashtags": [],
        "symbols": [],
        "user_mentions": [],
        "urls": [
            {
                "url": "https://t.co/zFQCY9EsZo",
                "expanded_url": "https://twitter.com/i/web/status/1105855911636144130",
                "display_url": "twitter.com/i/web/status/1\u2026",
                "indices": [
                    117,
                    140
                ]
            }
        ]
    },
    "metadata": {
        "iso_language_code": "en",
        "result_type": "recent"
    },
    "source": "<a href=\"http://twitter.com/download/iphone\" rel=\"nofollow\">Twitter for iPhone</a>",
    "in_reply_to_status_id": null,
    "in_reply_to_status_id_str": null,
    "in_reply_to_user_id": null,
    "in_reply_to_user_id_str": null,
    "in_reply_to_screen_name": null,
    "user": {
        "id": 1556782826,
        "id_str": "1556782826",
        "name": "duke mirage",
        "screen_name": "lgbtbatgirls",
        "location": "she/her | bi | 19",
        "description": "does this unit have a soul?",
        "url": "https://t.co/ZZ0GabCj5g",
        "entities": {
            "url": {
                "urls": [
                    {
                        "url": "https://t.co/ZZ0GabCj5g",
                        "expanded_url": "https://boxd.it/sg1L",
                        "display_url": "boxd.it/sg1L",
                        "indices": [
                            0,
                            23
                        ]
                    }
                ]
            },
            "description": {
                "urls": []
            }
        },
        "protected": false,
        "followers_count": 967,
        "friends_count": 331,
        "listed_count": 9,
        "created_at": "Sat Jun 29 23:48:57 +0000 2013",
        "favourites_count": 79096,
        "utc_offset": null,
        "time_zone": null,
        "geo_enabled": true,
        "verified": false,
        "statuses_count": 11895,
        "lang": "en",
        "contributors_enabled": false,
        "is_translator": false,
        "is_translation_enabled": false,
        "profile_background_color": "C0DEED",
        "profile_background_image_url": "http://abs.twimg.com/images/themes/theme1/bg.png",
        "profile_background_image_url_https": "https://abs.twimg.com/images/themes/theme1/bg.png",
        "profile_background_tile": true,
        "profile_image_url": "http://pbs.twimg.com/profile_images/1105327005397147648/h730llWb_normal.jpg",
        "profile_image_url_https": "https://pbs.twimg.com/profile_images/1105327005397147648/h730llWb_normal.jpg",
        "profile_banner_url": "https://pbs.twimg.com/profile_banners/1556782826/1551239620",
        "profile_link_color": "0084B4",
        "profile_sidebar_border_color": "FFFFFF",
        "profile_sidebar_fill_color": "DDEEF6",
        "profile_text_color": "333333",
        "profile_use_background_image": true,
        "has_extended_profile": true,
        "default_profile": false,
        "default_profile_image": false,
        "following": null,
        "follow_request_sent": null,
        "notifications": null,
        "translator_type": "none"
    },
    "geo": null,
    "coordinates": null,
    "place": null,
    "contributors": null,
    "is_quote_status": true,
    "quoted_status_id": 1104821995403923456,
    "quoted_status_id_str": "1104821995403923456",
    "quoted_status": {
        "created_at": "Sun Mar 10 19:11:04 +0000 2019",
        "id": 1104821995403923456,
        "id_str": "1104821995403923456",
        "text": "Unpopular opinion : make up https://t.co/7rn5JZ1wSV",
        "truncated": false,
        "entities": {
            "hashtags": [],
            "symbols": [],
            "user_mentions": [],
            "urls": [],
            "media": [
                {
                    "id": 1104821984079347713,
                    "id_str": "1104821984079347713",
                    "indices": [
                        28,
                        51
                    ],
                    "media_url": "http://pbs.twimg.com/media/D1Udva0XgAEOYE0.jpg",
                    "media_url_https": "https://pbs.twimg.com/media/D1Udva0XgAEOYE0.jpg",
                    "url": "https://t.co/7rn5JZ1wSV",
                    "display_url": "pic.twitter.com/7rn5JZ1wSV",
                    "expanded_url": "https://twitter.com/tunisianforlife/status/1104821995403923456/photo/1",
                    "type": "photo",
                    "sizes": {
                        "thumb": {
                            "w": 150,
                            "h": 150,
                            "resize": "crop"
                        },
                        "large": {
                            "w": 1275,
                            "h": 1700,
                            "resize": "fit"
                        },
                        "small": {
                            "w": 510,
                            "h": 680,
                            "resize": "fit"
                        },
                        "medium": {
                            "w": 900,
                            "h": 1200,
                            "resize": "fit"
                        }
                    }
                }
            ]
        },
        "extended_entities": {
            "media": [
                {
                    "id": 1104821984079347713,
                    "id_str": "1104821984079347713",
                    "indices": [
                        28,
                        51
                    ],
                    "media_url": "http://pbs.twimg.com/media/D1Udva0XgAEOYE0.jpg",
                    "media_url_https": "https://pbs.twimg.com/media/D1Udva0XgAEOYE0.jpg",
                    "url": "https://t.co/7rn5JZ1wSV",
                    "display_url": "pic.twitter.com/7rn5JZ1wSV",
                    "expanded_url": "https://twitter.com/tunisianforlife/status/1104821995403923456/photo/1",
                    "type": "photo",
                    "sizes": {
                        "thumb": {
                            "w": 150,
                            "h": 150,
                            "resize": "crop"
                        },
                        "large": {
                            "w": 1275,
                            "h": 1700,
                            "resize": "fit"
                        },
                        "small": {
                            "w": 510,
                            "h": 680,
                            "resize": "fit"
                        },
                        "medium": {
                            "w": 900,
                            "h": 1200,
                            "resize": "fit"
                        }
                    }
                }
            ]
        },
        "metadata": {
            "iso_language_code": "en",
            "result_type": "recent"
        },
        "source": "<a href=\"http://twitter.com/download/iphone\" rel=\"nofollow\">Twitter for iPhone</a>",
        "in_reply_to_status_id": null,
        "in_reply_to_status_id_str": null,
        "in_reply_to_user_id": null,
        "in_reply_to_user_id_str": null,
        "in_reply_to_screen_name": null,
        "user": {
            "id": 762239711507320832,
            "id_str": "762239711507320832",
            "name": "\u00c9ternelle insatisfaite",
            "screen_name": "tunisianforlife",
            "location": "perdue entre Grenoble&Valence",
            "description": "Aka l\u2019enfant sauvage",
            "url": null,
            "entities": {
                "description": {
                    "urls": []
                }
            },
            "protected": false,
            "followers_count": 1265,
            "friends_count": 634,
            "listed_count": 28,
            "created_at": "Sun Aug 07 10:51:23 +0000 2016",
            "favourites_count": 8320,
            "utc_offset": null,
            "time_zone": null,
            "geo_enabled": true,
            "verified": false,
            "statuses_count": 29473,
            "lang": "fr",
            "contributors_enabled": false,
            "is_translator": false,
            "is_translation_enabled": false,
            "profile_background_color": "F5F8FA",
            "profile_background_image_url": null,
            "profile_background_image_url_https": null,
            "profile_background_tile": false,
            "profile_image_url": "http://pbs.twimg.com/profile_images/1098548907037130753/W4LKxi6r_normal.jpg",
            "profile_image_url_https": "https://pbs.twimg.com/profile_images/1098548907037130753/W4LKxi6r_normal.jpg",
            "profile_banner_url": "https://pbs.twimg.com/profile_banners/762239711507320832/1550738244",
            "profile_link_color": "1DA1F2",
            "profile_sidebar_border_color": "C0DEED",
            "profile_sidebar_fill_color": "DDEEF6",
            "profile_text_color": "333333",
            "profile_use_background_image": true,
            "has_extended_profile": false,
            "default_profile": true,
            "default_profile_image": false,
            "following": null,
            "follow_request_sent": null,
            "notifications": null,
            "translator_type": "none"
        },
        "geo": null,
        "coordinates": null,
        "place": null,
        "contributors": null,
        "is_quote_status": false,
        "retweet_count": 26,
        "favorite_count": 183,
        "favorited": false,
        "retweeted": false,
        "possibly_sensitive": false,
        "lang": "en"
    },
    "retweet_count": 0,
    "favorite_count": 3,
    "favorited": false,
    "retweeted": false,
    "possibly_sensitive": false,
    "lang": "en"
}