{
    "created_at": "Wed Mar 13 15:16:03 +0000 2019",
    "id": 1105850011110256640,
    "id_str": "1105850011110256640",
    "text": ".RT Thank you for taking time to share this article! - Writer Nathan Brimmer\u2019s \"Broken Sidewalk\" Captures the Comed\u2026 https://t.co/NPSGw1bY8P",
    "truncated": true,
    "entities": {
        "hashtags": [],
        "symbols": [],
        "user_mentions": [],
        "urls": [
            {
                "url": "https://t.co/NPSGw1bY8P",
                "expanded_url": "https://twitter.com/i/web/status/1105850011110256640",
                "display_url": "twitter.com/i/web/status/1\u2026",
                "indices": [
                    117,
                    140
                ]
            }
        ]
    },
    "metadata": {
        "iso_language_code": "en",
        "result_type": "recent"
    },
    "source": "<a href=\"http://twitter.com\" rel=\"nofollow\">Twitter Web Client</a>",
    "in_reply_to_status_id": null,
    "in_reply_to_status_id_str": null,
    "in_reply_to_user_id": null,
    "in_reply_to_user_id_str": null,
    "in_reply_to_screen_name": null,
    "user": {
        "id": 29837407,
        "id_str": "29837407",
        "name": "Nathan Brimmer",
        "screen_name": "NathanBrimmer",
        "location": "Los Angeles, CA",
        "description": "Screenwriter/Producer of #BrokenSidewalk | Actor | Stuntman | Songsmith | https://t.co/8tbpjbRJUZ",
        "url": "https://t.co/3seZwQ6TJo",
        "entities": {
            "url": {
                "urls": [
                    {
                        "url": "https://t.co/3seZwQ6TJo",
                        "expanded_url": "http://facebook.com/NathanRBrimmer",
                        "display_url": "facebook.com/NathanRBrimmer",
                        "indices": [
                            0,
                            23
                        ]
                    }
                ]
            },
            "description": {
                "urls": [
                    {
                        "url": "https://t.co/8tbpjbRJUZ",
                        "expanded_url": "http://imdb.me/nathanbrimmer",
                        "display_url": "imdb.me/nathanbrimmer",
                        "indices": [
                            74,
                            97
                        ]
                    }
                ]
            }
        },
        "protected": false,
        "followers_count": 44977,
        "friends_count": 1116,
        "listed_count": 252,
        "created_at": "Wed Apr 08 22:14:25 +0000 2009",
        "favourites_count": 6293,
        "utc_offset": null,
        "time_zone": null,
        "geo_enabled": false,
        "verified": false,
        "statuses_count": 14497,
        "lang": "en",
        "contributors_enabled": false,
        "is_translator": false,
        "is_translation_enabled": false,
        "profile_background_color": "FFFFFF",
        "profile_background_image_url": "http://abs.twimg.com/images/themes/theme1/bg.png",
        "profile_background_image_url_https": "https://abs.twimg.com/images/themes/theme1/bg.png",
        "profile_background_tile": false,
        "profile_image_url": "http://pbs.twimg.com/profile_images/2054098395/IMG_2333a_normal.jpg",
        "profile_image_url_https": "https://pbs.twimg.com/profile_images/2054098395/IMG_2333a_normal.jpg",
        "profile_banner_url": "https://pbs.twimg.com/profile_banners/29837407/1551124218",
        "profile_link_color": "0084B4",
        "profile_sidebar_border_color": "FFFFFF",
        "profile_sidebar_fill_color": "DDEEF6",
        "profile_text_color": "333333",
        "profile_use_background_image": true,
        "has_extended_profile": true,
        "default_profile": false,
        "default_profile_image": false,
        "following": null,
        "follow_request_sent": null,
        "notifications": null,
        "translator_type": "regular"
    },
    "geo": null,
    "coordinates": null,
    "place": null,
    "contributors": null,
    "is_quote_status": false,
    "retweet_count": 2,
    "favorite_count": 3,
    "favorited": false,
    "retweeted": false,
    "possibly_sensitive": false,
    "lang": "en"
}