{
    "created_at": "Wed Mar 13 16:16:01 +0000 2019",
    "id": 1105865103872671744,
    "id_str": "1105865103872671744",
    "text": "@nisipisa I\u2019m hoping this GOT collection is G\u00dcD URBAN DECAY formula because the goblin wants the precious. https://t.co/vZV9x2aCf5",
    "truncated": false,
    "entities": {
        "hashtags": [],
        "symbols": [],
        "user_mentions": [
            {
                "screen_name": "nisipisa",
                "name": "professional tryhard nisa nisipisa",
                "id": 499388266,
                "id_str": "499388266",
                "indices": [
                    0,
                    9
                ]
            }
        ],
        "urls": [],
        "media": [
            {
                "id": 1105865095580512257,
                "id_str": "1105865095580512257",
                "indices": [
                    107,
                    130
                ],
                "media_url": "http://pbs.twimg.com/tweet_video_thumb/D1jScf-UcAEzEMi.jpg",
                "media_url_https": "https://pbs.twimg.com/tweet_video_thumb/D1jScf-UcAEzEMi.jpg",
                "url": "https://t.co/vZV9x2aCf5",
                "display_url": "pic.twitter.com/vZV9x2aCf5",
                "expanded_url": "https://twitter.com/LisaElizabethy/status/1105865103872671744/photo/1",
                "type": "photo",
                "sizes": {
                    "medium": {
                        "w": 500,
                        "h": 200,
                        "resize": "fit"
                    },
                    "thumb": {
                        "w": 150,
                        "h": 150,
                        "resize": "crop"
                    },
                    "large": {
                        "w": 500,
                        "h": 200,
                        "resize": "fit"
                    },
                    "small": {
                        "w": 500,
                        "h": 200,
                        "resize": "fit"
                    }
                }
            }
        ]
    },
    "extended_entities": {
        "media": [
            {
                "id": 1105865095580512257,
                "id_str": "1105865095580512257",
                "indices": [
                    107,
                    130
                ],
                "media_url": "http://pbs.twimg.com/tweet_video_thumb/D1jScf-UcAEzEMi.jpg",
                "media_url_https": "https://pbs.twimg.com/tweet_video_thumb/D1jScf-UcAEzEMi.jpg",
                "url": "https://t.co/vZV9x2aCf5",
                "display_url": "pic.twitter.com/vZV9x2aCf5",
                "expanded_url": "https://twitter.com/LisaElizabethy/status/1105865103872671744/photo/1",
                "type": "animated_gif",
                "sizes": {
                    "medium": {
                        "w": 500,
                        "h": 200,
                        "resize": "fit"
                    },
                    "thumb": {
                        "w": 150,
                        "h": 150,
                        "resize": "crop"
                    },
                    "large": {
                        "w": 500,
                        "h": 200,
                        "resize": "fit"
                    },
                    "small": {
                        "w": 500,
                        "h": 200,
                        "resize": "fit"
                    }
                },
                "video_info": {
                    "aspect_ratio": [
                        5,
                        2
                    ],
                    "variants": [
                        {
                            "bitrate": 0,
                            "content_type": "video/mp4",
                            "url": "https://video.twimg.com/tweet_video/D1jScf-UcAEzEMi.mp4"
                        }
                    ]
                }
            }
        ]
    },
    "metadata": {
        "iso_language_code": "en",
        "result_type": "recent"
    },
    "source": "<a href=\"http://twitter.com/#!/download/ipad\" rel=\"nofollow\">Twitter for iPad</a>",
    "in_reply_to_status_id": 1105527383313080320,
    "in_reply_to_status_id_str": "1105527383313080320",
    "in_reply_to_user_id": 499388266,
    "in_reply_to_user_id_str": "499388266",
    "in_reply_to_screen_name": "nisipisa",
    "user": {
        "id": 7481892,
        "id_str": "7481892",
        "name": "Lisa Elizabeth // #thefutureisaccessible",
        "screen_name": "LisaElizabethy",
        "location": "Toronto, Canada",
        "description": "(she) #ibelievesurvivors #indigenouslivesmatter #translivesmatter #blacklivesmatter \ud83c\udfa8: @emilyscartoons \ud83d\udcd6: @ViewsReviewsLE https://t.co/i06olFLu7R.lisa@gmail.com",
        "url": "https://t.co/yGTQyF6V2g",
        "entities": {
            "url": {
                "urls": [
                    {
                        "url": "https://t.co/yGTQyF6V2g",
                        "expanded_url": "http://ko-fi.com/lisaelizabeth",
                        "display_url": "ko-fi.com/lisaelizabeth",
                        "indices": [
                            0,
                            23
                        ]
                    }
                ]
            },
            "description": {
                "urls": [
                    {
                        "url": "https://t.co/i06olFLu7R",
                        "expanded_url": "http://views.reviews",
                        "display_url": "views.reviews",
                        "indices": [
                            122,
                            145
                        ]
                    }
                ]
            }
        },
        "protected": false,
        "followers_count": 455,
        "friends_count": 715,
        "listed_count": 31,
        "created_at": "Sun Jul 15 04:49:42 +0000 2007",
        "favourites_count": 28535,
        "utc_offset": null,
        "time_zone": null,
        "geo_enabled": true,
        "verified": false,
        "statuses_count": 12633,
        "lang": "en",
        "contributors_enabled": false,
        "is_translator": false,
        "is_translation_enabled": false,
        "profile_background_color": "642D8B",
        "profile_background_image_url": "http://abs.twimg.com/images/themes/theme10/bg.gif",
        "profile_background_image_url_https": "https://abs.twimg.com/images/themes/theme10/bg.gif",
        "profile_background_tile": true,
        "profile_image_url": "http://pbs.twimg.com/profile_images/947066814021828608/tiuXD_5b_normal.jpg",
        "profile_image_url_https": "https://pbs.twimg.com/profile_images/947066814021828608/tiuXD_5b_normal.jpg",
        "profile_banner_url": "https://pbs.twimg.com/profile_banners/7481892/1542543046",
        "profile_link_color": "9266CC",
        "profile_sidebar_border_color": "FFFFFF",
        "profile_sidebar_fill_color": "E5507E",
        "profile_text_color": "362720",
        "profile_use_background_image": true,
        "has_extended_profile": false,
        "default_profile": false,
        "default_profile_image": false,
        "following": null,
        "follow_request_sent": null,
        "notifications": null,
        "translator_type": "none"
    },
    "geo": null,
    "coordinates": null,
    "place": null,
    "contributors": null,
    "is_quote_status": false,
    "retweet_count": 0,
    "favorite_count": 1,
    "favorited": false,
    "retweeted": false,
    "possibly_sensitive": false,
    "lang": "en"
}