{
    "created_at": "Wed Mar 13 21:48:28 +0000 2019",
    "id": 1105948767252029440,
    "id_str": "1105948767252029440",
    "text": "@Femke_iets Die van urban decay is echt zoooo nice, wel prijzig maar dat is de enige primer die echt goed voor mij\u2026 https://t.co/ubqt7p1uB5",
    "truncated": true,
    "entities": {
        "hashtags": [],
        "symbols": [],
        "user_mentions": [
            {
                "screen_name": "Femke_iets",
                "name": "Femke",
                "id": 3314954170,
                "id_str": "3314954170",
                "indices": [
                    0,
                    11
                ]
            }
        ],
        "urls": [
            {
                "url": "https://t.co/ubqt7p1uB5",
                "expanded_url": "https://twitter.com/i/web/status/1105948767252029440",
                "display_url": "twitter.com/i/web/status/1\u2026",
                "indices": [
                    116,
                    139
                ]
            }
        ]
    },
    "metadata": {
        "iso_language_code": "nl",
        "result_type": "recent"
    },
    "source": "<a href=\"http://twitter.com/download/iphone\" rel=\"nofollow\">Twitter for iPhone</a>",
    "in_reply_to_status_id": 1105944818583257088,
    "in_reply_to_status_id_str": "1105944818583257088",
    "in_reply_to_user_id": 3314954170,
    "in_reply_to_user_id_str": "3314954170",
    "in_reply_to_screen_name": "Femke_iets",
    "user": {
        "id": 2680467468,
        "id_str": "2680467468",
        "name": "\ud83d\udd78\u212d\ud835\udd25\ud835\udd2f\ud835\udd26\ud835\udd30\ud835\udd31\ud835\udd26\ud835\udd2b\ud835\udd1e\u24cb \ud83d\udd78",
        "screen_name": "vetedgy",
        "location": "Nederland",
        "description": "21 yr old vegan",
        "url": "https://t.co/zBh7WJqD6C",
        "entities": {
            "url": {
                "urls": [
                    {
                        "url": "https://t.co/zBh7WJqD6C",
                        "expanded_url": "http://Instagram.com/vetedgy",
                        "display_url": "Instagram.com/vetedgy",
                        "indices": [
                            0,
                            23
                        ]
                    }
                ]
            },
            "description": {
                "urls": []
            }
        },
        "protected": false,
        "followers_count": 157,
        "friends_count": 145,
        "listed_count": 1,
        "created_at": "Fri Jul 25 21:13:47 +0000 2014",
        "favourites_count": 3403,
        "utc_offset": null,
        "time_zone": null,
        "geo_enabled": false,
        "verified": false,
        "statuses_count": 3982,
        "lang": "en",
        "contributors_enabled": false,
        "is_translator": false,
        "is_translation_enabled": false,
        "profile_background_color": "414242",
        "profile_background_image_url": "http://abs.twimg.com/images/themes/theme1/bg.png",
        "profile_background_image_url_https": "https://abs.twimg.com/images/themes/theme1/bg.png",
        "profile_background_tile": false,
        "profile_image_url": "http://pbs.twimg.com/profile_images/1092816858892378114/MnNcIwSh_normal.jpg",
        "profile_image_url_https": "https://pbs.twimg.com/profile_images/1092816858892378114/MnNcIwSh_normal.jpg",
        "profile_banner_url": "https://pbs.twimg.com/profile_banners/2680467468/1549831260",
        "profile_link_color": "F5ABB5",
        "profile_sidebar_border_color": "FFFFFF",
        "profile_sidebar_fill_color": "DDEEF6",
        "profile_text_color": "333333",
        "profile_use_background_image": false,
        "has_extended_profile": true,
        "default_profile": false,
        "default_profile_image": false,
        "following": null,
        "follow_request_sent": null,
        "notifications": null,
        "translator_type": "none"
    },
    "geo": null,
    "coordinates": null,
    "place": null,
    "contributors": null,
    "is_quote_status": false,
    "retweet_count": 0,
    "favorite_count": 0,
    "favorited": false,
    "retweeted": false,
    "lang": "nl"
}