{
    "created_at": "Wed Mar 13 16:47:03 +0000 2019",
    "id": 1105872916116193280,
    "id_str": "1105872916116193280",
    "text": "I want hourglass diffused heat blusher, stila eyeliner, urban decay pervasion and yoyo eyeliner and also shu emura\u2026 https://t.co/xOf4VOGMdm",
    "truncated": true,
    "entities": {
        "hashtags": [],
        "symbols": [],
        "user_mentions": [],
        "urls": [
            {
                "url": "https://t.co/xOf4VOGMdm",
                "expanded_url": "https://twitter.com/i/web/status/1105872916116193280",
                "display_url": "twitter.com/i/web/status/1\u2026",
                "indices": [
                    116,
                    139
                ]
            }
        ]
    },
    "metadata": {
        "iso_language_code": "en",
        "result_type": "recent"
    },
    "source": "<a href=\"http://twitter.com/download/iphone\" rel=\"nofollow\">Twitter for iPhone</a>",
    "in_reply_to_status_id": null,
    "in_reply_to_status_id_str": null,
    "in_reply_to_user_id": null,
    "in_reply_to_user_id_str": null,
    "in_reply_to_screen_name": null,
    "user": {
        "id": 497512987,
        "id_str": "497512987",
        "name": "Amira Adnan",
        "screen_name": "AmiraAmia",
        "location": "Kuala Lumpur",
        "description": "My thought is a mess",
        "url": "https://t.co/RFxNRWKeSV",
        "entities": {
            "url": {
                "urls": [
                    {
                        "url": "https://t.co/RFxNRWKeSV",
                        "expanded_url": "https://instagram.com/lumiere.picnic?utm_source=ig_profile_share&igshid=jig25hyye7ux",
                        "display_url": "instagram.com/lumiere.picnic\u2026",
                        "indices": [
                            0,
                            23
                        ]
                    }
                ]
            },
            "description": {
                "urls": []
            }
        },
        "protected": false,
        "followers_count": 374,
        "friends_count": 129,
        "listed_count": 0,
        "created_at": "Mon Feb 20 02:37:04 +0000 2012",
        "favourites_count": 902,
        "utc_offset": null,
        "time_zone": null,
        "geo_enabled": true,
        "verified": false,
        "statuses_count": 13594,
        "lang": "en",
        "contributors_enabled": false,
        "is_translator": false,
        "is_translation_enabled": false,
        "profile_background_color": "C0DEED",
        "profile_background_image_url": "http://abs.twimg.com/images/themes/theme1/bg.png",
        "profile_background_image_url_https": "https://abs.twimg.com/images/themes/theme1/bg.png",
        "profile_background_tile": true,
        "profile_image_url": "http://pbs.twimg.com/profile_images/867384748301275136/c840S6Tf_normal.jpg",
        "profile_image_url_https": "https://pbs.twimg.com/profile_images/867384748301275136/c840S6Tf_normal.jpg",
        "profile_banner_url": "https://pbs.twimg.com/profile_banners/497512987/1384933410",
        "profile_link_color": "E81C4F",
        "profile_sidebar_border_color": "FFFFFF",
        "profile_sidebar_fill_color": "DDEEF6",
        "profile_text_color": "333333",
        "profile_use_background_image": true,
        "has_extended_profile": false,
        "default_profile": false,
        "default_profile_image": false,
        "following": null,
        "follow_request_sent": null,
        "notifications": null,
        "translator_type": "none"
    },
    "geo": null,
    "coordinates": null,
    "place": null,
    "contributors": null,
    "is_quote_status": false,
    "retweet_count": 0,
    "favorite_count": 0,
    "favorited": false,
    "retweeted": false,
    "lang": "en"
}