{
    "created_at": "Wed Mar 13 14:41:55 +0000 2019",
    "id": 1105841421179850753,
    "id_str": "1105841421179850753",
    "text": "@minikmar1o Urban decay eyeshadow primer potion",
    "truncated": false,
    "entities": {
        "hashtags": [],
        "symbols": [],
        "user_mentions": [
            {
                "screen_name": "minikmar1o",
                "name": "Osman",
                "id": 1042123840510472195,
                "id_str": "1042123840510472195",
                "indices": [
                    0,
                    11
                ]
            }
        ],
        "urls": []
    },
    "metadata": {
        "iso_language_code": "en",
        "result_type": "recent"
    },
    "source": "<a href=\"http://twitter.com/download/android\" rel=\"nofollow\">Twitter for Android</a>",
    "in_reply_to_status_id": 1105789953475256320,
    "in_reply_to_status_id_str": "1105789953475256320",
    "in_reply_to_user_id": 1042123840510472195,
    "in_reply_to_user_id_str": "1042123840510472195",
    "in_reply_to_screen_name": "minikmar1o",
    "user": {
        "id": 923989084762230789,
        "id_str": "923989084762230789",
        "name": "tuna \ud83c\udf19",
        "screen_name": "ttuna___",
        "location": "Odyssey ",
        "description": "\u00c7ay i\u00e7",
        "url": null,
        "entities": {
            "description": {
                "urls": []
            }
        },
        "protected": false,
        "followers_count": 167,
        "friends_count": 234,
        "listed_count": 0,
        "created_at": "Fri Oct 27 19:05:39 +0000 2017",
        "favourites_count": 963,
        "utc_offset": null,
        "time_zone": null,
        "geo_enabled": false,
        "verified": false,
        "statuses_count": 657,
        "lang": "tr",
        "contributors_enabled": false,
        "is_translator": false,
        "is_translation_enabled": false,
        "profile_background_color": "F5F8FA",
        "profile_background_image_url": null,
        "profile_background_image_url_https": null,
        "profile_background_tile": false,
        "profile_image_url": "http://pbs.twimg.com/profile_images/1096128879855570947/XXj9n31j_normal.jpg",
        "profile_image_url_https": "https://pbs.twimg.com/profile_images/1096128879855570947/XXj9n31j_normal.jpg",
        "profile_banner_url": "https://pbs.twimg.com/profile_banners/923989084762230789/1509227303",
        "profile_link_color": "1DA1F2",
        "profile_sidebar_border_color": "C0DEED",
        "profile_sidebar_fill_color": "DDEEF6",
        "profile_text_color": "333333",
        "profile_use_background_image": true,
        "has_extended_profile": true,
        "default_profile": true,
        "default_profile_image": false,
        "following": null,
        "follow_request_sent": null,
        "notifications": null,
        "translator_type": "none"
    },
    "geo": null,
    "coordinates": null,
    "place": null,
    "contributors": null,
    "is_quote_status": false,
    "retweet_count": 0,
    "favorite_count": 1,
    "favorited": false,
    "retweeted": false,
    "lang": "en"
}