{
    "created_at": "Wed Mar 13 22:53:04 +0000 2019",
    "id": 1105965025976410114,
    "id_str": "1105965025976410114",
    "text": "GAME OF THRONES \u00d7 URBAN DECAY DHDHHDBCNDHXGDGEGSHCV",
    "truncated": false,
    "entities": {
        "hashtags": [],
        "symbols": [],
        "user_mentions": [],
        "urls": []
    },
    "metadata": {
        "iso_language_code": "fi",
        "result_type": "recent"
    },
    "source": "<a href=\"http://twitter.com/download/android\" rel=\"nofollow\">Twitter for Android</a>",
    "in_reply_to_status_id": null,
    "in_reply_to_status_id_str": null,
    "in_reply_to_user_id": null,
    "in_reply_to_user_id_str": null,
    "in_reply_to_screen_name": null,
    "user": {
        "id": 4839692466,
        "id_str": "4839692466",
        "name": "marikabelle",
        "screen_name": "maxmdmb",
        "location": "kenkenkenken",
        "description": "help me :')))",
        "url": "https://t.co/SeJSZP2tCj",
        "entities": {
            "url": {
                "urls": [
                    {
                        "url": "https://t.co/SeJSZP2tCj",
                        "expanded_url": "https://facebook.com/mrkblmxn",
                        "display_url": "facebook.com/mrkblmxn",
                        "indices": [
                            0,
                            23
                        ]
                    }
                ]
            },
            "description": {
                "urls": []
            }
        },
        "protected": false,
        "followers_count": 1057,
        "friends_count": 1025,
        "listed_count": 1,
        "created_at": "Sun Jan 31 12:21:46 +0000 2016",
        "favourites_count": 23569,
        "utc_offset": null,
        "time_zone": null,
        "geo_enabled": true,
        "verified": false,
        "statuses_count": 28789,
        "lang": "en",
        "contributors_enabled": false,
        "is_translator": false,
        "is_translation_enabled": false,
        "profile_background_color": "000000",
        "profile_background_image_url": "http://abs.twimg.com/images/themes/theme1/bg.png",
        "profile_background_image_url_https": "https://abs.twimg.com/images/themes/theme1/bg.png",
        "profile_background_tile": false,
        "profile_image_url": "http://pbs.twimg.com/profile_images/1101731384949764096/YaNuyBd8_normal.jpg",
        "profile_image_url_https": "https://pbs.twimg.com/profile_images/1101731384949764096/YaNuyBd8_normal.jpg",
        "profile_banner_url": "https://pbs.twimg.com/profile_banners/4839692466/1550668699",
        "profile_link_color": "AF7AC5",
        "profile_sidebar_border_color": "000000",
        "profile_sidebar_fill_color": "000000",
        "profile_text_color": "000000",
        "profile_use_background_image": false,
        "has_extended_profile": true,
        "default_profile": false,
        "default_profile_image": false,
        "following": null,
        "follow_request_sent": null,
        "notifications": null,
        "translator_type": "none"
    },
    "geo": null,
    "coordinates": null,
    "place": null,
    "contributors": null,
    "is_quote_status": false,
    "retweet_count": 0,
    "favorite_count": 0,
    "favorited": false,
    "retweeted": false,
    "lang": "fi"
}