{
    "created_at": "Wed Mar 13 21:18:36 +0000 2019",
    "id": 1105941253630427136,
    "id_str": "1105941253630427136",
    "text": "Also just an observation but I noticed Korean makeup artists use western eyeshadows (ABH, Urban Decay, etc) on idol\u2026 https://t.co/ZVMZ6MHFjf",
    "truncated": true,
    "entities": {
        "hashtags": [],
        "symbols": [],
        "user_mentions": [],
        "urls": [
            {
                "url": "https://t.co/ZVMZ6MHFjf",
                "expanded_url": "https://twitter.com/i/web/status/1105941253630427136",
                "display_url": "twitter.com/i/web/status/1\u2026",
                "indices": [
                    117,
                    140
                ]
            }
        ]
    },
    "metadata": {
        "iso_language_code": "en",
        "result_type": "recent"
    },
    "source": "<a href=\"http://twitter.com/download/iphone\" rel=\"nofollow\">Twitter for iPhone</a>",
    "in_reply_to_status_id": null,
    "in_reply_to_status_id_str": null,
    "in_reply_to_user_id": null,
    "in_reply_to_user_id_str": null,
    "in_reply_to_screen_name": null,
    "user": {
        "id": 796414894182694914,
        "id_str": "796414894182694914",
        "name": "D A R K  O V E R L O R D  O F  S Q U A T T I N G",
        "screen_name": "gdrc12",
        "location": "5hinee / exo / red velvet",
        "description": "nastia/\u043d\u0430\u0441\u0442\u044f \ud83d\udcab MULTIFANDOM (Taemin is life though)\ud83d\udcab art acc: @anajuise | terfs don\u2019t interact",
        "url": "https://t.co/5Y6n1dGQfu",
        "entities": {
            "url": {
                "urls": [
                    {
                        "url": "https://t.co/5Y6n1dGQfu",
                        "expanded_url": "https://curiouscat.me/gdrc12",
                        "display_url": "curiouscat.me/gdrc12",
                        "indices": [
                            0,
                            23
                        ]
                    }
                ]
            },
            "description": {
                "urls": []
            }
        },
        "protected": false,
        "followers_count": 373,
        "friends_count": 205,
        "listed_count": 10,
        "created_at": "Wed Nov 09 18:11:22 +0000 2016",
        "favourites_count": 67695,
        "utc_offset": null,
        "time_zone": null,
        "geo_enabled": true,
        "verified": false,
        "statuses_count": 48959,
        "lang": "en",
        "contributors_enabled": false,
        "is_translator": false,
        "is_translation_enabled": false,
        "profile_background_color": "000000",
        "profile_background_image_url": "http://abs.twimg.com/images/themes/theme1/bg.png",
        "profile_background_image_url_https": "https://abs.twimg.com/images/themes/theme1/bg.png",
        "profile_background_tile": false,
        "profile_image_url": "http://pbs.twimg.com/profile_images/928753631607885827/jEAsl3fk_normal.jpg",
        "profile_image_url_https": "https://pbs.twimg.com/profile_images/928753631607885827/jEAsl3fk_normal.jpg",
        "profile_banner_url": "https://pbs.twimg.com/profile_banners/796414894182694914/1548689632",
        "profile_link_color": "FDBDB9",
        "profile_sidebar_border_color": "000000",
        "profile_sidebar_fill_color": "000000",
        "profile_text_color": "000000",
        "profile_use_background_image": false,
        "has_extended_profile": true,
        "default_profile": false,
        "default_profile_image": false,
        "following": null,
        "follow_request_sent": null,
        "notifications": null,
        "translator_type": "none"
    },
    "geo": null,
    "coordinates": null,
    "place": null,
    "contributors": null,
    "is_quote_status": true,
    "quoted_status_id": 1105932961764048898,
    "quoted_status_id_str": "1105932961764048898",
    "quoted_status": {
        "created_at": "Wed Mar 13 20:45:39 +0000 2019",
        "id": 1105932961764048898,
        "id_str": "1105932961764048898",
        "text": "K beauty eyeshadows always have such gorgeous and cute packaging but the colors &amp; pigmentation are THE SAME in ever\u2026 https://t.co/CMFLLdHFaO",
        "truncated": true,
        "entities": {
            "hashtags": [],
            "symbols": [],
            "user_mentions": [],
            "urls": [
                {
                    "url": "https://t.co/CMFLLdHFaO",
                    "expanded_url": "https://twitter.com/i/web/status/1105932961764048898",
                    "display_url": "twitter.com/i/web/status/1\u2026",
                    "indices": [
                        121,
                        144
                    ]
                }
            ]
        },
        "metadata": {
            "iso_language_code": "en",
            "result_type": "recent"
        },
        "source": "<a href=\"http://twitter.com/download/iphone\" rel=\"nofollow\">Twitter for iPhone</a>",
        "in_reply_to_status_id": null,
        "in_reply_to_status_id_str": null,
        "in_reply_to_user_id": null,
        "in_reply_to_user_id_str": null,
        "in_reply_to_screen_name": null,
        "user": {
            "id": 796414894182694914,
            "id_str": "796414894182694914",
            "name": "D A R K  O V E R L O R D  O F  S Q U A T T I N G",
            "screen_name": "gdrc12",
            "location": "5hinee / exo / red velvet",
            "description": "nastia/\u043d\u0430\u0441\u0442\u044f \ud83d\udcab MULTIFANDOM (Taemin is life though)\ud83d\udcab art acc: @anajuise | terfs don\u2019t interact",
            "url": "https://t.co/5Y6n1dGQfu",
            "entities": {
                "url": {
                    "urls": [
                        {
                            "url": "https://t.co/5Y6n1dGQfu",
                            "expanded_url": "https://curiouscat.me/gdrc12",
                            "display_url": "curiouscat.me/gdrc12",
                            "indices": [
                                0,
                                23
                            ]
                        }
                    ]
                },
                "description": {
                    "urls": []
                }
            },
            "protected": false,
            "followers_count": 373,
            "friends_count": 205,
            "listed_count": 10,
            "created_at": "Wed Nov 09 18:11:22 +0000 2016",
            "favourites_count": 67695,
            "utc_offset": null,
            "time_zone": null,
            "geo_enabled": true,
            "verified": false,
            "statuses_count": 48959,
            "lang": "en",
            "contributors_enabled": false,
            "is_translator": false,
            "is_translation_enabled": false,
            "profile_background_color": "000000",
            "profile_background_image_url": "http://abs.twimg.com/images/themes/theme1/bg.png",
            "profile_background_image_url_https": "https://abs.twimg.com/images/themes/theme1/bg.png",
            "profile_background_tile": false,
            "profile_image_url": "http://pbs.twimg.com/profile_images/928753631607885827/jEAsl3fk_normal.jpg",
            "profile_image_url_https": "https://pbs.twimg.com/profile_images/928753631607885827/jEAsl3fk_normal.jpg",
            "profile_banner_url": "https://pbs.twimg.com/profile_banners/796414894182694914/1548689632",
            "profile_link_color": "FDBDB9",
            "profile_sidebar_border_color": "000000",
            "profile_sidebar_fill_color": "000000",
            "profile_text_color": "000000",
            "profile_use_background_image": false,
            "has_extended_profile": true,
            "default_profile": false,
            "default_profile_image": false,
            "following": null,
            "follow_request_sent": null,
            "notifications": null,
            "translator_type": "none"
        },
        "geo": null,
        "coordinates": null,
        "place": null,
        "contributors": null,
        "is_quote_status": false,
        "retweet_count": 0,
        "favorite_count": 9,
        "favorited": false,
        "retweeted": false,
        "lang": "en"
    },
    "retweet_count": 0,
    "favorite_count": 1,
    "favorited": false,
    "retweeted": false,
    "possibly_sensitive": false,
    "lang": "en"
}