{
    "created_at": "Wed Mar 13 20:57:29 +0000 2019",
    "id": 1105935938809679877,
    "id_str": "1105935938809679877",
    "text": "RT @aimsbel: My makeup doesn\u2019t even move when my face gets nutted on, the power of urban decay all nighter",
    "truncated": false,
    "entities": {
        "hashtags": [],
        "symbols": [],
        "user_mentions": [
            {
                "screen_name": "aimsbel",
                "name": "A",
                "id": 519940170,
                "id_str": "519940170",
                "indices": [
                    3,
                    11
                ]
            }
        ],
        "urls": []
    },
    "metadata": {
        "iso_language_code": "en",
        "result_type": "recent"
    },
    "source": "<a href=\"http://twitter.com/download/iphone\" rel=\"nofollow\">Twitter for iPhone</a>",
    "in_reply_to_status_id": null,
    "in_reply_to_status_id_str": null,
    "in_reply_to_user_id": null,
    "in_reply_to_user_id_str": null,
    "in_reply_to_screen_name": null,
    "user": {
        "id": 2748425973,
        "id_str": "2748425973",
        "name": "mmmmia\ud83c\udf6d",
        "screen_name": "mlhxclifford",
        "location": "United Kingdom",
        "description": "ready, set, give me attention \u272d \u2661",
        "url": null,
        "entities": {
            "description": {
                "urls": []
            }
        },
        "protected": false,
        "followers_count": 235,
        "friends_count": 411,
        "listed_count": 1,
        "created_at": "Wed Aug 20 21:34:46 +0000 2014",
        "favourites_count": 1406,
        "utc_offset": null,
        "time_zone": null,
        "geo_enabled": true,
        "verified": false,
        "statuses_count": 4064,
        "lang": "en",
        "contributors_enabled": false,
        "is_translator": false,
        "is_translation_enabled": false,
        "profile_background_color": "000000",
        "profile_background_image_url": "http://abs.twimg.com/images/themes/theme1/bg.png",
        "profile_background_image_url_https": "https://abs.twimg.com/images/themes/theme1/bg.png",
        "profile_background_tile": false,
        "profile_image_url": "http://pbs.twimg.com/profile_images/1104959889800159233/qXMigdd8_normal.jpg",
        "profile_image_url_https": "https://pbs.twimg.com/profile_images/1104959889800159233/qXMigdd8_normal.jpg",
        "profile_banner_url": "https://pbs.twimg.com/profile_banners/2748425973/1552076360",
        "profile_link_color": "F5ABB5",
        "profile_sidebar_border_color": "000000",
        "profile_sidebar_fill_color": "000000",
        "profile_text_color": "000000",
        "profile_use_background_image": false,
        "has_extended_profile": false,
        "default_profile": false,
        "default_profile_image": false,
        "following": null,
        "follow_request_sent": null,
        "notifications": null,
        "translator_type": "none"
    },
    "geo": null,
    "coordinates": null,
    "place": null,
    "contributors": null,
    "retweeted_status": {
        "created_at": "Wed Mar 13 20:49:16 +0000 2019",
        "id": 1105933870963310594,
        "id_str": "1105933870963310594",
        "text": "My makeup doesn\u2019t even move when my face gets nutted on, the power of urban decay all nighter",
        "truncated": false,
        "entities": {
            "hashtags": [],
            "symbols": [],
            "user_mentions": [],
            "urls": []
        },
        "metadata": {
            "iso_language_code": "en",
            "result_type": "recent"
        },
        "source": "<a href=\"http://twitter.com/download/iphone\" rel=\"nofollow\">Twitter for iPhone</a>",
        "in_reply_to_status_id": null,
        "in_reply_to_status_id_str": null,
        "in_reply_to_user_id": null,
        "in_reply_to_user_id_str": null,
        "in_reply_to_screen_name": null,
        "user": {
            "id": 519940170,
            "id_str": "519940170",
            "name": "A",
            "screen_name": "aimsbel",
            "location": "LDN",
            "description": "20 | law student | amateur poet",
            "url": null,
            "entities": {
                "description": {
                    "urls": []
                }
            },
            "protected": false,
            "followers_count": 3961,
            "friends_count": 1875,
            "listed_count": 30,
            "created_at": "Sat Mar 10 00:09:42 +0000 2012",
            "favourites_count": 29194,
            "utc_offset": null,
            "time_zone": null,
            "geo_enabled": true,
            "verified": false,
            "statuses_count": 70814,
            "lang": "en",
            "contributors_enabled": false,
            "is_translator": false,
            "is_translation_enabled": false,
            "profile_background_color": "131516",
            "profile_background_image_url": "http://abs.twimg.com/images/themes/theme14/bg.gif",
            "profile_background_image_url_https": "https://abs.twimg.com/images/themes/theme14/bg.gif",
            "profile_background_tile": false,
            "profile_image_url": "http://pbs.twimg.com/profile_images/1104795603631042562/M8-69RKt_normal.jpg",
            "profile_image_url_https": "https://pbs.twimg.com/profile_images/1104795603631042562/M8-69RKt_normal.jpg",
            "profile_banner_url": "https://pbs.twimg.com/profile_banners/519940170/1539630552",
            "profile_link_color": "DD2E44",
            "profile_sidebar_border_color": "000000",
            "profile_sidebar_fill_color": "000000",
            "profile_text_color": "000000",
            "profile_use_background_image": true,
            "has_extended_profile": true,
            "default_profile": false,
            "default_profile_image": false,
            "following": null,
            "follow_request_sent": null,
            "notifications": null,
            "translator_type": "none"
        },
        "geo": null,
        "coordinates": null,
        "place": null,
        "contributors": null,
        "is_quote_status": false,
        "retweet_count": 1,
        "favorite_count": 10,
        "favorited": false,
        "retweeted": false,
        "lang": "en"
    },
    "is_quote_status": false,
    "retweet_count": 1,
    "favorite_count": 0,
    "favorited": false,
    "retweeted": false,
    "lang": "en"
}