{
    "created_at": "Wed Mar 13 21:34:46 +0000 2019",
    "id": 1105945322315042816,
    "id_str": "1105945322315042816",
    "text": "Queria ser broguerinha de maquiagem p ganhar v\u00e1rios mimos de empresa de cosm\u00e9ticos v\u00e1rias maquiagens da urban decay de gr\u00e1tis",
    "truncated": false,
    "entities": {
        "hashtags": [],
        "symbols": [],
        "user_mentions": [],
        "urls": []
    },
    "metadata": {
        "iso_language_code": "pt",
        "result_type": "recent"
    },
    "source": "<a href=\"http://twitter.com/download/android\" rel=\"nofollow\">Twitter for Android</a>",
    "in_reply_to_status_id": null,
    "in_reply_to_status_id_str": null,
    "in_reply_to_user_id": null,
    "in_reply_to_user_id_str": null,
    "in_reply_to_screen_name": null,
    "user": {
        "id": 3430797977,
        "id_str": "3430797977",
        "name": "princesinha comunista",
        "screen_name": "medvedevx",
        "location": "",
        "description": "toco piano e o terror \u2022 multifandom",
        "url": "https://t.co/8oZ9OYFtXC",
        "entities": {
            "url": {
                "urls": [
                    {
                        "url": "https://t.co/8oZ9OYFtXC",
                        "expanded_url": "https://www.instagram.com/paradoxicandy/",
                        "display_url": "instagram.com/paradoxicandy/",
                        "indices": [
                            0,
                            23
                        ]
                    }
                ]
            },
            "description": {
                "urls": []
            }
        },
        "protected": false,
        "followers_count": 1232,
        "friends_count": 693,
        "listed_count": 20,
        "created_at": "Wed Aug 19 01:41:56 +0000 2015",
        "favourites_count": 1053,
        "utc_offset": null,
        "time_zone": null,
        "geo_enabled": false,
        "verified": false,
        "statuses_count": 110249,
        "lang": "pt",
        "contributors_enabled": false,
        "is_translator": false,
        "is_translation_enabled": false,
        "profile_background_color": "000000",
        "profile_background_image_url": "http://abs.twimg.com/images/themes/theme1/bg.png",
        "profile_background_image_url_https": "https://abs.twimg.com/images/themes/theme1/bg.png",
        "profile_background_tile": false,
        "profile_image_url": "http://pbs.twimg.com/profile_images/1100839315414773765/WPGZLCPq_normal.jpg",
        "profile_image_url_https": "https://pbs.twimg.com/profile_images/1100839315414773765/WPGZLCPq_normal.jpg",
        "profile_banner_url": "https://pbs.twimg.com/profile_banners/3430797977/1551295668",
        "profile_link_color": "F58EA8",
        "profile_sidebar_border_color": "000000",
        "profile_sidebar_fill_color": "000000",
        "profile_text_color": "000000",
        "profile_use_background_image": false,
        "has_extended_profile": true,
        "default_profile": false,
        "default_profile_image": false,
        "following": null,
        "follow_request_sent": null,
        "notifications": null,
        "translator_type": "none"
    },
    "geo": null,
    "coordinates": null,
    "place": null,
    "contributors": null,
    "is_quote_status": false,
    "retweet_count": 0,
    "favorite_count": 1,
    "favorited": false,
    "retweeted": false,
    "lang": "pt"
}