{
    "created_at": "Wed Mar 13 15:32:20 +0000 2019",
    "id": 1105854111730356226,
    "id_str": "1105854111730356226",
    "text": "Urban decay setting spray would never do that to you https://t.co/auPw97YyE8",
    "truncated": false,
    "entities": {
        "hashtags": [],
        "symbols": [],
        "user_mentions": [],
        "urls": [
            {
                "url": "https://t.co/auPw97YyE8",
                "expanded_url": "https://twitter.com/jeffreestar/status/1105529849383288832",
                "display_url": "twitter.com/jeffreestar/st\u2026",
                "indices": [
                    53,
                    76
                ]
            }
        ]
    },
    "metadata": {
        "iso_language_code": "en",
        "result_type": "recent"
    },
    "source": "<a href=\"http://twitter.com/download/iphone\" rel=\"nofollow\">Twitter for iPhone</a>",
    "in_reply_to_status_id": null,
    "in_reply_to_status_id_str": null,
    "in_reply_to_user_id": null,
    "in_reply_to_user_id_str": null,
    "in_reply_to_screen_name": null,
    "user": {
        "id": 458973687,
        "id_str": "458973687",
        "name": "benz",
        "screen_name": "shaydoro",
        "location": "",
        "description": "wassup",
        "url": null,
        "entities": {
            "description": {
                "urls": []
            }
        },
        "protected": false,
        "followers_count": 352,
        "friends_count": 227,
        "listed_count": 0,
        "created_at": "Mon Jan 09 04:30:11 +0000 2012",
        "favourites_count": 7199,
        "utc_offset": null,
        "time_zone": null,
        "geo_enabled": true,
        "verified": false,
        "statuses_count": 16650,
        "lang": "en",
        "contributors_enabled": false,
        "is_translator": false,
        "is_translation_enabled": false,
        "profile_background_color": "050505",
        "profile_background_image_url": "http://abs.twimg.com/images/themes/theme18/bg.gif",
        "profile_background_image_url_https": "https://abs.twimg.com/images/themes/theme18/bg.gif",
        "profile_background_tile": false,
        "profile_image_url": "http://pbs.twimg.com/profile_images/767511204671651840/l5YMBZFP_normal.jpg",
        "profile_image_url_https": "https://pbs.twimg.com/profile_images/767511204671651840/l5YMBZFP_normal.jpg",
        "profile_banner_url": "https://pbs.twimg.com/profile_banners/458973687/1451441193",
        "profile_link_color": "0A0A0A",
        "profile_sidebar_border_color": "000000",
        "profile_sidebar_fill_color": "EFEFEF",
        "profile_text_color": "333333",
        "profile_use_background_image": false,
        "has_extended_profile": true,
        "default_profile": false,
        "default_profile_image": false,
        "following": null,
        "follow_request_sent": null,
        "notifications": null,
        "translator_type": "none"
    },
    "geo": null,
    "coordinates": null,
    "place": null,
    "contributors": null,
    "is_quote_status": true,
    "quoted_status_id": 1105529849383288832,
    "quoted_status_id_str": "1105529849383288832",
    "quoted_status": {
        "created_at": "Tue Mar 12 18:03:50 +0000 2019",
        "id": 1105529849383288832,
        "id_str": "1105529849383288832",
        "text": "I love the look of ruined makeup after sex.",
        "truncated": false,
        "entities": {
            "hashtags": [],
            "symbols": [],
            "user_mentions": [],
            "urls": []
        },
        "metadata": {
            "iso_language_code": "en",
            "result_type": "recent"
        },
        "source": "<a href=\"http://www.echofon.com/\" rel=\"nofollow\">Echofon</a>",
        "in_reply_to_status_id": null,
        "in_reply_to_status_id_str": null,
        "in_reply_to_user_id": null,
        "in_reply_to_user_id_str": null,
        "in_reply_to_screen_name": null,
        "user": {
            "id": 18236230,
            "id_str": "18236230",
            "name": "Jeffree Star",
            "screen_name": "JeffreeStar",
            "location": "Calabasas, CA",
            "description": "makeup artist / cosmetics creator / androgyny - SnapChat: jeffreedahmer",
            "url": "https://t.co/2MA2rnQc0I",
            "entities": {
                "url": {
                    "urls": [
                        {
                            "url": "https://t.co/2MA2rnQc0I",
                            "expanded_url": "http://www.jeffreestarcosmetics.com",
                            "display_url": "jeffreestarcosmetics.com",
                            "indices": [
                                0,
                                23
                            ]
                        }
                    ]
                },
                "description": {
                    "urls": []
                }
            },
            "protected": false,
            "followers_count": 3882639,
            "friends_count": 228,
            "listed_count": 6394,
            "created_at": "Fri Dec 19 05:57:53 +0000 2008",
            "favourites_count": 7714,
            "utc_offset": null,
            "time_zone": null,
            "geo_enabled": false,
            "verified": true,
            "statuses_count": 49454,
            "lang": "en",
            "contributors_enabled": false,
            "is_translator": false,
            "is_translation_enabled": true,
            "profile_background_color": "000000",
            "profile_background_image_url": "http://abs.twimg.com/images/themes/theme1/bg.png",
            "profile_background_image_url_https": "https://abs.twimg.com/images/themes/theme1/bg.png",
            "profile_background_tile": false,
            "profile_image_url": "http://pbs.twimg.com/profile_images/1091923452460597249/PM6iLNg9_normal.jpg",
            "profile_image_url_https": "https://pbs.twimg.com/profile_images/1091923452460597249/PM6iLNg9_normal.jpg",
            "profile_banner_url": "https://pbs.twimg.com/profile_banners/18236230/1549169663",
            "profile_link_color": "F58EA8",
            "profile_sidebar_border_color": "000000",
            "profile_sidebar_fill_color": "000000",
            "profile_text_color": "000000",
            "profile_use_background_image": false,
            "has_extended_profile": false,
            "default_profile": false,
            "default_profile_image": false,
            "following": null,
            "follow_request_sent": null,
            "notifications": null,
            "translator_type": "none"
        },
        "geo": null,
        "coordinates": null,
        "place": null,
        "contributors": null,
        "is_quote_status": false,
        "retweet_count": 14999,
        "favorite_count": 127379,
        "favorited": false,
        "retweeted": false,
        "lang": "en"
    },
    "retweet_count": 1,
    "favorite_count": 2,
    "favorited": false,
    "retweeted": false,
    "possibly_sensitive": false,
    "lang": "en"
}