{
    "created_at": "Wed Mar 13 21:00:11 +0000 2019",
    "id": 1105936616172986370,
    "id_str": "1105936616172986370",
    "text": "your favorite makeup brand? \u2014 im not massively into a brand but my favourite things are my double lasting etude hou\u2026 https://t.co/2Lsqc5G1Xc",
    "truncated": true,
    "entities": {
        "hashtags": [],
        "symbols": [],
        "user_mentions": [],
        "urls": [
            {
                "url": "https://t.co/2Lsqc5G1Xc",
                "expanded_url": "https://twitter.com/i/web/status/1105936616172986370",
                "display_url": "twitter.com/i/web/status/1\u2026",
                "indices": [
                    117,
                    140
                ]
            }
        ]
    },
    "metadata": {
        "iso_language_code": "en",
        "result_type": "recent"
    },
    "source": "<a href=\"https://curiouscat.me\" rel=\"nofollow\">Curious Cat</a>",
    "in_reply_to_status_id": null,
    "in_reply_to_status_id_str": null,
    "in_reply_to_user_id": null,
    "in_reply_to_user_id_str": null,
    "in_reply_to_screen_name": null,
    "user": {
        "id": 961744922759090176,
        "id_str": "961744922759090176",
        "name": "lydia minaj",
        "screen_name": "jjongcentral",
        "location": "22 // uk",
        "description": "the ultimate messy multi",
        "url": "https://t.co/hdpVwUkh0F",
        "entities": {
            "url": {
                "urls": [
                    {
                        "url": "https://t.co/hdpVwUkh0F",
                        "expanded_url": "https://curiouscat.me/90jongs",
                        "display_url": "curiouscat.me/90jongs",
                        "indices": [
                            0,
                            23
                        ]
                    }
                ]
            },
            "description": {
                "urls": []
            }
        },
        "protected": false,
        "followers_count": 375,
        "friends_count": 228,
        "listed_count": 16,
        "created_at": "Thu Feb 08 23:33:52 +0000 2018",
        "favourites_count": 21579,
        "utc_offset": null,
        "time_zone": null,
        "geo_enabled": false,
        "verified": false,
        "statuses_count": 18285,
        "lang": "en",
        "contributors_enabled": false,
        "is_translator": false,
        "is_translation_enabled": false,
        "profile_background_color": "000000",
        "profile_background_image_url": "http://abs.twimg.com/images/themes/theme1/bg.png",
        "profile_background_image_url_https": "https://abs.twimg.com/images/themes/theme1/bg.png",
        "profile_background_tile": false,
        "profile_image_url": "http://pbs.twimg.com/profile_images/1105916659116769283/EUe4ZFlS_normal.png",
        "profile_image_url_https": "https://pbs.twimg.com/profile_images/1105916659116769283/EUe4ZFlS_normal.png",
        "profile_banner_url": "https://pbs.twimg.com/profile_banners/961744922759090176/1552506301",
        "profile_link_color": "ABB8C2",
        "profile_sidebar_border_color": "000000",
        "profile_sidebar_fill_color": "000000",
        "profile_text_color": "000000",
        "profile_use_background_image": false,
        "has_extended_profile": true,
        "default_profile": false,
        "default_profile_image": false,
        "following": null,
        "follow_request_sent": null,
        "notifications": null,
        "translator_type": "none"
    },
    "geo": null,
    "coordinates": null,
    "place": null,
    "contributors": null,
    "is_quote_status": false,
    "retweet_count": 0,
    "favorite_count": 2,
    "favorited": false,
    "retweeted": false,
    "possibly_sensitive": false,
    "lang": "en"
}