{
    "created_at": "Wed Mar 13 18:07:13 +0000 2019",
    "id": 1105893087916838923,
    "id_str": "1105893087916838923",
    "text": "@xxparabellumxx Wasn't a huge selection but I was happy with what I got and the price! Urban decay also has some kind of sale items too!",
    "truncated": false,
    "entities": {
        "hashtags": [],
        "symbols": [],
        "user_mentions": [
            {
                "screen_name": "xxparabellumxx",
                "name": "posh spice",
                "id": 1075510416829231104,
                "id_str": "1075510416829231104",
                "indices": [
                    0,
                    15
                ]
            }
        ],
        "urls": []
    },
    "metadata": {
        "iso_language_code": "en",
        "result_type": "recent"
    },
    "source": "<a href=\"http://twitter.com/download/android\" rel=\"nofollow\">Twitter for Android</a>",
    "in_reply_to_status_id": 1105888229016907776,
    "in_reply_to_status_id_str": "1105888229016907776",
    "in_reply_to_user_id": 1075510416829231104,
    "in_reply_to_user_id_str": "1075510416829231104",
    "in_reply_to_screen_name": "xxparabellumxx",
    "user": {
        "id": 1053881131,
        "id_str": "1053881131",
        "name": "\u2112\u212f \ud835\udcab\u212f\ud835\udcc9\ud835\udcbe\ud835\udcc9  \u211b\ud835\udcbe\u212f\ud835\udcc3",
        "screen_name": "_lanaxx",
        "location": "Relapse",
        "description": "TW: \uff24\uff49\uff41\uff47\uff4e\uff4f\uff53\uff45\uff44 \uff21\uff4e\uff4f\uff52\uff45\uff58\uff49\uff43 \u2022\u2022\u2022\u2022\u2022\u2022\u2022Struggling since 2006 \u2022\u2022\u2022\u2022\u2022\u2022 Age 22\u2022\u2022\u2022\u2022\u2022\u2022 Lana Del Rey obsessed\u2022\u2022\u2022\u2022\u2022\u2022 Veg \u2022\u2022\u2022\u2022\u2022\u2022\u2022\u2022",
        "url": null,
        "entities": {
            "description": {
                "urls": []
            }
        },
        "protected": false,
        "followers_count": 1725,
        "friends_count": 2649,
        "listed_count": 4,
        "created_at": "Wed Jan 02 01:01:59 +0000 2013",
        "favourites_count": 7977,
        "utc_offset": null,
        "time_zone": null,
        "geo_enabled": false,
        "verified": false,
        "statuses_count": 26913,
        "lang": "en",
        "contributors_enabled": false,
        "is_translator": false,
        "is_translation_enabled": false,
        "profile_background_color": "59BEE4",
        "profile_background_image_url": "http://abs.twimg.com/images/themes/theme10/bg.gif",
        "profile_background_image_url_https": "https://abs.twimg.com/images/themes/theme10/bg.gif",
        "profile_background_tile": true,
        "profile_image_url": "http://pbs.twimg.com/profile_images/1098976460419854339/Bk8ZPipW_normal.jpg",
        "profile_image_url_https": "https://pbs.twimg.com/profile_images/1098976460419854339/Bk8ZPipW_normal.jpg",
        "profile_banner_url": "https://pbs.twimg.com/profile_banners/1053881131/1550851575",
        "profile_link_color": "8FCAE0",
        "profile_sidebar_border_color": "4BB7DF",
        "profile_sidebar_fill_color": "191F22",
        "profile_text_color": "4BB7DF",
        "profile_use_background_image": false,
        "has_extended_profile": true,
        "default_profile": false,
        "default_profile_image": false,
        "following": null,
        "follow_request_sent": null,
        "notifications": null,
        "translator_type": "none"
    },
    "geo": null,
    "coordinates": null,
    "place": null,
    "contributors": null,
    "is_quote_status": false,
    "retweet_count": 0,
    "favorite_count": 1,
    "favorited": false,
    "retweeted": false,
    "lang": "en"
}