{
    "created_at": "Wed Mar 13 23:02:17 +0000 2019",
    "id": 1105967345921605634,
    "id_str": "1105967345921605634",
    "text": "REVIEW + LOOK: Paleta BackTalk de Urban\u00a0Decay https://t.co/iJLwKCg882 https://t.co/8WDxtZk8zV",
    "truncated": false,
    "entities": {
        "hashtags": [],
        "symbols": [],
        "user_mentions": [],
        "urls": [
            {
                "url": "https://t.co/iJLwKCg882",
                "expanded_url": "http://eltocadordevero.com/2019/03/14/review-look-paleta-backtalk-de-urban-decay/",
                "display_url": "eltocadordevero.com/2019/03/14/rev\u2026",
                "indices": [
                    46,
                    69
                ]
            }
        ],
        "media": [
            {
                "id": 1105967343807746048,
                "id_str": "1105967343807746048",
                "indices": [
                    70,
                    93
                ],
                "media_url": "http://pbs.twimg.com/media/D1kvcITX0AAP9ok.jpg",
                "media_url_https": "https://pbs.twimg.com/media/D1kvcITX0AAP9ok.jpg",
                "url": "https://t.co/8WDxtZk8zV",
                "display_url": "pic.twitter.com/8WDxtZk8zV",
                "expanded_url": "https://twitter.com/eltocadordevero/status/1105967345921605634/photo/1",
                "type": "photo",
                "sizes": {
                    "large": {
                        "w": 1024,
                        "h": 748,
                        "resize": "fit"
                    },
                    "thumb": {
                        "w": 150,
                        "h": 150,
                        "resize": "crop"
                    },
                    "medium": {
                        "w": 1024,
                        "h": 748,
                        "resize": "fit"
                    },
                    "small": {
                        "w": 680,
                        "h": 497,
                        "resize": "fit"
                    }
                }
            }
        ]
    },
    "extended_entities": {
        "media": [
            {
                "id": 1105967343807746048,
                "id_str": "1105967343807746048",
                "indices": [
                    70,
                    93
                ],
                "media_url": "http://pbs.twimg.com/media/D1kvcITX0AAP9ok.jpg",
                "media_url_https": "https://pbs.twimg.com/media/D1kvcITX0AAP9ok.jpg",
                "url": "https://t.co/8WDxtZk8zV",
                "display_url": "pic.twitter.com/8WDxtZk8zV",
                "expanded_url": "https://twitter.com/eltocadordevero/status/1105967345921605634/photo/1",
                "type": "photo",
                "sizes": {
                    "large": {
                        "w": 1024,
                        "h": 748,
                        "resize": "fit"
                    },
                    "thumb": {
                        "w": 150,
                        "h": 150,
                        "resize": "crop"
                    },
                    "medium": {
                        "w": 1024,
                        "h": 748,
                        "resize": "fit"
                    },
                    "small": {
                        "w": 680,
                        "h": 497,
                        "resize": "fit"
                    }
                }
            }
        ]
    },
    "metadata": {
        "iso_language_code": "en",
        "result_type": "recent"
    },
    "source": "<a href=\"http://publicize.wp.com/\" rel=\"nofollow\">WordPress.com</a>",
    "in_reply_to_status_id": null,
    "in_reply_to_status_id_str": null,
    "in_reply_to_user_id": null,
    "in_reply_to_user_id_str": null,
    "in_reply_to_screen_name": null,
    "user": {
        "id": 2469543140,
        "id_str": "2469543140",
        "name": "El Tocador de Vero",
        "screen_name": "eltocadordevero",
        "location": "Vigo, Espa\u00f1a",
        "description": "Maquilladora, beauty blogger, imaginativa, so\u00f1adora y yo misma.-",
        "url": "http://t.co/sP8umGN9RT",
        "entities": {
            "url": {
                "urls": [
                    {
                        "url": "http://t.co/sP8umGN9RT",
                        "expanded_url": "http://www.eltocadordevero.com/",
                        "display_url": "eltocadordevero.com",
                        "indices": [
                            0,
                            22
                        ]
                    }
                ]
            },
            "description": {
                "urls": []
            }
        },
        "protected": false,
        "followers_count": 967,
        "friends_count": 400,
        "listed_count": 29,
        "created_at": "Tue Apr 29 15:58:49 +0000 2014",
        "favourites_count": 1222,
        "utc_offset": null,
        "time_zone": null,
        "geo_enabled": false,
        "verified": false,
        "statuses_count": 3746,
        "lang": "es",
        "contributors_enabled": false,
        "is_translator": false,
        "is_translation_enabled": false,
        "profile_background_color": "C0DEED",
        "profile_background_image_url": "http://abs.twimg.com/images/themes/theme1/bg.png",
        "profile_background_image_url_https": "https://abs.twimg.com/images/themes/theme1/bg.png",
        "profile_background_tile": true,
        "profile_image_url": "http://pbs.twimg.com/profile_images/461184178034208770/6xnkB12S_normal.jpeg",
        "profile_image_url_https": "https://pbs.twimg.com/profile_images/461184178034208770/6xnkB12S_normal.jpeg",
        "profile_banner_url": "https://pbs.twimg.com/profile_banners/2469543140/1424563385",
        "profile_link_color": "DD2E44",
        "profile_sidebar_border_color": "FFFFFF",
        "profile_sidebar_fill_color": "DDEEF6",
        "profile_text_color": "333333",
        "profile_use_background_image": true,
        "has_extended_profile": false,
        "default_profile": false,
        "default_profile_image": false,
        "following": null,
        "follow_request_sent": null,
        "notifications": null,
        "translator_type": "none"
    },
    "geo": null,
    "coordinates": null,
    "place": null,
    "contributors": null,
    "is_quote_status": false,
    "retweet_count": 0,
    "favorite_count": 0,
    "favorited": false,
    "retweeted": false,
    "possibly_sensitive": false,
    "lang": "en"
}