{
    "created_at": "Thu Mar 14 00:29:32 +0000 2019",
    "id": 1105989300880056325,
    "id_str": "1105989300880056325",
    "text": "@AllisonRFloyd I feel the same when I'm buying art supplies.\n\nI did just get the urban decay eyeshadow... I \ud83d\udc99 my ba\u2026 https://t.co/3NpEORnwbQ",
    "truncated": true,
    "entities": {
        "hashtags": [],
        "symbols": [],
        "user_mentions": [
            {
                "screen_name": "AllisonRFloyd",
                "name": "Allison Floyd",
                "id": 2852075027,
                "id_str": "2852075027",
                "indices": [
                    0,
                    14
                ]
            }
        ],
        "urls": [
            {
                "url": "https://t.co/3NpEORnwbQ",
                "expanded_url": "https://twitter.com/i/web/status/1105989300880056325",
                "display_url": "twitter.com/i/web/status/1\u2026",
                "indices": [
                    117,
                    140
                ]
            }
        ]
    },
    "metadata": {
        "iso_language_code": "en",
        "result_type": "recent"
    },
    "source": "<a href=\"http://twitter.com/download/android\" rel=\"nofollow\">Twitter for Android</a>",
    "in_reply_to_status_id": 1105972239256748032,
    "in_reply_to_status_id_str": "1105972239256748032",
    "in_reply_to_user_id": 2852075027,
    "in_reply_to_user_id_str": "2852075027",
    "in_reply_to_screen_name": "AllisonRFloyd",
    "user": {
        "id": 864629611249979392,
        "id_str": "864629611249979392",
        "name": "Tricia Peace \u262e",
        "screen_name": "TriCiArtPeace",
        "location": "",
        "description": "Creating art is keeping me sane. I don't have a torch & pitchfork - but I have a rake & flashlight, ready to save our democracy. Joined Twitter, May 2017",
        "url": null,
        "entities": {
            "description": {
                "urls": []
            }
        },
        "protected": false,
        "followers_count": 954,
        "friends_count": 898,
        "listed_count": 2,
        "created_at": "Tue May 16 23:52:18 +0000 2017",
        "favourites_count": 44724,
        "utc_offset": null,
        "time_zone": null,
        "geo_enabled": false,
        "verified": false,
        "statuses_count": 27924,
        "lang": "en",
        "contributors_enabled": false,
        "is_translator": false,
        "is_translation_enabled": false,
        "profile_background_color": "F5F8FA",
        "profile_background_image_url": null,
        "profile_background_image_url_https": null,
        "profile_background_tile": false,
        "profile_image_url": "http://pbs.twimg.com/profile_images/1022968720870842369/USZJ6xQG_normal.jpg",
        "profile_image_url_https": "https://pbs.twimg.com/profile_images/1022968720870842369/USZJ6xQG_normal.jpg",
        "profile_banner_url": "https://pbs.twimg.com/profile_banners/864629611249979392/1545775517",
        "profile_link_color": "1DA1F2",
        "profile_sidebar_border_color": "C0DEED",
        "profile_sidebar_fill_color": "DDEEF6",
        "profile_text_color": "333333",
        "profile_use_background_image": true,
        "has_extended_profile": true,
        "default_profile": true,
        "default_profile_image": false,
        "following": null,
        "follow_request_sent": null,
        "notifications": null,
        "translator_type": "none"
    },
    "geo": null,
    "coordinates": null,
    "place": null,
    "contributors": null,
    "is_quote_status": false,
    "retweet_count": 0,
    "favorite_count": 1,
    "favorited": false,
    "retweeted": false,
    "lang": "en"
}