{
    "created_at": "Wed Mar 13 19:02:36 +0000 2019",
    "id": 1105907026755010561,
    "id_str": "1105907026755010561",
    "text": "@ReadyForIt1989 I\u2019m in love with the urban decay highlighter \u2764\ufe0f looove all their make up bc my skin is super fair a\u2026 https://t.co/2T5B7kn1gV",
    "truncated": true,
    "entities": {
        "hashtags": [],
        "symbols": [],
        "user_mentions": [
            {
                "screen_name": "ReadyForIt1989",
                "name": "Kinley \u2728",
                "id": 929453253758210053,
                "id_str": "929453253758210053",
                "indices": [
                    0,
                    15
                ]
            }
        ],
        "urls": [
            {
                "url": "https://t.co/2T5B7kn1gV",
                "expanded_url": "https://twitter.com/i/web/status/1105907026755010561",
                "display_url": "twitter.com/i/web/status/1\u2026",
                "indices": [
                    117,
                    140
                ]
            }
        ]
    },
    "metadata": {
        "iso_language_code": "en",
        "result_type": "recent"
    },
    "source": "<a href=\"http://twitter.com/download/iphone\" rel=\"nofollow\">Twitter for iPhone</a>",
    "in_reply_to_status_id": 1105544741016489984,
    "in_reply_to_status_id_str": "1105544741016489984",
    "in_reply_to_user_id": 929453253758210053,
    "in_reply_to_user_id_str": "929453253758210053",
    "in_reply_to_screen_name": "ReadyForIt1989",
    "user": {
        "id": 46896196,
        "id_str": "46896196",
        "name": "A mess of a dreamer \ud83c\uddf8\ud83c\uddea",
        "screen_name": "Emmyhellgren",
        "location": "Sweden",
        "description": "EMMY \ud83c\uddf8\ud83c\uddea Born 1989. nurse. Potterhead. SWIFTIE. IG:emmysweden22. \u2764\ufe0f be fearless",
        "url": null,
        "entities": {
            "description": {
                "urls": []
            }
        },
        "protected": false,
        "followers_count": 371,
        "friends_count": 290,
        "listed_count": 9,
        "created_at": "Sat Jun 13 14:41:00 +0000 2009",
        "favourites_count": 12159,
        "utc_offset": null,
        "time_zone": null,
        "geo_enabled": true,
        "verified": false,
        "statuses_count": 15234,
        "lang": "en",
        "contributors_enabled": false,
        "is_translator": false,
        "is_translation_enabled": false,
        "profile_background_color": "214542",
        "profile_background_image_url": "http://abs.twimg.com/images/themes/theme19/bg.gif",
        "profile_background_image_url_https": "https://abs.twimg.com/images/themes/theme19/bg.gif",
        "profile_background_tile": false,
        "profile_image_url": "http://pbs.twimg.com/profile_images/1075873736555982851/tpkSEhYX_normal.jpg",
        "profile_image_url_https": "https://pbs.twimg.com/profile_images/1075873736555982851/tpkSEhYX_normal.jpg",
        "profile_banner_url": "https://pbs.twimg.com/profile_banners/46896196/1549410780",
        "profile_link_color": "ABB8F2",
        "profile_sidebar_border_color": "AEF5FA",
        "profile_sidebar_fill_color": "3B615D",
        "profile_text_color": "739E9F",
        "profile_use_background_image": true,
        "has_extended_profile": true,
        "default_profile": false,
        "default_profile_image": false,
        "following": null,
        "follow_request_sent": null,
        "notifications": null,
        "translator_type": "none"
    },
    "geo": null,
    "coordinates": null,
    "place": null,
    "contributors": null,
    "is_quote_status": false,
    "retweet_count": 0,
    "favorite_count": 1,
    "favorited": false,
    "retweeted": false,
    "lang": "en"
}