{
    "created_at": "Wed Mar 13 15:56:27 +0000 2019",
    "id": 1105860181865480193,
    "id_str": "1105860181865480193",
    "text": "RT @SanfordStreet: Over 22k reads for our #BrokenSidewalk @OcchiMagazine interview. Thanks to everyone to sharing it! \n\nReminder that our f\u2026",
    "truncated": false,
    "entities": {
        "hashtags": [
            {
                "text": "BrokenSidewalk",
                "indices": [
                    42,
                    57
                ]
            }
        ],
        "symbols": [],
        "user_mentions": [
            {
                "screen_name": "SanfordStreet",
                "name": "Sanford Street",
                "id": 1041361682,
                "id_str": "1041361682",
                "indices": [
                    3,
                    17
                ]
            },
            {
                "screen_name": "OcchiMagazine",
                "name": "OCCHI MAGAZINE\u2122",
                "id": 25939926,
                "id_str": "25939926",
                "indices": [
                    58,
                    72
                ]
            }
        ],
        "urls": []
    },
    "metadata": {
        "iso_language_code": "en",
        "result_type": "recent"
    },
    "source": "<a href=\"http://twitter.com/download/android\" rel=\"nofollow\">Twitter for Android</a>",
    "in_reply_to_status_id": null,
    "in_reply_to_status_id_str": null,
    "in_reply_to_user_id": null,
    "in_reply_to_user_id_str": null,
    "in_reply_to_screen_name": null,
    "user": {
        "id": 29837407,
        "id_str": "29837407",
        "name": "Nathan Brimmer",
        "screen_name": "NathanBrimmer",
        "location": "Los Angeles, CA",
        "description": "Screenwriter/Producer of #BrokenSidewalk | Actor | Stuntman | Songsmith | https://t.co/8tbpjbRJUZ",
        "url": "https://t.co/3seZwQ6TJo",
        "entities": {
            "url": {
                "urls": [
                    {
                        "url": "https://t.co/3seZwQ6TJo",
                        "expanded_url": "http://facebook.com/NathanRBrimmer",
                        "display_url": "facebook.com/NathanRBrimmer",
                        "indices": [
                            0,
                            23
                        ]
                    }
                ]
            },
            "description": {
                "urls": [
                    {
                        "url": "https://t.co/8tbpjbRJUZ",
                        "expanded_url": "http://imdb.me/nathanbrimmer",
                        "display_url": "imdb.me/nathanbrimmer",
                        "indices": [
                            74,
                            97
                        ]
                    }
                ]
            }
        },
        "protected": false,
        "followers_count": 44977,
        "friends_count": 1116,
        "listed_count": 252,
        "created_at": "Wed Apr 08 22:14:25 +0000 2009",
        "favourites_count": 6293,
        "utc_offset": null,
        "time_zone": null,
        "geo_enabled": false,
        "verified": false,
        "statuses_count": 14497,
        "lang": "en",
        "contributors_enabled": false,
        "is_translator": false,
        "is_translation_enabled": false,
        "profile_background_color": "FFFFFF",
        "profile_background_image_url": "http://abs.twimg.com/images/themes/theme1/bg.png",
        "profile_background_image_url_https": "https://abs.twimg.com/images/themes/theme1/bg.png",
        "profile_background_tile": false,
        "profile_image_url": "http://pbs.twimg.com/profile_images/2054098395/IMG_2333a_normal.jpg",
        "profile_image_url_https": "https://pbs.twimg.com/profile_images/2054098395/IMG_2333a_normal.jpg",
        "profile_banner_url": "https://pbs.twimg.com/profile_banners/29837407/1551124218",
        "profile_link_color": "0084B4",
        "profile_sidebar_border_color": "FFFFFF",
        "profile_sidebar_fill_color": "DDEEF6",
        "profile_text_color": "333333",
        "profile_use_background_image": true,
        "has_extended_profile": true,
        "default_profile": false,
        "default_profile_image": false,
        "following": null,
        "follow_request_sent": null,
        "notifications": null,
        "translator_type": "regular"
    },
    "geo": null,
    "coordinates": null,
    "place": null,
    "contributors": null,
    "retweeted_status": {
        "created_at": "Wed Mar 13 15:56:04 +0000 2019",
        "id": 1105860082712100864,
        "id_str": "1105860082712100864",
        "text": "Over 22k reads for our #BrokenSidewalk @OcchiMagazine interview. Thanks to everyone to sharing it! \n\nReminder that\u2026 https://t.co/cVzUNv9CNS",
        "truncated": true,
        "entities": {
            "hashtags": [
                {
                    "text": "BrokenSidewalk",
                    "indices": [
                        23,
                        38
                    ]
                }
            ],
            "symbols": [],
            "user_mentions": [
                {
                    "screen_name": "OcchiMagazine",
                    "name": "OCCHI MAGAZINE\u2122",
                    "id": 25939926,
                    "id_str": "25939926",
                    "indices": [
                        39,
                        53
                    ]
                }
            ],
            "urls": [
                {
                    "url": "https://t.co/cVzUNv9CNS",
                    "expanded_url": "https://twitter.com/i/web/status/1105860082712100864",
                    "display_url": "twitter.com/i/web/status/1\u2026",
                    "indices": [
                        116,
                        139
                    ]
                }
            ]
        },
        "metadata": {
            "iso_language_code": "en",
            "result_type": "recent"
        },
        "source": "<a href=\"http://twitter.com/download/android\" rel=\"nofollow\">Twitter for Android</a>",
        "in_reply_to_status_id": null,
        "in_reply_to_status_id_str": null,
        "in_reply_to_user_id": null,
        "in_reply_to_user_id_str": null,
        "in_reply_to_screen_name": null,
        "user": {
            "id": 1041361682,
            "id_str": "1041361682",
            "name": "Sanford Street",
            "screen_name": "SanfordStreet",
            "location": "New York, NY",
            "description": "Sanford Street Productions is a New York-based company specializing in #Film #TV #Acting #Music #Composition and #Production\r\nhttp://t.co/9j9NIEu1St",
            "url": null,
            "entities": {
                "description": {
                    "urls": [
                        {
                            "url": "http://t.co/9j9NIEu1St",
                            "expanded_url": "http://www.sanfordstreet.com",
                            "display_url": "sanfordstreet.com",
                            "indices": [
                                126,
                                148
                            ]
                        }
                    ]
                }
            },
            "protected": false,
            "followers_count": 1735,
            "friends_count": 2521,
            "listed_count": 2,
            "created_at": "Fri Dec 28 04:59:13 +0000 2012",
            "favourites_count": 90,
            "utc_offset": null,
            "time_zone": null,
            "geo_enabled": false,
            "verified": false,
            "statuses_count": 98,
            "lang": "en",
            "contributors_enabled": false,
            "is_translator": false,
            "is_translation_enabled": false,
            "profile_background_color": "000000",
            "profile_background_image_url": "http://abs.twimg.com/images/themes/theme1/bg.png",
            "profile_background_image_url_https": "https://abs.twimg.com/images/themes/theme1/bg.png",
            "profile_background_tile": false,
            "profile_image_url": "http://pbs.twimg.com/profile_images/3566896019/49741eebf1cedc2e48c7f9727fd3babe_normal.jpeg",
            "profile_image_url_https": "https://pbs.twimg.com/profile_images/3566896019/49741eebf1cedc2e48c7f9727fd3babe_normal.jpeg",
            "profile_link_color": "0084B4",
            "profile_sidebar_border_color": "FFFFFF",
            "profile_sidebar_fill_color": "DDEEF6",
            "profile_text_color": "333333",
            "profile_use_background_image": false,
            "has_extended_profile": false,
            "default_profile": false,
            "default_profile_image": false,
            "following": null,
            "follow_request_sent": null,
            "notifications": null,
            "translator_type": "none"
        },
        "geo": null,
        "coordinates": null,
        "place": null,
        "contributors": null,
        "is_quote_status": false,
        "retweet_count": 2,
        "favorite_count": 3,
        "favorited": false,
        "retweeted": false,
        "possibly_sensitive": false,
        "lang": "en"
    },
    "is_quote_status": false,
    "retweet_count": 2,
    "favorite_count": 0,
    "favorited": false,
    "retweeted": false,
    "lang": "en"
}