{
    "created_at": "Wed Mar 13 23:08:41 +0000 2019",
    "id": 1105968956995719170,
    "id_str": "1105968956995719170",
    "text": "RT @TohAthena: @KennieJD make one of the spending money vids for urban decay pls",
    "truncated": false,
    "entities": {
        "hashtags": [],
        "symbols": [],
        "user_mentions": [
            {
                "screen_name": "TohAthena",
                "name": "ohgodhelpchina\ud83d\udc04",
                "id": 1089384721300090880,
                "id_str": "1089384721300090880",
                "indices": [
                    3,
                    13
                ]
            },
            {
                "screen_name": "KennieJD",
                "name": "IT\u2019S KENNIE K Not The Mulan Matchmaker",
                "id": 2206058088,
                "id_str": "2206058088",
                "indices": [
                    15,
                    24
                ]
            }
        ],
        "urls": []
    },
    "metadata": {
        "iso_language_code": "en",
        "result_type": "recent"
    },
    "source": "<a href=\"http://twitter.com\" rel=\"nofollow\">Twitter Web Client</a>",
    "in_reply_to_status_id": null,
    "in_reply_to_status_id_str": null,
    "in_reply_to_user_id": null,
    "in_reply_to_user_id_str": null,
    "in_reply_to_screen_name": null,
    "user": {
        "id": 1082724347553431552,
        "id_str": "1082724347553431552",
        "name": "Karen D. Hornsby",
        "screen_name": "KarenDHornsby",
        "location": "Very close)",
        "description": "I'll b\u0435 gl\u0430d t\u043e n\u0435w \u0430\u0441qu\u0430intanc\u0435s. I d\u043e n\u043et r\u0435pl\u0443 her\u0435. I \u0441\u043emmuni\u0441at\u0435 her\u0435 https://t.co/ndXF6TZzhK M\u0443 ni\u0441kn\u0430me there @KarenDHornsby \u0415ver\u0443thing is \u0435as\u0443 \u0430nd \u0441le\u0430r",
        "url": null,
        "entities": {
            "description": {
                "urls": [
                    {
                        "url": "https://t.co/ndXF6TZzhK",
                        "expanded_url": "http://dating-buzz.com",
                        "display_url": "dating-buzz.com",
                        "indices": [
                            75,
                            98
                        ]
                    }
                ]
            }
        },
        "protected": false,
        "followers_count": 23,
        "friends_count": 2233,
        "listed_count": 0,
        "created_at": "Tue Jan 08 19:42:55 +0000 2019",
        "favourites_count": 2362,
        "utc_offset": null,
        "time_zone": null,
        "geo_enabled": false,
        "verified": false,
        "statuses_count": 2286,
        "lang": "en",
        "contributors_enabled": false,
        "is_translator": false,
        "is_translation_enabled": false,
        "profile_background_color": "000000",
        "profile_background_image_url": "http://abs.twimg.com/images/themes/theme1/bg.png",
        "profile_background_image_url_https": "https://abs.twimg.com/images/themes/theme1/bg.png",
        "profile_background_tile": false,
        "profile_image_url": "http://pbs.twimg.com/profile_images/1098756246176444416/tZTTjs88_normal.png",
        "profile_image_url_https": "https://pbs.twimg.com/profile_images/1098756246176444416/tZTTjs88_normal.png",
        "profile_banner_url": "https://pbs.twimg.com/profile_banners/1082724347553431552/1550799084",
        "profile_link_color": "19CF86",
        "profile_sidebar_border_color": "000000",
        "profile_sidebar_fill_color": "000000",
        "profile_text_color": "000000",
        "profile_use_background_image": false,
        "has_extended_profile": true,
        "default_profile": false,
        "default_profile_image": false,
        "following": null,
        "follow_request_sent": null,
        "notifications": null,
        "translator_type": "none"
    },
    "geo": null,
    "coordinates": null,
    "place": null,
    "contributors": null,
    "retweeted_status": {
        "created_at": "Wed Mar 13 13:45:40 +0000 2019",
        "id": 1105827269560410112,
        "id_str": "1105827269560410112",
        "text": "@KennieJD make one of the spending money vids for urban decay pls",
        "truncated": false,
        "entities": {
            "hashtags": [],
            "symbols": [],
            "user_mentions": [
                {
                    "screen_name": "KennieJD",
                    "name": "IT\u2019S KENNIE K Not The Mulan Matchmaker",
                    "id": 2206058088,
                    "id_str": "2206058088",
                    "indices": [
                        0,
                        9
                    ]
                }
            ],
            "urls": []
        },
        "metadata": {
            "iso_language_code": "en",
            "result_type": "recent"
        },
        "source": "<a href=\"http://twitter.com/download/android\" rel=\"nofollow\">Twitter for Android</a>",
        "in_reply_to_status_id": null,
        "in_reply_to_status_id_str": null,
        "in_reply_to_user_id": 2206058088,
        "in_reply_to_user_id_str": "2206058088",
        "in_reply_to_screen_name": "KennieJD",
        "user": {
            "id": 1089384721300090880,
            "id_str": "1089384721300090880",
            "name": "ohgodhelpchina\ud83d\udc04",
            "screen_name": "TohAthena",
            "location": "",
            "description": "quackity fan",
            "url": null,
            "entities": {
                "description": {
                    "urls": []
                }
            },
            "protected": false,
            "followers_count": 6,
            "friends_count": 85,
            "listed_count": 0,
            "created_at": "Sun Jan 27 04:48:52 +0000 2019",
            "favourites_count": 439,
            "utc_offset": null,
            "time_zone": null,
            "geo_enabled": false,
            "verified": false,
            "statuses_count": 167,
            "lang": "en",
            "contributors_enabled": false,
            "is_translator": false,
            "is_translation_enabled": false,
            "profile_background_color": "F5F8FA",
            "profile_background_image_url": null,
            "profile_background_image_url_https": null,
            "profile_background_tile": false,
            "profile_image_url": "http://pbs.twimg.com/profile_images/1089385127589818368/563SSuiT_normal.jpg",
            "profile_image_url_https": "https://pbs.twimg.com/profile_images/1089385127589818368/563SSuiT_normal.jpg",
            "profile_banner_url": "https://pbs.twimg.com/profile_banners/1089384721300090880/1548595407",
            "profile_link_color": "1DA1F2",
            "profile_sidebar_border_color": "C0DEED",
            "profile_sidebar_fill_color": "DDEEF6",
            "profile_text_color": "333333",
            "profile_use_background_image": true,
            "has_extended_profile": true,
            "default_profile": true,
            "default_profile_image": false,
            "following": null,
            "follow_request_sent": null,
            "notifications": null,
            "translator_type": "none"
        },
        "geo": null,
        "coordinates": null,
        "place": null,
        "contributors": null,
        "is_quote_status": false,
        "retweet_count": 1,
        "favorite_count": 0,
        "favorited": false,
        "retweeted": false,
        "lang": "en"
    },
    "is_quote_status": false,
    "retweet_count": 1,
    "favorite_count": 0,
    "favorited": false,
    "retweeted": false,
    "lang": "en"
}