{
    "created_at": "Thu Mar 14 01:08:56 +0000 2019",
    "id": 1105999217141710848,
    "id_str": "1105999217141710848",
    "text": "@babyjaetn I recently bought one pallette that's very colorful. Elements by Urban Decay. Still trying to learn my way around using colors.",
    "truncated": false,
    "entities": {
        "hashtags": [],
        "symbols": [],
        "user_mentions": [
            {
                "screen_name": "babyjaetn",
                "name": "Jalaina MacManus\u00b2",
                "id": 126778645,
                "id_str": "126778645",
                "indices": [
                    0,
                    10
                ]
            }
        ],
        "urls": []
    },
    "metadata": {
        "iso_language_code": "en",
        "result_type": "recent"
    },
    "source": "<a href=\"http://twitter.com/download/android\" rel=\"nofollow\">Twitter for Android</a>",
    "in_reply_to_status_id": 1105980889689964546,
    "in_reply_to_status_id_str": "1105980889689964546",
    "in_reply_to_user_id": 126778645,
    "in_reply_to_user_id_str": "126778645",
    "in_reply_to_screen_name": "babyjaetn",
    "user": {
        "id": 826505839712358400,
        "id_str": "826505839712358400",
        "name": "Muse \ud83d\udda4",
        "screen_name": "CaffeinatedMus3",
        "location": "Between the words on the page",
        "description": "Life wasn't meant to be perfect. Heartbreak and pain challenges us to find our true selves. |Avi not me|Ravenclaw with Slytherin traits #Moody #MoodyPixie #OOC",
        "url": null,
        "entities": {
            "description": {
                "urls": []
            }
        },
        "protected": false,
        "followers_count": 190,
        "friends_count": 178,
        "listed_count": 6,
        "created_at": "Tue Jan 31 19:02:02 +0000 2017",
        "favourites_count": 2309,
        "utc_offset": null,
        "time_zone": null,
        "geo_enabled": false,
        "verified": false,
        "statuses_count": 4750,
        "lang": "en",
        "contributors_enabled": false,
        "is_translator": false,
        "is_translation_enabled": false,
        "profile_background_color": "000000",
        "profile_background_image_url": "http://abs.twimg.com/images/themes/theme1/bg.png",
        "profile_background_image_url_https": "https://abs.twimg.com/images/themes/theme1/bg.png",
        "profile_background_tile": false,
        "profile_image_url": "http://pbs.twimg.com/profile_images/1086430146909913088/k3Gnr-1G_normal.jpg",
        "profile_image_url_https": "https://pbs.twimg.com/profile_images/1086430146909913088/k3Gnr-1G_normal.jpg",
        "profile_banner_url": "https://pbs.twimg.com/profile_banners/826505839712358400/1549490275",
        "profile_link_color": "660666",
        "profile_sidebar_border_color": "000000",
        "profile_sidebar_fill_color": "000000",
        "profile_text_color": "000000",
        "profile_use_background_image": false,
        "has_extended_profile": true,
        "default_profile": false,
        "default_profile_image": false,
        "following": null,
        "follow_request_sent": null,
        "notifications": null,
        "translator_type": "none"
    },
    "geo": null,
    "coordinates": null,
    "place": null,
    "contributors": null,
    "is_quote_status": false,
    "retweet_count": 0,
    "favorite_count": 0,
    "favorited": false,
    "retweeted": false,
    "lang": "en"
}