{
    "created_at": "Wed Mar 13 20:18:01 +0000 2019",
    "id": 1105926006030958592,
    "id_str": "1105926006030958592",
    "text": "gracias urban decay por financiarme hasta el d\u00eda de hoy",
    "truncated": false,
    "entities": {
        "hashtags": [],
        "symbols": [],
        "user_mentions": [],
        "urls": []
    },
    "metadata": {
        "iso_language_code": "es",
        "result_type": "recent"
    },
    "source": "<a href=\"http://twitter.com\" rel=\"nofollow\">Twitter Web Client</a>",
    "in_reply_to_status_id": null,
    "in_reply_to_status_id_str": null,
    "in_reply_to_user_id": null,
    "in_reply_to_user_id_str": null,
    "in_reply_to_screen_name": null,
    "user": {
        "id": 295969004,
        "id_str": "295969004",
        "name": ".tct",
        "screen_name": "tecitto",
        "location": "t\u00e9 ",
        "description": "un meme en la vida real.",
        "url": null,
        "entities": {
            "description": {
                "urls": []
            }
        },
        "protected": false,
        "followers_count": 1525,
        "friends_count": 551,
        "listed_count": 37,
        "created_at": "Mon May 09 23:55:02 +0000 2011",
        "favourites_count": 13525,
        "utc_offset": null,
        "time_zone": null,
        "geo_enabled": false,
        "verified": false,
        "statuses_count": 122011,
        "lang": "es",
        "contributors_enabled": false,
        "is_translator": false,
        "is_translation_enabled": false,
        "profile_background_color": "000000",
        "profile_background_image_url": "http://abs.twimg.com/images/themes/theme5/bg.gif",
        "profile_background_image_url_https": "https://abs.twimg.com/images/themes/theme5/bg.gif",
        "profile_background_tile": false,
        "profile_image_url": "http://pbs.twimg.com/profile_images/1104946189357719552/Jw4nj43B_normal.jpg",
        "profile_image_url_https": "https://pbs.twimg.com/profile_images/1104946189357719552/Jw4nj43B_normal.jpg",
        "profile_banner_url": "https://pbs.twimg.com/profile_banners/295969004/1488425280",
        "profile_link_color": "F58EA8",
        "profile_sidebar_border_color": "000000",
        "profile_sidebar_fill_color": "000000",
        "profile_text_color": "000000",
        "profile_use_background_image": false,
        "has_extended_profile": true,
        "default_profile": false,
        "default_profile_image": false,
        "following": null,
        "follow_request_sent": null,
        "notifications": null,
        "translator_type": "regular"
    },
    "geo": null,
    "coordinates": null,
    "place": null,
    "contributors": null,
    "is_quote_status": false,
    "retweet_count": 0,
    "favorite_count": 0,
    "favorited": false,
    "retweeted": false,
    "lang": "es"
}