{
    "created_at": "Thu Mar 14 00:23:36 +0000 2019",
    "id": 1105987806634098688,
    "id_str": "1105987806634098688",
    "text": "@xoxArham sis urban decay perversion mascara is way better than the better than sex",
    "truncated": false,
    "entities": {
        "hashtags": [],
        "symbols": [],
        "user_mentions": [
            {
                "screen_name": "xoxArham",
                "name": "Arham\ud83e\udd73",
                "id": 883479215651291137,
                "id_str": "883479215651291137",
                "indices": [
                    0,
                    9
                ]
            }
        ],
        "urls": []
    },
    "metadata": {
        "iso_language_code": "en",
        "result_type": "recent"
    },
    "source": "<a href=\"http://twitter.com/download/iphone\" rel=\"nofollow\">Twitter for iPhone</a>",
    "in_reply_to_status_id": 1105981618769068032,
    "in_reply_to_status_id_str": "1105981618769068032",
    "in_reply_to_user_id": 883479215651291137,
    "in_reply_to_user_id_str": "883479215651291137",
    "in_reply_to_screen_name": "xoxArham",
    "user": {
        "id": 1049766143395880960,
        "id_str": "1049766143395880960",
        "name": "Nubah",
        "screen_name": "nubah2turntt",
        "location": "florida",
        "description": "i enjoy watching vine compilations",
        "url": null,
        "entities": {
            "description": {
                "urls": []
            }
        },
        "protected": false,
        "followers_count": 278,
        "friends_count": 318,
        "listed_count": 0,
        "created_at": "Tue Oct 09 20:58:47 +0000 2018",
        "favourites_count": 887,
        "utc_offset": null,
        "time_zone": null,
        "geo_enabled": false,
        "verified": false,
        "statuses_count": 1603,
        "lang": "en",
        "contributors_enabled": false,
        "is_translator": false,
        "is_translation_enabled": false,
        "profile_background_color": "F5F8FA",
        "profile_background_image_url": null,
        "profile_background_image_url_https": null,
        "profile_background_tile": false,
        "profile_image_url": "http://pbs.twimg.com/profile_images/1102605034909585408/_iWYrBM8_normal.jpg",
        "profile_image_url_https": "https://pbs.twimg.com/profile_images/1102605034909585408/_iWYrBM8_normal.jpg",
        "profile_banner_url": "https://pbs.twimg.com/profile_banners/1049766143395880960/1551234873",
        "profile_link_color": "1DA1F2",
        "profile_sidebar_border_color": "C0DEED",
        "profile_sidebar_fill_color": "DDEEF6",
        "profile_text_color": "333333",
        "profile_use_background_image": true,
        "has_extended_profile": true,
        "default_profile": true,
        "default_profile_image": false,
        "following": null,
        "follow_request_sent": null,
        "notifications": null,
        "translator_type": "none"
    },
    "geo": null,
    "coordinates": null,
    "place": null,
    "contributors": null,
    "is_quote_status": false,
    "retweet_count": 0,
    "favorite_count": 1,
    "favorited": false,
    "retweeted": false,
    "lang": "en"
}