{
    "created_at": "Wed Mar 13 21:59:59 +0000 2019",
    "id": 1105951667533611009,
    "id_str": "1105951667533611009",
    "text": "@StyleNBeautyDoc Urban Decay All Nighter setting spray. I rarely wear makeup.",
    "truncated": false,
    "entities": {
        "hashtags": [],
        "symbols": [],
        "user_mentions": [
            {
                "screen_name": "StyleNBeautyDoc",
                "name": "Danielle Gray",
                "id": 16716726,
                "id_str": "16716726",
                "indices": [
                    0,
                    16
                ]
            }
        ],
        "urls": []
    },
    "metadata": {
        "iso_language_code": "en",
        "result_type": "recent"
    },
    "source": "<a href=\"https://mobile.twitter.com\" rel=\"nofollow\">Twitter Web App</a>",
    "in_reply_to_status_id": 1105872424707518465,
    "in_reply_to_status_id_str": "1105872424707518465",
    "in_reply_to_user_id": 16716726,
    "in_reply_to_user_id_str": "16716726",
    "in_reply_to_screen_name": "StyleNBeautyDoc",
    "user": {
        "id": 150462711,
        "id_str": "150462711",
        "name": "Vanessa R. Williams",
        "screen_name": "NessaRWilliams",
        "location": "Northern Virginia",
        "description": "Writer/Content Strategist with a love for dope products + design. Expert in buying stuff I don\u2019t need from Target. info@vanessarwilliams.com",
        "url": "https://t.co/0XatoN7yWT",
        "entities": {
            "url": {
                "urls": [
                    {
                        "url": "https://t.co/0XatoN7yWT",
                        "expanded_url": "http://bit.ly/vrw-quicklinks",
                        "display_url": "bit.ly/vrw-quicklinks",
                        "indices": [
                            0,
                            23
                        ]
                    }
                ]
            },
            "description": {
                "urls": []
            }
        },
        "protected": false,
        "followers_count": 8784,
        "friends_count": 358,
        "listed_count": 416,
        "created_at": "Tue Jun 01 00:38:49 +0000 2010",
        "favourites_count": 6897,
        "utc_offset": null,
        "time_zone": null,
        "geo_enabled": true,
        "verified": false,
        "statuses_count": 49461,
        "lang": "en",
        "contributors_enabled": false,
        "is_translator": false,
        "is_translation_enabled": false,
        "profile_background_color": "262629",
        "profile_background_image_url": "http://abs.twimg.com/images/themes/theme1/bg.png",
        "profile_background_image_url_https": "https://abs.twimg.com/images/themes/theme1/bg.png",
        "profile_background_tile": false,
        "profile_image_url": "http://pbs.twimg.com/profile_images/1096497800576147462/51wXaEqf_normal.jpg",
        "profile_image_url_https": "https://pbs.twimg.com/profile_images/1096497800576147462/51wXaEqf_normal.jpg",
        "profile_banner_url": "https://pbs.twimg.com/profile_banners/150462711/1455298222",
        "profile_link_color": "4E0A53",
        "profile_sidebar_border_color": "FFFFFF",
        "profile_sidebar_fill_color": "F5F5F5",
        "profile_text_color": "000000",
        "profile_use_background_image": false,
        "has_extended_profile": true,
        "default_profile": false,
        "default_profile_image": false,
        "following": null,
        "follow_request_sent": null,
        "notifications": null,
        "translator_type": "none"
    },
    "geo": null,
    "coordinates": null,
    "place": null,
    "contributors": null,
    "is_quote_status": false,
    "retweet_count": 1,
    "favorite_count": 1,
    "favorited": false,
    "retweeted": false,
    "lang": "en"
}