{
    "created_at": "Wed Mar 13 23:46:31 +0000 2019",
    "id": 1105978476446670848,
    "id_str": "1105978476446670848",
    "text": "@hellafoxi Urban Decay has a few out. I\u2019ve used them to set my bellydance makeup, and I believe they did a good job\u2026 https://t.co/kwjqGYyLzQ",
    "truncated": true,
    "entities": {
        "hashtags": [],
        "symbols": [],
        "user_mentions": [
            {
                "screen_name": "hellafoxi",
                "name": "\ud83d\udc3a hella fox, i \ud83e\udd8a",
                "id": 3192334410,
                "id_str": "3192334410",
                "indices": [
                    0,
                    10
                ]
            }
        ],
        "urls": [
            {
                "url": "https://t.co/kwjqGYyLzQ",
                "expanded_url": "https://twitter.com/i/web/status/1105978476446670848",
                "display_url": "twitter.com/i/web/status/1\u2026",
                "indices": [
                    117,
                    140
                ]
            }
        ]
    },
    "metadata": {
        "iso_language_code": "en",
        "result_type": "recent"
    },
    "source": "<a href=\"http://twitter.com/download/iphone\" rel=\"nofollow\">Twitter for iPhone</a>",
    "in_reply_to_status_id": 1105977669487779840,
    "in_reply_to_status_id_str": "1105977669487779840",
    "in_reply_to_user_id": 3192334410,
    "in_reply_to_user_id_str": "3192334410",
    "in_reply_to_screen_name": "hellafoxi",
    "user": {
        "id": 3751420460,
        "id_str": "3751420460",
        "name": "'Tica",
        "screen_name": "VinoTica",
        "location": "California, USA",
        "description": "I still think the '80s was 10 years ago.",
        "url": null,
        "entities": {
            "description": {
                "urls": []
            }
        },
        "protected": false,
        "followers_count": 1474,
        "friends_count": 333,
        "listed_count": 78,
        "created_at": "Thu Oct 01 20:15:16 +0000 2015",
        "favourites_count": 228231,
        "utc_offset": null,
        "time_zone": null,
        "geo_enabled": false,
        "verified": false,
        "statuses_count": 20581,
        "lang": "en",
        "contributors_enabled": false,
        "is_translator": false,
        "is_translation_enabled": false,
        "profile_background_color": "C0DEED",
        "profile_background_image_url": "http://abs.twimg.com/images/themes/theme1/bg.png",
        "profile_background_image_url_https": "https://abs.twimg.com/images/themes/theme1/bg.png",
        "profile_background_tile": false,
        "profile_image_url": "http://pbs.twimg.com/profile_images/1078161058429165570/8xnJCbMI_normal.jpg",
        "profile_image_url_https": "https://pbs.twimg.com/profile_images/1078161058429165570/8xnJCbMI_normal.jpg",
        "profile_banner_url": "https://pbs.twimg.com/profile_banners/3751420460/1548397551",
        "profile_link_color": "1DA1F2",
        "profile_sidebar_border_color": "C0DEED",
        "profile_sidebar_fill_color": "DDEEF6",
        "profile_text_color": "333333",
        "profile_use_background_image": true,
        "has_extended_profile": false,
        "default_profile": true,
        "default_profile_image": false,
        "following": null,
        "follow_request_sent": null,
        "notifications": null,
        "translator_type": "none"
    },
    "geo": null,
    "coordinates": null,
    "place": null,
    "contributors": null,
    "is_quote_status": false,
    "retweet_count": 0,
    "favorite_count": 1,
    "favorited": false,
    "retweeted": false,
    "lang": "en"
}