{
    "created_at": "Wed Mar 13 14:48:14 +0000 2019",
    "id": 1105843011869728768,
    "id_str": "1105843011869728768",
    "text": "Fenty Beauty, Urban Decay, Benefit, Nars https://t.co/S3oTId691i",
    "truncated": false,
    "entities": {
        "hashtags": [],
        "symbols": [],
        "user_mentions": [],
        "urls": [
            {
                "url": "https://t.co/S3oTId691i",
                "expanded_url": "https://twitter.com/i_bounty/status/1105809154072109058",
                "display_url": "twitter.com/i_bounty/statu\u2026",
                "indices": [
                    41,
                    64
                ]
            }
        ]
    },
    "metadata": {
        "iso_language_code": "en",
        "result_type": "recent"
    },
    "source": "<a href=\"http://twitter.com/download/iphone\" rel=\"nofollow\">Twitter for iPhone</a>",
    "in_reply_to_status_id": null,
    "in_reply_to_status_id_str": null,
    "in_reply_to_user_id": null,
    "in_reply_to_user_id_str": null,
    "in_reply_to_screen_name": null,
    "user": {
        "id": 3350537289,
        "id_str": "3350537289",
        "name": "\ud83e\udd7a\u2618\ufe0f",
        "screen_name": "itsrouguy",
        "location": "Paris, France",
        "description": "we \u2708\ufe0f \u82b1\u6a23\u5e74\u83ef | j\u2019aime le @fcbarcelona aussi",
        "url": "https://t.co/zYJkX6Upu7",
        "entities": {
            "url": {
                "urls": [
                    {
                        "url": "https://t.co/zYJkX6Upu7",
                        "expanded_url": "https://youtu.be/5Wn85Ge22FQ",
                        "display_url": "youtu.be/5Wn85Ge22FQ",
                        "indices": [
                            0,
                            23
                        ]
                    }
                ]
            },
            "description": {
                "urls": []
            }
        },
        "protected": false,
        "followers_count": 313,
        "friends_count": 206,
        "listed_count": 6,
        "created_at": "Mon Jun 29 10:33:50 +0000 2015",
        "favourites_count": 7133,
        "utc_offset": null,
        "time_zone": null,
        "geo_enabled": true,
        "verified": false,
        "statuses_count": 15525,
        "lang": "fr",
        "contributors_enabled": false,
        "is_translator": false,
        "is_translation_enabled": false,
        "profile_background_color": "000000",
        "profile_background_image_url": "http://abs.twimg.com/images/themes/theme1/bg.png",
        "profile_background_image_url_https": "https://abs.twimg.com/images/themes/theme1/bg.png",
        "profile_background_tile": false,
        "profile_image_url": "http://pbs.twimg.com/profile_images/1105570926282919946/-PtXvUdD_normal.jpg",
        "profile_image_url_https": "https://pbs.twimg.com/profile_images/1105570926282919946/-PtXvUdD_normal.jpg",
        "profile_banner_url": "https://pbs.twimg.com/profile_banners/3350537289/1550342307",
        "profile_link_color": "ABB8C2",
        "profile_sidebar_border_color": "000000",
        "profile_sidebar_fill_color": "000000",
        "profile_text_color": "000000",
        "profile_use_background_image": false,
        "has_extended_profile": true,
        "default_profile": false,
        "default_profile_image": false,
        "following": null,
        "follow_request_sent": null,
        "notifications": null,
        "translator_type": "none"
    },
    "geo": null,
    "coordinates": null,
    "place": null,
    "contributors": null,
    "is_quote_status": true,
    "quoted_status_id": 1105809154072109058,
    "quoted_status_id_str": "1105809154072109058",
    "quoted_status": {
        "created_at": "Wed Mar 13 12:33:41 +0000 2019",
        "id": 1105809154072109058,
        "id_str": "1105809154072109058",
        "text": "si tu te makeup conseille moi tes marques favs j'prends notes",
        "truncated": false,
        "entities": {
            "hashtags": [],
            "symbols": [],
            "user_mentions": [],
            "urls": []
        },
        "metadata": {
            "iso_language_code": "en",
            "result_type": "recent"
        },
        "source": "<a href=\"http://twitter.com/download/android\" rel=\"nofollow\">Twitter for Android</a>",
        "in_reply_to_status_id": 1105604523878481921,
        "in_reply_to_status_id_str": "1105604523878481921",
        "in_reply_to_user_id": 744948115464134656,
        "in_reply_to_user_id_str": "744948115464134656",
        "in_reply_to_screen_name": "i_bounty",
        "user": {
            "id": 744948115464134656,
            "id_str": "744948115464134656",
            "name": "imane \u2708\ufe0f VIP \ud83c\udf89\ud83c\udf89",
            "screen_name": "i_bounty",
            "location": "07.06.19 H1 | 08.06.19 P23 \ud83c\udf89",
            "description": "20 yo \ud83c\uddeb\ud83c\uddf7 \ud83c\uddf0\ud83c\uddf7",
            "url": "https://t.co/FmDPsyo8D2",
            "entities": {
                "url": {
                    "urls": [
                        {
                            "url": "https://t.co/FmDPsyo8D2",
                            "expanded_url": "https://curiouscat.me/i_bounty",
                            "display_url": "curiouscat.me/i_bounty",
                            "indices": [
                                0,
                                23
                            ]
                        }
                    ]
                },
                "description": {
                    "urls": []
                }
            },
            "protected": false,
            "followers_count": 537,
            "friends_count": 645,
            "listed_count": 8,
            "created_at": "Mon Jun 20 17:40:46 +0000 2016",
            "favourites_count": 19088,
            "utc_offset": null,
            "time_zone": null,
            "geo_enabled": false,
            "verified": false,
            "statuses_count": 8974,
            "lang": "fr",
            "contributors_enabled": false,
            "is_translator": false,
            "is_translation_enabled": false,
            "profile_background_color": "F5F8FA",
            "profile_background_image_url": null,
            "profile_background_image_url_https": null,
            "profile_background_tile": false,
            "profile_image_url": "http://pbs.twimg.com/profile_images/1104499186978967553/rcGIIcFn_normal.jpg",
            "profile_image_url_https": "https://pbs.twimg.com/profile_images/1104499186978967553/rcGIIcFn_normal.jpg",
            "profile_banner_url": "https://pbs.twimg.com/profile_banners/744948115464134656/1552168100",
            "profile_link_color": "1DA1F2",
            "profile_sidebar_border_color": "C0DEED",
            "profile_sidebar_fill_color": "DDEEF6",
            "profile_text_color": "333333",
            "profile_use_background_image": true,
            "has_extended_profile": true,
            "default_profile": true,
            "default_profile_image": false,
            "following": null,
            "follow_request_sent": null,
            "notifications": null,
            "translator_type": "none"
        },
        "geo": null,
        "coordinates": null,
        "place": null,
        "contributors": null,
        "is_quote_status": false,
        "retweet_count": 0,
        "favorite_count": 3,
        "favorited": false,
        "retweeted": false,
        "lang": "fr"
    },
    "retweet_count": 0,
    "favorite_count": 1,
    "favorited": false,
    "retweeted": false,
    "possibly_sensitive": false,
    "lang": "en"
}