{
    "created_at": "Wed Mar 13 15:52:19 +0000 2019",
    "id": 1105859139455078407,
    "id_str": "1105859139455078407",
    "text": "@blkgirlculture Urban decay naked concealer",
    "truncated": false,
    "entities": {
        "hashtags": [],
        "symbols": [],
        "user_mentions": [
            {
                "screen_name": "blkgirlculture",
                "name": "Black Girl Culture",
                "id": 2886006935,
                "id_str": "2886006935",
                "indices": [
                    0,
                    15
                ]
            }
        ],
        "urls": []
    },
    "metadata": {
        "iso_language_code": "en",
        "result_type": "recent"
    },
    "source": "<a href=\"http://twitter.com/download/iphone\" rel=\"nofollow\">Twitter for iPhone</a>",
    "in_reply_to_status_id": 1105816669774139392,
    "in_reply_to_status_id_str": "1105816669774139392",
    "in_reply_to_user_id": 2886006935,
    "in_reply_to_user_id_str": "2886006935",
    "in_reply_to_screen_name": "blkgirlculture",
    "user": {
        "id": 633125382,
        "id_str": "633125382",
        "name": "Normal",
        "screen_name": "kissme_imKayla",
        "location": "Cincinnati OH,  ",
        "description": "Spontaneity, simplicity, and naturalness | one creamer, two artificial sweeteners | #WrightState19",
        "url": null,
        "entities": {
            "description": {
                "urls": []
            }
        },
        "protected": false,
        "followers_count": 1113,
        "friends_count": 1296,
        "listed_count": 2,
        "created_at": "Wed Jul 11 16:53:01 +0000 2012",
        "favourites_count": 4411,
        "utc_offset": null,
        "time_zone": null,
        "geo_enabled": true,
        "verified": false,
        "statuses_count": 24753,
        "lang": "en",
        "contributors_enabled": false,
        "is_translator": false,
        "is_translation_enabled": false,
        "profile_background_color": "C0DEED",
        "profile_background_image_url": "http://abs.twimg.com/images/themes/theme1/bg.png",
        "profile_background_image_url_https": "https://abs.twimg.com/images/themes/theme1/bg.png",
        "profile_background_tile": false,
        "profile_image_url": "http://pbs.twimg.com/profile_images/1088468727404863488/LKQVu48V_normal.jpg",
        "profile_image_url_https": "https://pbs.twimg.com/profile_images/1088468727404863488/LKQVu48V_normal.jpg",
        "profile_banner_url": "https://pbs.twimg.com/profile_banners/633125382/1474546748",
        "profile_link_color": "1DA1F2",
        "profile_sidebar_border_color": "C0DEED",
        "profile_sidebar_fill_color": "DDEEF6",
        "profile_text_color": "333333",
        "profile_use_background_image": true,
        "has_extended_profile": true,
        "default_profile": true,
        "default_profile_image": false,
        "following": null,
        "follow_request_sent": null,
        "notifications": null,
        "translator_type": "none"
    },
    "geo": null,
    "coordinates": null,
    "place": null,
    "contributors": null,
    "is_quote_status": false,
    "retweet_count": 0,
    "favorite_count": 0,
    "favorited": false,
    "retweeted": false,
    "lang": "en"
}