{
    "created_at": "Wed Mar 13 21:14:55 +0000 2019",
    "id": 1105940326567546881,
    "id_str": "1105940326567546881",
    "text": "@lpzncle You know what product I love for a natural finish? Urban decay one and done. It\u2019s AWESOME \ud83d\ude0d",
    "truncated": false,
    "entities": {
        "hashtags": [],
        "symbols": [],
        "user_mentions": [
            {
                "screen_name": "lpzncle",
                "name": "\ud835\udcab\ud835\udc5c\ud835\udcb7\ud835\udcc7\ud835\udc52  \ud835\udc9f\ud835\udcbe\ud835\udcb6\ud835\udcb7\ud835\udcc1\ud835\udcb6",
                "id": 809603954569056257,
                "id_str": "809603954569056257",
                "indices": [
                    0,
                    8
                ]
            }
        ],
        "urls": []
    },
    "metadata": {
        "iso_language_code": "en",
        "result_type": "recent"
    },
    "source": "<a href=\"http://twitter.com/download/iphone\" rel=\"nofollow\">Twitter for iPhone</a>",
    "in_reply_to_status_id": 1105937424264257537,
    "in_reply_to_status_id_str": "1105937424264257537",
    "in_reply_to_user_id": 809603954569056257,
    "in_reply_to_user_id_str": "809603954569056257",
    "in_reply_to_screen_name": "lpzncle",
    "user": {
        "id": 114326582,
        "id_str": "114326582",
        "name": "thots & prayers",
        "screen_name": "DrYvieAcula",
        "location": "El Paso, TX",
        "description": "\u039a\u0394\u03a7 \u2022 Educated Latina \u2022 TTU \u201814 \u201819 \ud83c\udf93\u2022 #ItsAllGoodEP",
        "url": null,
        "entities": {
            "description": {
                "urls": []
            }
        },
        "protected": false,
        "followers_count": 1031,
        "friends_count": 847,
        "listed_count": 10,
        "created_at": "Mon Feb 15 01:18:45 +0000 2010",
        "favourites_count": 1933,
        "utc_offset": null,
        "time_zone": null,
        "geo_enabled": true,
        "verified": false,
        "statuses_count": 89699,
        "lang": "en",
        "contributors_enabled": false,
        "is_translator": false,
        "is_translation_enabled": false,
        "profile_background_color": "1A1B1F",
        "profile_background_image_url": "http://abs.twimg.com/images/themes/theme9/bg.gif",
        "profile_background_image_url_https": "https://abs.twimg.com/images/themes/theme9/bg.gif",
        "profile_background_tile": false,
        "profile_image_url": "http://pbs.twimg.com/profile_images/1101359144056037376/soMdXNVF_normal.jpg",
        "profile_image_url_https": "https://pbs.twimg.com/profile_images/1101359144056037376/soMdXNVF_normal.jpg",
        "profile_banner_url": "https://pbs.twimg.com/profile_banners/114326582/1528086569",
        "profile_link_color": "F58EA8",
        "profile_sidebar_border_color": "000000",
        "profile_sidebar_fill_color": "252429",
        "profile_text_color": "666666",
        "profile_use_background_image": false,
        "has_extended_profile": true,
        "default_profile": false,
        "default_profile_image": false,
        "following": null,
        "follow_request_sent": null,
        "notifications": null,
        "translator_type": "none"
    },
    "geo": null,
    "coordinates": null,
    "place": null,
    "contributors": null,
    "is_quote_status": false,
    "retweet_count": 0,
    "favorite_count": 2,
    "favorited": false,
    "retweeted": false,
    "lang": "en"
}