{
    "created_at": "Wed Mar 13 23:07:38 +0000 2019",
    "id": 1105968689726324742,
    "id_str": "1105968689726324742",
    "text": "@UrbanDecay @hudabeauty @LOrealParisUSA @ABHcosmetics @norvina1 @PIXIBeauty Aw thank Urban \ud83d\udc9c\ud83d\udc9c\ud83d\udc9c\ud83d\udc4f\ud83c\udffc\ud83d\udc4f\ud83c\udffc",
    "truncated": false,
    "entities": {
        "hashtags": [],
        "symbols": [],
        "user_mentions": [
            {
                "screen_name": "UrbanDecay",
                "name": "Urban Decay",
                "id": 18912121,
                "id_str": "18912121",
                "indices": [
                    0,
                    11
                ]
            },
            {
                "screen_name": "hudabeauty",
                "name": "Huda Beauty",
                "id": 129307263,
                "id_str": "129307263",
                "indices": [
                    12,
                    23
                ]
            },
            {
                "screen_name": "LOrealParisUSA",
                "name": "L'Or\u00e9al Paris USA",
                "id": 87222643,
                "id_str": "87222643",
                "indices": [
                    24,
                    39
                ]
            },
            {
                "screen_name": "ABHcosmetics",
                "name": "ABH Cosmetics",
                "id": 50089673,
                "id_str": "50089673",
                "indices": [
                    40,
                    53
                ]
            },
            {
                "screen_name": "norvina1",
                "name": "norvina",
                "id": 2516590279,
                "id_str": "2516590279",
                "indices": [
                    54,
                    63
                ]
            },
            {
                "screen_name": "PIXIBeauty",
                "name": "Pixi by Petra",
                "id": 31077182,
                "id_str": "31077182",
                "indices": [
                    64,
                    75
                ]
            }
        ],
        "urls": []
    },
    "metadata": {
        "iso_language_code": "en",
        "result_type": "recent"
    },
    "source": "<a href=\"http://twitter.com/download/iphone\" rel=\"nofollow\">Twitter for iPhone</a>",
    "in_reply_to_status_id": 1105968536004882432,
    "in_reply_to_status_id_str": "1105968536004882432",
    "in_reply_to_user_id": 18912121,
    "in_reply_to_user_id_str": "18912121",
    "in_reply_to_screen_name": "UrbanDecay",
    "user": {
        "id": 2586842597,
        "id_str": "2586842597",
        "name": "\u1d0d\u1d00\u1d0b\u1d07\u1d1c\u1d18 \u0299\u028f \u1d0d\u026a\u1d04\u1d00\u028f\u029f\u1d00\u029c \u2728",
        "screen_name": "micaylahtweets",
        "location": "Tavares, FL",
        "description": "embrace the biracial \u27b0 | Influencer #MakeupTutorials \ud83c\udfa5 https://t.co/coI5YGeOlb \ud83d\udcf8 | 24 \u2648\ufe0f \u2022\u2022 @dennomosthated \u2764\ufe0f\ud83e\udd1e\ud83c\udffc \u2022\u2022  let\u2019s talk Makeup \u2728",
        "url": "https://t.co/xJQsQyRZj7",
        "entities": {
            "url": {
                "urls": [
                    {
                        "url": "https://t.co/xJQsQyRZj7",
                        "expanded_url": "https://youtube.com/c/makeupbymicaylah",
                        "display_url": "youtube.com/c/makeupbymica\u2026",
                        "indices": [
                            0,
                            23
                        ]
                    }
                ]
            },
            "description": {
                "urls": [
                    {
                        "url": "https://t.co/coI5YGeOlb",
                        "expanded_url": "http://www.instagram.com/makeupbymicaylah",
                        "display_url": "instagram.com/makeupbymicayl\u2026",
                        "indices": [
                            55,
                            78
                        ]
                    }
                ]
            }
        },
        "protected": false,
        "followers_count": 1798,
        "friends_count": 1114,
        "listed_count": 15,
        "created_at": "Fri Jun 06 11:51:17 +0000 2014",
        "favourites_count": 11169,
        "utc_offset": null,
        "time_zone": null,
        "geo_enabled": false,
        "verified": false,
        "statuses_count": 14122,
        "lang": "en",
        "contributors_enabled": false,
        "is_translator": false,
        "is_translation_enabled": false,
        "profile_background_color": "000000",
        "profile_background_image_url": "http://abs.twimg.com/images/themes/theme1/bg.png",
        "profile_background_image_url_https": "https://abs.twimg.com/images/themes/theme1/bg.png",
        "profile_background_tile": false,
        "profile_image_url": "http://pbs.twimg.com/profile_images/1105317835017019392/GKIY4R_t_normal.jpg",
        "profile_image_url_https": "https://pbs.twimg.com/profile_images/1105317835017019392/GKIY4R_t_normal.jpg",
        "profile_banner_url": "https://pbs.twimg.com/profile_banners/2586842597/1552168730",
        "profile_link_color": "9266CC",
        "profile_sidebar_border_color": "000000",
        "profile_sidebar_fill_color": "000000",
        "profile_text_color": "000000",
        "profile_use_background_image": false,
        "has_extended_profile": true,
        "default_profile": false,
        "default_profile_image": false,
        "following": null,
        "follow_request_sent": null,
        "notifications": null,
        "translator_type": "none"
    },
    "geo": null,
    "coordinates": null,
    "place": null,
    "contributors": null,
    "is_quote_status": false,
    "retweet_count": 0,
    "favorite_count": 1,
    "favorited": false,
    "retweeted": false,
    "lang": "en"
}