{
    "created_at": "Wed Mar 13 23:54:14 +0000 2019",
    "id": 1105980419105849344,
    "id_str": "1105980419105849344",
    "text": "RT @foxnewsradio: On the latest edition of #TheOne #podcast, @greggutfeld is joined by Bill @pulte, founder of the non-profit organization\u2026",
    "truncated": false,
    "entities": {
        "hashtags": [
            {
                "text": "TheOne",
                "indices": [
                    43,
                    50
                ]
            },
            {
                "text": "podcast",
                "indices": [
                    51,
                    59
                ]
            }
        ],
        "symbols": [],
        "user_mentions": [
            {
                "screen_name": "foxnewsradio",
                "name": "FOX News Radio",
                "id": 11611052,
                "id_str": "11611052",
                "indices": [
                    3,
                    16
                ]
            },
            {
                "screen_name": "greggutfeld",
                "name": "GregGutfeld",
                "id": 28628850,
                "id_str": "28628850",
                "indices": [
                    61,
                    73
                ]
            },
            {
                "screen_name": "pulte",
                "name": "Bill Pulte",
                "id": 25029495,
                "id_str": "25029495",
                "indices": [
                    92,
                    98
                ]
            }
        ],
        "urls": []
    },
    "metadata": {
        "iso_language_code": "en",
        "result_type": "recent"
    },
    "source": "<a href=\"http://twitter.com/download/iphone\" rel=\"nofollow\">Twitter for iPhone</a>",
    "in_reply_to_status_id": null,
    "in_reply_to_status_id_str": null,
    "in_reply_to_user_id": null,
    "in_reply_to_user_id_str": null,
    "in_reply_to_screen_name": null,
    "user": {
        "id": 25029495,
        "id_str": "25029495",
        "name": "Bill Pulte",
        "screen_name": "pulte",
        "location": "USA",
        "description": "\u201dUSA\u2019s Blight Fighter\u201d and Pulte Capital CEO",
        "url": null,
        "entities": {
            "description": {
                "urls": []
            }
        },
        "protected": false,
        "followers_count": 33729,
        "friends_count": 1592,
        "listed_count": 182,
        "created_at": "Wed Mar 18 04:44:13 +0000 2009",
        "favourites_count": 21,
        "utc_offset": null,
        "time_zone": null,
        "geo_enabled": false,
        "verified": true,
        "statuses_count": 3911,
        "lang": "en",
        "contributors_enabled": false,
        "is_translator": false,
        "is_translation_enabled": false,
        "profile_background_color": "022330",
        "profile_background_image_url": "http://abs.twimg.com/images/themes/theme15/bg.png",
        "profile_background_image_url_https": "https://abs.twimg.com/images/themes/theme15/bg.png",
        "profile_background_tile": false,
        "profile_image_url": "http://pbs.twimg.com/profile_images/1028381177613299712/cGCsGB8x_normal.jpg",
        "profile_image_url_https": "https://pbs.twimg.com/profile_images/1028381177613299712/cGCsGB8x_normal.jpg",
        "profile_banner_url": "https://pbs.twimg.com/profile_banners/25029495/1532118834",
        "profile_link_color": "0084B4",
        "profile_sidebar_border_color": "A8C7F7",
        "profile_sidebar_fill_color": "C0DFEC",
        "profile_text_color": "333333",
        "profile_use_background_image": true,
        "has_extended_profile": true,
        "default_profile": false,
        "default_profile_image": false,
        "following": null,
        "follow_request_sent": null,
        "notifications": null,
        "translator_type": "none"
    },
    "geo": null,
    "coordinates": null,
    "place": null,
    "contributors": null,
    "retweeted_status": {
        "created_at": "Wed Mar 13 21:45:08 +0000 2019",
        "id": 1105947930786185222,
        "id_str": "1105947930786185222",
        "text": "On the latest edition of #TheOne #podcast, @greggutfeld is joined by Bill @pulte, founder of the non-profit organiz\u2026 https://t.co/eBnUyhnT1v",
        "truncated": true,
        "entities": {
            "hashtags": [
                {
                    "text": "TheOne",
                    "indices": [
                        25,
                        32
                    ]
                },
                {
                    "text": "podcast",
                    "indices": [
                        33,
                        41
                    ]
                }
            ],
            "symbols": [],
            "user_mentions": [
                {
                    "screen_name": "greggutfeld",
                    "name": "GregGutfeld",
                    "id": 28628850,
                    "id_str": "28628850",
                    "indices": [
                        43,
                        55
                    ]
                },
                {
                    "screen_name": "pulte",
                    "name": "Bill Pulte",
                    "id": 25029495,
                    "id_str": "25029495",
                    "indices": [
                        74,
                        80
                    ]
                }
            ],
            "urls": [
                {
                    "url": "https://t.co/eBnUyhnT1v",
                    "expanded_url": "https://twitter.com/i/web/status/1105947930786185222",
                    "display_url": "twitter.com/i/web/status/1\u2026",
                    "indices": [
                        117,
                        140
                    ]
                }
            ]
        },
        "metadata": {
            "iso_language_code": "en",
            "result_type": "recent"
        },
        "source": "<a href=\"https://www.hootsuite.com\" rel=\"nofollow\">Hootsuite Inc.</a>",
        "in_reply_to_status_id": null,
        "in_reply_to_status_id_str": null,
        "in_reply_to_user_id": null,
        "in_reply_to_user_id_str": null,
        "in_reply_to_screen_name": null,
        "user": {
            "id": 11611052,
            "id_str": "11611052",
            "name": "FOX News Radio",
            "screen_name": "foxnewsradio",
            "location": "FOX News Channel",
            "description": "The power of FOX News on the Radio!",
            "url": "https://t.co/HRq0UZwTpj",
            "entities": {
                "url": {
                    "urls": [
                        {
                            "url": "https://t.co/HRq0UZwTpj",
                            "expanded_url": "http://www.foxnewsradio.com",
                            "display_url": "foxnewsradio.com",
                            "indices": [
                                0,
                                23
                            ]
                        }
                    ]
                },
                "description": {
                    "urls": []
                }
            },
            "protected": false,
            "followers_count": 133792,
            "friends_count": 300,
            "listed_count": 3337,
            "created_at": "Fri Dec 28 21:33:23 +0000 2007",
            "favourites_count": 197,
            "utc_offset": null,
            "time_zone": null,
            "geo_enabled": true,
            "verified": true,
            "statuses_count": 84823,
            "lang": "en",
            "contributors_enabled": false,
            "is_translator": false,
            "is_translation_enabled": false,
            "profile_background_color": "1A1B1F",
            "profile_background_image_url": "http://abs.twimg.com/images/themes/theme6/bg.gif",
            "profile_background_image_url_https": "https://abs.twimg.com/images/themes/theme6/bg.gif",
            "profile_background_tile": false,
            "profile_image_url": "http://pbs.twimg.com/profile_images/925468541666525185/GMZaXFic_normal.jpg",
            "profile_image_url_https": "https://pbs.twimg.com/profile_images/925468541666525185/GMZaXFic_normal.jpg",
            "profile_banner_url": "https://pbs.twimg.com/profile_banners/11611052/1509483861",
            "profile_link_color": "2FC2EF",
            "profile_sidebar_border_color": "181A1E",
            "profile_sidebar_fill_color": "252429",
            "profile_text_color": "666666",
            "profile_use_background_image": false,
            "has_extended_profile": false,
            "default_profile": false,
            "default_profile_image": false,
            "following": null,
            "follow_request_sent": null,
            "notifications": null,
            "translator_type": "none"
        },
        "geo": null,
        "coordinates": null,
        "place": null,
        "contributors": null,
        "is_quote_status": false,
        "retweet_count": 5,
        "favorite_count": 9,
        "favorited": false,
        "retweeted": false,
        "possibly_sensitive": false,
        "lang": "en"
    },
    "is_quote_status": false,
    "retweet_count": 5,
    "favorite_count": 0,
    "favorited": false,
    "retweeted": false,
    "lang": "en"
}