{
    "created_at": "Thu Mar 14 00:16:31 +0000 2019",
    "id": 1105986024184778752,
    "id_str": "1105986024184778752",
    "text": "The water shortage rant vids I see in my feed are very urban decay aesthetic. Parang Lino Brocka/Ishmael Bernal movie lang.",
    "truncated": false,
    "entities": {
        "hashtags": [],
        "symbols": [],
        "user_mentions": [],
        "urls": []
    },
    "metadata": {
        "iso_language_code": "en",
        "result_type": "recent"
    },
    "source": "<a href=\"http://twitter.com/download/iphone\" rel=\"nofollow\">Twitter for iPhone</a>",
    "in_reply_to_status_id": null,
    "in_reply_to_status_id_str": null,
    "in_reply_to_user_id": null,
    "in_reply_to_user_id_str": null,
    "in_reply_to_screen_name": null,
    "user": {
        "id": 25259384,
        "id_str": "25259384",
        "name": "Jayce C. Perlas",
        "screen_name": "jcperlas",
        "location": "Perlas ng Silanganan",
        "description": "Crazy Middle Class Asian. Retired- Because I can. jcperlas IG",
        "url": "https://t.co/I3OswMbUDa",
        "entities": {
            "url": {
                "urls": [
                    {
                        "url": "https://t.co/I3OswMbUDa",
                        "expanded_url": "https://www.facebook.com/JayceCadiao",
                        "display_url": "facebook.com/JayceCadiao",
                        "indices": [
                            0,
                            23
                        ]
                    }
                ]
            },
            "description": {
                "urls": []
            }
        },
        "protected": false,
        "followers_count": 9373,
        "friends_count": 1124,
        "listed_count": 13,
        "created_at": "Thu Mar 19 08:31:57 +0000 2009",
        "favourites_count": 259,
        "utc_offset": null,
        "time_zone": null,
        "geo_enabled": false,
        "verified": false,
        "statuses_count": 14144,
        "lang": "en",
        "contributors_enabled": false,
        "is_translator": false,
        "is_translation_enabled": false,
        "profile_background_color": "022330",
        "profile_background_image_url": "http://abs.twimg.com/images/themes/theme15/bg.png",
        "profile_background_image_url_https": "https://abs.twimg.com/images/themes/theme15/bg.png",
        "profile_background_tile": false,
        "profile_image_url": "http://pbs.twimg.com/profile_images/1102958154306875392/EOKDrYd2_normal.jpg",
        "profile_image_url_https": "https://pbs.twimg.com/profile_images/1102958154306875392/EOKDrYd2_normal.jpg",
        "profile_banner_url": "https://pbs.twimg.com/profile_banners/25259384/1353245051",
        "profile_link_color": "0084B4",
        "profile_sidebar_border_color": "A8C7F7",
        "profile_sidebar_fill_color": "C0DFEC",
        "profile_text_color": "333333",
        "profile_use_background_image": true,
        "has_extended_profile": false,
        "default_profile": false,
        "default_profile_image": false,
        "following": null,
        "follow_request_sent": null,
        "notifications": null,
        "translator_type": "none"
    },
    "geo": null,
    "coordinates": null,
    "place": null,
    "contributors": null,
    "is_quote_status": false,
    "retweet_count": 0,
    "favorite_count": 0,
    "favorited": false,
    "retweeted": false,
    "lang": "en"
}