{
    "created_at": "Wed Mar 13 15:31:55 +0000 2019",
    "id": 1105854007736782849,
    "id_str": "1105854007736782849",
    "text": "@barrsinson Pero mejor checate urban decay o benefit en Sephora son mejores que too faced",
    "truncated": false,
    "entities": {
        "hashtags": [],
        "symbols": [],
        "user_mentions": [
            {
                "screen_name": "barrsinson",
                "name": "Emmanuel Uzarraga",
                "id": 148780027,
                "id_str": "148780027",
                "indices": [
                    0,
                    11
                ]
            }
        ],
        "urls": []
    },
    "metadata": {
        "iso_language_code": "es",
        "result_type": "recent"
    },
    "source": "<a href=\"http://twitter.com/download/android\" rel=\"nofollow\">Twitter for Android</a>",
    "in_reply_to_status_id": 1105635164653117440,
    "in_reply_to_status_id_str": "1105635164653117440",
    "in_reply_to_user_id": 148780027,
    "in_reply_to_user_id_str": "148780027",
    "in_reply_to_screen_name": "barrsinson",
    "user": {
        "id": 100617420,
        "id_str": "100617420",
        "name": "Alicia \ud83c\udf3b",
        "screen_name": "alicianatalias",
        "location": "Monterrey Nuevo Le\u00f3n",
        "description": "Amo el maquillaje!!!",
        "url": "https://t.co/dp21ci5WCW",
        "entities": {
            "url": {
                "urls": [
                    {
                        "url": "https://t.co/dp21ci5WCW",
                        "expanded_url": "http://www.facebook.com/aliciaseguradelagarza",
                        "display_url": "facebook.com/aliciasegurade\u2026",
                        "indices": [
                            0,
                            23
                        ]
                    }
                ]
            },
            "description": {
                "urls": []
            }
        },
        "protected": false,
        "followers_count": 414,
        "friends_count": 738,
        "listed_count": 8,
        "created_at": "Wed Dec 30 22:55:57 +0000 2009",
        "favourites_count": 1289,
        "utc_offset": null,
        "time_zone": null,
        "geo_enabled": true,
        "verified": false,
        "statuses_count": 12640,
        "lang": "en",
        "contributors_enabled": false,
        "is_translator": false,
        "is_translation_enabled": false,
        "profile_background_color": "EBEBEB",
        "profile_background_image_url": "http://abs.twimg.com/images/themes/theme1/bg.png",
        "profile_background_image_url_https": "https://abs.twimg.com/images/themes/theme1/bg.png",
        "profile_background_tile": true,
        "profile_image_url": "http://pbs.twimg.com/profile_images/1054475639971934208/HF6COD4E_normal.jpg",
        "profile_image_url_https": "https://pbs.twimg.com/profile_images/1054475639971934208/HF6COD4E_normal.jpg",
        "profile_banner_url": "https://pbs.twimg.com/profile_banners/100617420/1528865712",
        "profile_link_color": "F5ABB5",
        "profile_sidebar_border_color": "000000",
        "profile_sidebar_fill_color": "F3F3F3",
        "profile_text_color": "333333",
        "profile_use_background_image": true,
        "has_extended_profile": true,
        "default_profile": false,
        "default_profile_image": false,
        "following": null,
        "follow_request_sent": null,
        "notifications": null,
        "translator_type": "none"
    },
    "geo": null,
    "coordinates": null,
    "place": null,
    "contributors": null,
    "is_quote_status": false,
    "retweet_count": 0,
    "favorite_count": 1,
    "favorited": false,
    "retweeted": false,
    "lang": "es"
}