{
    "created_at": "Wed Mar 13 16:43:59 +0000 2019",
    "id": 1105872140434313216,
    "id_str": "1105872140434313216",
    "text": "@brightensilence \u0443 \u043c\u0435\u043d\u044f \u0444\u0438\u043a\u0441\u0430\u0442\u043e\u0440 \u043e\u0442 mac\n\u043f\u043e\u0442\u043e\u043c\u0443 \u0447\u0442\u043e \u043e\u043d \u0442\u0438\u043f \u0431\u044b\u0441\u0442\u0440\u043e \u043d\u0430\u043d\u043e\u0441\u0438\u0442\u0441\u044f \u0438 \u043d\u0435 \u0443\u0442\u044f\u0436\u0435\u043b\u044f\u0435\u0442 + \u0442\u043a \u0443 \u043c\u0435\u043d\u044f \u043a\u043e\u0436\u0430 \u0441\u0443\u0445\u0430\u044f, \u043c\u2026 https://t.co/NXBm6d5qUX",
    "truncated": true,
    "entities": {
        "hashtags": [],
        "symbols": [],
        "user_mentions": [
            {
                "screen_name": "brightensilence",
                "name": "tisha \ud83c\udf84\ud83d\udc3a",
                "id": 743678377,
                "id_str": "743678377",
                "indices": [
                    0,
                    16
                ]
            }
        ],
        "urls": [
            {
                "url": "https://t.co/NXBm6d5qUX",
                "expanded_url": "https://twitter.com/i/web/status/1105872140434313216",
                "display_url": "twitter.com/i/web/status/1\u2026",
                "indices": [
                    117,
                    140
                ]
            }
        ]
    },
    "metadata": {
        "result_type": "recent",
        "iso_language_code": "ru"
    },
    "source": "<a href=\"http://twitter.com/#!/download/ipad\" rel=\"nofollow\">Twitter for iPad</a>",
    "in_reply_to_status_id": 1105868940075511809,
    "in_reply_to_status_id_str": "1105868940075511809",
    "in_reply_to_user_id": 743678377,
    "in_reply_to_user_id_str": "743678377",
    "in_reply_to_screen_name": "brightensilence",
    "user": {
        "id": 2212521798,
        "id_str": "2212521798",
        "name": "\ud835\udc00\ud835\udc2b\ud835\udc2d \ud835\udc28\ud835\udc1f \ud835\udc16\ud835\udc1a\ud835\udc2b",
        "screen_name": "jk_13vs",
        "location": "",
        "description": "",
        "url": null,
        "entities": {
            "description": {
                "urls": []
            }
        },
        "protected": false,
        "followers_count": 65,
        "friends_count": 26,
        "listed_count": 3,
        "created_at": "Sun Nov 24 13:57:38 +0000 2013",
        "favourites_count": 22236,
        "utc_offset": null,
        "time_zone": null,
        "geo_enabled": true,
        "verified": false,
        "statuses_count": 40501,
        "lang": "ru",
        "contributors_enabled": false,
        "is_translator": false,
        "is_translation_enabled": false,
        "profile_background_color": "9BACB5",
        "profile_background_image_url": "http://abs.twimg.com/images/themes/theme1/bg.png",
        "profile_background_image_url_https": "https://abs.twimg.com/images/themes/theme1/bg.png",
        "profile_background_tile": false,
        "profile_image_url": "http://pbs.twimg.com/profile_images/1100802661908123648/sqh5M-_j_normal.png",
        "profile_image_url_https": "https://pbs.twimg.com/profile_images/1100802661908123648/sqh5M-_j_normal.png",
        "profile_banner_url": "https://pbs.twimg.com/profile_banners/2212521798/1551286881",
        "profile_link_color": "693CA5",
        "profile_sidebar_border_color": "000000",
        "profile_sidebar_fill_color": "DDEEF6",
        "profile_text_color": "333333",
        "profile_use_background_image": true,
        "has_extended_profile": false,
        "default_profile": false,
        "default_profile_image": false,
        "following": null,
        "follow_request_sent": null,
        "notifications": null,
        "translator_type": "none"
    },
    "geo": null,
    "coordinates": null,
    "place": null,
    "contributors": null,
    "is_quote_status": false,
    "retweet_count": 0,
    "favorite_count": 0,
    "favorited": false,
    "retweeted": false,
    "lang": "ru"
}