{
    "created_at": "Wed Mar 13 15:43:27 +0000 2019",
    "id": 1105856906663510016,
    "id_str": "1105856906663510016",
    "text": "RT @beautbluebird: #Giveaway RT &amp; Follow @beautbluebird to #win a travel-sized (30ml) bottle of Urban Decay All Nighter \ud83d\udc9c Ends 1/6/19. Open\u2026",
    "truncated": false,
    "entities": {
        "hashtags": [
            {
                "text": "Giveaway",
                "indices": [
                    19,
                    28
                ]
            },
            {
                "text": "win",
                "indices": [
                    63,
                    67
                ]
            }
        ],
        "symbols": [],
        "user_mentions": [
            {
                "screen_name": "beautbluebird",
                "name": "Roxie Watt",
                "id": 63838494,
                "id_str": "63838494",
                "indices": [
                    3,
                    17
                ]
            },
            {
                "screen_name": "beautbluebird",
                "name": "Roxie Watt",
                "id": 63838494,
                "id_str": "63838494",
                "indices": [
                    45,
                    59
                ]
            }
        ],
        "urls": []
    },
    "metadata": {
        "iso_language_code": "en",
        "result_type": "recent"
    },
    "source": "<a href=\"http://twitter.com/download/android\" rel=\"nofollow\">Twitter for Android</a>",
    "in_reply_to_status_id": null,
    "in_reply_to_status_id_str": null,
    "in_reply_to_user_id": null,
    "in_reply_to_user_id_str": null,
    "in_reply_to_screen_name": null,
    "user": {
        "id": 1105853451035181056,
        "id_str": "1105853451035181056",
        "name": "MeganSR",
        "screen_name": "MeganSR2",
        "location": "",
        "description": "",
        "url": null,
        "entities": {
            "description": {
                "urls": []
            }
        },
        "protected": false,
        "followers_count": 15,
        "friends_count": 193,
        "listed_count": 0,
        "created_at": "Wed Mar 13 15:29:43 +0000 2019",
        "favourites_count": 81,
        "utc_offset": null,
        "time_zone": null,
        "geo_enabled": false,
        "verified": false,
        "statuses_count": 97,
        "lang": "en",
        "contributors_enabled": false,
        "is_translator": false,
        "is_translation_enabled": false,
        "profile_background_color": "F5F8FA",
        "profile_background_image_url": null,
        "profile_background_image_url_https": null,
        "profile_background_tile": false,
        "profile_image_url": "http://pbs.twimg.com/profile_images/1105853742832861185/vlW7QzIE_normal.jpg",
        "profile_image_url_https": "https://pbs.twimg.com/profile_images/1105853742832861185/vlW7QzIE_normal.jpg",
        "profile_link_color": "1DA1F2",
        "profile_sidebar_border_color": "C0DEED",
        "profile_sidebar_fill_color": "DDEEF6",
        "profile_text_color": "333333",
        "profile_use_background_image": true,
        "has_extended_profile": true,
        "default_profile": true,
        "default_profile_image": false,
        "following": null,
        "follow_request_sent": null,
        "notifications": null,
        "translator_type": "none"
    },
    "geo": null,
    "coordinates": null,
    "place": null,
    "contributors": null,
    "retweeted_status": {
        "created_at": "Fri Mar 08 08:51:01 +0000 2019",
        "id": 1103941178934751232,
        "id_str": "1103941178934751232",
        "text": "#Giveaway RT &amp; Follow @beautbluebird to #win a travel-sized (30ml) bottle of Urban Decay All Nighter \ud83d\udc9c Ends 1/6/19.\u2026 https://t.co/bwcLC6foDR",
        "truncated": true,
        "entities": {
            "hashtags": [
                {
                    "text": "Giveaway",
                    "indices": [
                        0,
                        9
                    ]
                },
                {
                    "text": "win",
                    "indices": [
                        44,
                        48
                    ]
                }
            ],
            "symbols": [],
            "user_mentions": [
                {
                    "screen_name": "beautbluebird",
                    "name": "Roxie Watt",
                    "id": 63838494,
                    "id_str": "63838494",
                    "indices": [
                        26,
                        40
                    ]
                }
            ],
            "urls": [
                {
                    "url": "https://t.co/bwcLC6foDR",
                    "expanded_url": "https://twitter.com/i/web/status/1103941178934751232",
                    "display_url": "twitter.com/i/web/status/1\u2026",
                    "indices": [
                        121,
                        144
                    ]
                }
            ]
        },
        "metadata": {
            "iso_language_code": "en",
            "result_type": "recent"
        },
        "source": "<a href=\"http://twitter.com/download/android\" rel=\"nofollow\">Twitter for Android</a>",
        "in_reply_to_status_id": null,
        "in_reply_to_status_id_str": null,
        "in_reply_to_user_id": null,
        "in_reply_to_user_id_str": null,
        "in_reply_to_screen_name": null,
        "user": {
            "id": 63838494,
            "id_str": "63838494",
            "name": "Roxie Watt",
            "screen_name": "beautbluebird",
            "location": "Edinburgh, Scotland",
            "description": "Scottish makeup, skincare & baby blogger. Clueless mummy, Gilmore Girl lover, daydreamer, coffee addict & makeup hoarder. \u2744 #bbloggers",
            "url": "https://t.co/ZWurzL28OE",
            "entities": {
                "url": {
                    "urls": [
                        {
                            "url": "https://t.co/ZWurzL28OE",
                            "expanded_url": "http://www.thebeautifulbluebird.com",
                            "display_url": "thebeautifulbluebird.com",
                            "indices": [
                                0,
                                23
                            ]
                        }
                    ]
                },
                "description": {
                    "urls": []
                }
            },
            "protected": false,
            "followers_count": 7344,
            "friends_count": 2259,
            "listed_count": 173,
            "created_at": "Fri Aug 07 22:07:41 +0000 2009",
            "favourites_count": 26615,
            "utc_offset": null,
            "time_zone": null,
            "geo_enabled": true,
            "verified": false,
            "statuses_count": 26190,
            "lang": "en",
            "contributors_enabled": false,
            "is_translator": false,
            "is_translation_enabled": false,
            "profile_background_color": "C0DEED",
            "profile_background_image_url": "http://abs.twimg.com/images/themes/theme1/bg.png",
            "profile_background_image_url_https": "https://abs.twimg.com/images/themes/theme1/bg.png",
            "profile_background_tile": true,
            "profile_image_url": "http://pbs.twimg.com/profile_images/1084198738334285825/Y2lMKHc__normal.jpg",
            "profile_image_url_https": "https://pbs.twimg.com/profile_images/1084198738334285825/Y2lMKHc__normal.jpg",
            "profile_banner_url": "https://pbs.twimg.com/profile_banners/63838494/1548017964",
            "profile_link_color": "89C9FA",
            "profile_sidebar_border_color": "FFFFFF",
            "profile_sidebar_fill_color": "DDEEF6",
            "profile_text_color": "333333",
            "profile_use_background_image": true,
            "has_extended_profile": true,
            "default_profile": false,
            "default_profile_image": false,
            "following": null,
            "follow_request_sent": null,
            "notifications": null,
            "translator_type": "none"
        },
        "geo": null,
        "coordinates": null,
        "place": null,
        "contributors": null,
        "is_quote_status": false,
        "retweet_count": 191,
        "favorite_count": 92,
        "favorited": false,
        "retweeted": false,
        "possibly_sensitive": false,
        "lang": "en"
    },
    "is_quote_status": false,
    "retweet_count": 191,
    "favorite_count": 0,
    "favorited": false,
    "retweeted": false,
    "lang": "en"
}