{
    "created_at": "Wed Mar 13 20:18:32 +0000 2019",
    "id": 1105926134389243915,
    "id_str": "1105926134389243915",
    "text": "RT @KaushalBeauty: Also if you want 15% off the new Urban Decay Naked Reloaded Palette then use my code \u201cKAUSH15\u201d at checkout \ud83d\udc9c https://t.c\u2026",
    "truncated": false,
    "entities": {
        "hashtags": [],
        "symbols": [],
        "user_mentions": [
            {
                "screen_name": "KaushalBeauty",
                "name": "Kaushal",
                "id": 146078192,
                "id_str": "146078192",
                "indices": [
                    3,
                    17
                ]
            }
        ],
        "urls": []
    },
    "metadata": {
        "iso_language_code": "en",
        "result_type": "recent"
    },
    "source": "<a href=\"http://twitter.com/download/iphone\" rel=\"nofollow\">Twitter for iPhone</a>",
    "in_reply_to_status_id": null,
    "in_reply_to_status_id_str": null,
    "in_reply_to_user_id": null,
    "in_reply_to_user_id_str": null,
    "in_reply_to_screen_name": null,
    "user": {
        "id": 782304797974298624,
        "id_str": "782304797974298624",
        "name": "KiranB\ud83e\udd40",
        "screen_name": "kirxn99",
        "location": "Solihull, England",
        "description": "\ud83c\udfe0Birmingham \ud83c\udf93Southampton Solent",
        "url": "https://t.co/A4LFbYJ9nV",
        "entities": {
            "url": {
                "urls": [
                    {
                        "url": "https://t.co/A4LFbYJ9nV",
                        "expanded_url": "https://bykirxnb.myportfolio.com/",
                        "display_url": "bykirxnb.myportfolio.com",
                        "indices": [
                            0,
                            23
                        ]
                    }
                ]
            },
            "description": {
                "urls": []
            }
        },
        "protected": false,
        "followers_count": 114,
        "friends_count": 483,
        "listed_count": 1,
        "created_at": "Sat Oct 01 19:42:53 +0000 2016",
        "favourites_count": 21863,
        "utc_offset": null,
        "time_zone": null,
        "geo_enabled": true,
        "verified": false,
        "statuses_count": 2950,
        "lang": "en",
        "contributors_enabled": false,
        "is_translator": false,
        "is_translation_enabled": false,
        "profile_background_color": "000000",
        "profile_background_image_url": "http://abs.twimg.com/images/themes/theme1/bg.png",
        "profile_background_image_url_https": "https://abs.twimg.com/images/themes/theme1/bg.png",
        "profile_background_tile": false,
        "profile_image_url": "http://pbs.twimg.com/profile_images/990634918190469121/gG2rgQIg_normal.jpg",
        "profile_image_url_https": "https://pbs.twimg.com/profile_images/990634918190469121/gG2rgQIg_normal.jpg",
        "profile_banner_url": "https://pbs.twimg.com/profile_banners/782304797974298624/1518552876",
        "profile_link_color": "ABB8C2",
        "profile_sidebar_border_color": "000000",
        "profile_sidebar_fill_color": "000000",
        "profile_text_color": "000000",
        "profile_use_background_image": false,
        "has_extended_profile": true,
        "default_profile": false,
        "default_profile_image": false,
        "following": null,
        "follow_request_sent": null,
        "notifications": null,
        "translator_type": "none"
    },
    "geo": null,
    "coordinates": null,
    "place": null,
    "contributors": null,
    "retweeted_status": {
        "created_at": "Wed Mar 13 17:51:45 +0000 2019",
        "id": 1105889197284560899,
        "id_str": "1105889197284560899",
        "text": "Also if you want 15% off the new Urban Decay Naked Reloaded Palette then use my code \u201cKAUSH15\u201d at checkout \ud83d\udc9c https://t.co/WMVw34E9W8",
        "truncated": false,
        "entities": {
            "hashtags": [],
            "symbols": [],
            "user_mentions": [],
            "urls": [
                {
                    "url": "https://t.co/WMVw34E9W8",
                    "expanded_url": "https://bit.ly/2u3jmJY",
                    "display_url": "bit.ly/2u3jmJY",
                    "indices": [
                        109,
                        132
                    ]
                }
            ]
        },
        "metadata": {
            "iso_language_code": "en",
            "result_type": "recent"
        },
        "source": "<a href=\"http://twitter.com/download/iphone\" rel=\"nofollow\">Twitter for iPhone</a>",
        "in_reply_to_status_id": 1105888717678563328,
        "in_reply_to_status_id_str": "1105888717678563328",
        "in_reply_to_user_id": 146078192,
        "in_reply_to_user_id_str": "146078192",
        "in_reply_to_screen_name": "KaushalBeauty",
        "user": {
            "id": 146078192,
            "id_str": "146078192",
            "name": "Kaushal",
            "screen_name": "KaushalBeauty",
            "location": "On The Tube",
            "description": "Wife to my love @VexKing \u2764\ufe0f My name rhymes with 'social'. SHOP my positivity bracelets @bonvitastyle \u2728 https://t.co/DbjDkwQEkP",
            "url": "https://t.co/t41EIrpNf6",
            "entities": {
                "url": {
                    "urls": [
                        {
                            "url": "https://t.co/t41EIrpNf6",
                            "expanded_url": "http://youtube.com/kaushalbeauty",
                            "display_url": "youtube.com/kaushalbeauty",
                            "indices": [
                                0,
                                23
                            ]
                        }
                    ]
                },
                "description": {
                    "urls": [
                        {
                            "url": "https://t.co/DbjDkwQEkP",
                            "expanded_url": "http://Instagram.com/KaushalBeauty",
                            "display_url": "Instagram.com/KaushalBeauty",
                            "indices": [
                                103,
                                126
                            ]
                        }
                    ]
                }
            },
            "protected": false,
            "followers_count": 60041,
            "friends_count": 343,
            "listed_count": 180,
            "created_at": "Thu May 20 15:01:38 +0000 2010",
            "favourites_count": 18363,
            "utc_offset": null,
            "time_zone": null,
            "geo_enabled": true,
            "verified": true,
            "statuses_count": 31916,
            "lang": "en",
            "contributors_enabled": false,
            "is_translator": false,
            "is_translation_enabled": false,
            "profile_background_color": "FFFFFF",
            "profile_background_image_url": "http://abs.twimg.com/images/themes/theme1/bg.png",
            "profile_background_image_url_https": "https://abs.twimg.com/images/themes/theme1/bg.png",
            "profile_background_tile": true,
            "profile_image_url": "http://pbs.twimg.com/profile_images/1074606830532354048/rfE_q_2F_normal.jpg",
            "profile_image_url_https": "https://pbs.twimg.com/profile_images/1074606830532354048/rfE_q_2F_normal.jpg",
            "profile_banner_url": "https://pbs.twimg.com/profile_banners/146078192/1528667992",
            "profile_link_color": "ABB8C2",
            "profile_sidebar_border_color": "D1D1D1",
            "profile_sidebar_fill_color": "D1D1D1",
            "profile_text_color": "000000",
            "profile_use_background_image": false,
            "has_extended_profile": false,
            "default_profile": false,
            "default_profile_image": false,
            "following": null,
            "follow_request_sent": null,
            "notifications": null,
            "translator_type": "none"
        },
        "geo": null,
        "coordinates": null,
        "place": null,
        "contributors": null,
        "is_quote_status": false,
        "retweet_count": 2,
        "favorite_count": 30,
        "favorited": false,
        "retweeted": false,
        "possibly_sensitive": false,
        "lang": "en"
    },
    "is_quote_status": false,
    "retweet_count": 2,
    "favorite_count": 0,
    "favorited": false,
    "retweeted": false,
    "lang": "en"
}