{
    "created_at": "Wed Mar 13 23:56:59 +0000 2019",
    "id": 1105981110855569413,
    "id_str": "1105981110855569413",
    "text": "@reginazlr1 @UrbanDecay @norvina1 @ABHcosmetics Idk, those brows look a lil too dark &amp; drawn in/layered quite a bit\u2026 https://t.co/vgh2oSSFLQ",
    "truncated": true,
    "entities": {
        "hashtags": [],
        "symbols": [],
        "user_mentions": [
            {
                "screen_name": "reginazlr1",
                "name": "reginazlr",
                "id": 991710412658954240,
                "id_str": "991710412658954240",
                "indices": [
                    0,
                    11
                ]
            },
            {
                "screen_name": "UrbanDecay",
                "name": "Urban Decay",
                "id": 18912121,
                "id_str": "18912121",
                "indices": [
                    12,
                    23
                ]
            },
            {
                "screen_name": "norvina1",
                "name": "norvina",
                "id": 2516590279,
                "id_str": "2516590279",
                "indices": [
                    24,
                    33
                ]
            },
            {
                "screen_name": "ABHcosmetics",
                "name": "ABH Cosmetics",
                "id": 50089673,
                "id_str": "50089673",
                "indices": [
                    34,
                    47
                ]
            }
        ],
        "urls": [
            {
                "url": "https://t.co/vgh2oSSFLQ",
                "expanded_url": "https://twitter.com/i/web/status/1105981110855569413",
                "display_url": "twitter.com/i/web/status/1\u2026",
                "indices": [
                    121,
                    144
                ]
            }
        ]
    },
    "metadata": {
        "iso_language_code": "en",
        "result_type": "recent"
    },
    "source": "<a href=\"http://twitter.com/download/android\" rel=\"nofollow\">Twitter for Android</a>",
    "in_reply_to_status_id": 1105221045110349834,
    "in_reply_to_status_id_str": "1105221045110349834",
    "in_reply_to_user_id": 991710412658954240,
    "in_reply_to_user_id_str": "991710412658954240",
    "in_reply_to_screen_name": "reginazlr1",
    "user": {
        "id": 704741066776387584,
        "id_str": "704741066776387584",
        "name": "\ud83d\udda4\u2728 beautiful disaster \u2728\ud83d\udda4",
        "screen_name": "liacallahan4",
        "location": "United States",
        "description": "@maomicrafts \u2192 https://t.co/5xvdUREEAX\n \n              \n\n@BuyLegaIMeds \u2192 \u2695\ufe0f:CBD\u2192https://t.co/ZA99TAs76m",
        "url": "https://t.co/lE6Vet4w14",
        "entities": {
            "url": {
                "urls": [
                    {
                        "url": "https://t.co/lE6Vet4w14",
                        "expanded_url": "http://paypal.me/lkilgore10",
                        "display_url": "paypal.me/lkilgore10",
                        "indices": [
                            0,
                            23
                        ]
                    }
                ]
            },
            "description": {
                "urls": [
                    {
                        "url": "https://t.co/5xvdUREEAX",
                        "expanded_url": "http://etsy.com/uk/shop/Maomicrafts",
                        "display_url": "etsy.com/uk/shop/Maomic\u2026",
                        "indices": [
                            15,
                            38
                        ]
                    },
                    {
                        "url": "https://t.co/ZA99TAs76m",
                        "expanded_url": "http://bit.ly/2nDvYnQ",
                        "display_url": "bit.ly/2nDvYnQ",
                        "indices": [
                            80,
                            103
                        ]
                    }
                ]
            }
        },
        "protected": false,
        "followers_count": 976,
        "friends_count": 1349,
        "listed_count": 34,
        "created_at": "Tue Mar 01 18:52:18 +0000 2016",
        "favourites_count": 24093,
        "utc_offset": null,
        "time_zone": null,
        "geo_enabled": false,
        "verified": false,
        "statuses_count": 21815,
        "lang": "en",
        "contributors_enabled": false,
        "is_translator": false,
        "is_translation_enabled": false,
        "profile_background_color": "F5F8FA",
        "profile_background_image_url": null,
        "profile_background_image_url_https": null,
        "profile_background_tile": false,
        "profile_image_url": "http://pbs.twimg.com/profile_images/1092725700023455744/guY1bWyz_normal.jpg",
        "profile_image_url_https": "https://pbs.twimg.com/profile_images/1092725700023455744/guY1bWyz_normal.jpg",
        "profile_banner_url": "https://pbs.twimg.com/profile_banners/704741066776387584/1549361020",
        "profile_link_color": "1DA1F2",
        "profile_sidebar_border_color": "C0DEED",
        "profile_sidebar_fill_color": "DDEEF6",
        "profile_text_color": "333333",
        "profile_use_background_image": true,
        "has_extended_profile": false,
        "default_profile": true,
        "default_profile_image": false,
        "following": null,
        "follow_request_sent": null,
        "notifications": null,
        "translator_type": "none"
    },
    "geo": null,
    "coordinates": null,
    "place": null,
    "contributors": null,
    "is_quote_status": false,
    "retweet_count": 0,
    "favorite_count": 2,
    "favorited": false,
    "retweeted": false,
    "lang": "en"
}