{
    "created_at": "Wed Mar 13 22:25:03 +0000 2019",
    "id": 1105957976253390850,
    "id_str": "1105957976253390850",
    "text": "Check out Urban Decay UnderGround Full Size 24/7 Glide On Eye Pencil NWOB Unsealed #UrbanDecay https://t.co/EY0oUmf3Dp via @eBay",
    "truncated": false,
    "entities": {
        "hashtags": [
            {
                "text": "UrbanDecay",
                "indices": [
                    83,
                    94
                ]
            }
        ],
        "symbols": [],
        "user_mentions": [
            {
                "screen_name": "eBay",
                "name": "eBay",
                "id": 19709040,
                "id_str": "19709040",
                "indices": [
                    123,
                    128
                ]
            }
        ],
        "urls": [
            {
                "url": "https://t.co/EY0oUmf3Dp",
                "expanded_url": "https://ebay.us/7L8LsY",
                "display_url": "ebay.us/7L8LsY",
                "indices": [
                    95,
                    118
                ]
            }
        ]
    },
    "metadata": {
        "iso_language_code": "en",
        "result_type": "recent"
    },
    "source": "<a href=\"http://twitter.com\" rel=\"nofollow\">Twitter Web Client</a>",
    "in_reply_to_status_id": null,
    "in_reply_to_status_id_str": null,
    "in_reply_to_user_id": null,
    "in_reply_to_user_id_str": null,
    "in_reply_to_screen_name": null,
    "user": {
        "id": 3951203835,
        "id_str": "3951203835",
        "name": "Sandra Cline",
        "screen_name": "ClineSandra1",
        "location": " https://www.facebook.com/grou",
        "description": "I started selling on Ebay w/my husband to provide extra income since I'm a stay at home mom w/a daughter that has disabilities. https://t.co/zVllNwNd1n",
        "url": "http://t.co/9lXQihN52K",
        "entities": {
            "url": {
                "urls": [
                    {
                        "url": "http://t.co/9lXQihN52K",
                        "expanded_url": "http://stores.ebay.com/ARC-Sportscards-Makeup-Clothing",
                        "display_url": "stores.ebay.com/ARC-Sportscard\u2026",
                        "indices": [
                            0,
                            22
                        ]
                    }
                ]
            },
            "description": {
                "urls": [
                    {
                        "url": "https://t.co/zVllNwNd1n",
                        "expanded_url": "https://www.facebook.com/groups/457803364417518/",
                        "display_url": "facebook.com/groups/4578033\u2026",
                        "indices": [
                            128,
                            151
                        ]
                    }
                ]
            }
        },
        "protected": false,
        "followers_count": 3167,
        "friends_count": 2967,
        "listed_count": 581,
        "created_at": "Wed Oct 14 00:49:55 +0000 2015",
        "favourites_count": 3704,
        "utc_offset": null,
        "time_zone": null,
        "geo_enabled": false,
        "verified": false,
        "statuses_count": 643,
        "lang": "en",
        "contributors_enabled": false,
        "is_translator": false,
        "is_translation_enabled": false,
        "profile_background_color": "C0DEED",
        "profile_background_image_url": "http://abs.twimg.com/images/themes/theme1/bg.png",
        "profile_background_image_url_https": "https://abs.twimg.com/images/themes/theme1/bg.png",
        "profile_background_tile": false,
        "profile_image_url": "http://pbs.twimg.com/profile_images/654453362415370240/UlAHcdYt_normal.jpg",
        "profile_image_url_https": "https://pbs.twimg.com/profile_images/654453362415370240/UlAHcdYt_normal.jpg",
        "profile_banner_url": "https://pbs.twimg.com/profile_banners/3951203835/1447895331",
        "profile_link_color": "1DA1F2",
        "profile_sidebar_border_color": "C0DEED",
        "profile_sidebar_fill_color": "DDEEF6",
        "profile_text_color": "333333",
        "profile_use_background_image": true,
        "has_extended_profile": false,
        "default_profile": true,
        "default_profile_image": false,
        "following": null,
        "follow_request_sent": null,
        "notifications": null,
        "translator_type": "none"
    },
    "geo": null,
    "coordinates": null,
    "place": null,
    "contributors": null,
    "is_quote_status": false,
    "retweet_count": 1,
    "favorite_count": 1,
    "favorited": false,
    "retweeted": false,
    "possibly_sensitive": false,
    "lang": "en"
}