{
    "created_at": "Wed Mar 13 22:48:04 +0000 2019",
    "id": 1105963766078996481,
    "id_str": "1105963766078996481",
    "text": "Kabukis e Margaridas: Chegou a Naked Reloaded da Urban Decay https://t.co/I4z8wsmGnq",
    "truncated": false,
    "entities": {
        "hashtags": [],
        "symbols": [],
        "user_mentions": [],
        "urls": [
            {
                "url": "https://t.co/I4z8wsmGnq",
                "expanded_url": "https://kabukisemargaridas.blogspot.com/2019/03/chegou-naked-reloaded-da-urban-decay.html?spref=tw",
                "display_url": "kabukisemargaridas.blogspot.com/2019/03/chegou\u2026",
                "indices": [
                    61,
                    84
                ]
            }
        ]
    },
    "metadata": {
        "iso_language_code": "en",
        "result_type": "recent"
    },
    "source": "<a href=\"http://twitter.com\" rel=\"nofollow\">Twitter Web Client</a>",
    "in_reply_to_status_id": null,
    "in_reply_to_status_id_str": null,
    "in_reply_to_user_id": null,
    "in_reply_to_user_id_str": null,
    "in_reply_to_screen_name": null,
    "user": {
        "id": 2370936553,
        "id_str": "2370936553",
        "name": "Kabukis & Margaridas",
        "screen_name": "impcjsimoes",
        "location": "Almada/Portugal",
        "description": "Blogue sobre beleza, maquilhagem, cosm\u00e9tica, p\u00f3s de perlimpimpim e muito mais!",
        "url": "http://t.co/HyWky7sx0c",
        "entities": {
            "url": {
                "urls": [
                    {
                        "url": "http://t.co/HyWky7sx0c",
                        "expanded_url": "http://kabukisemargaridas.blogspot.pt/",
                        "display_url": "kabukisemargaridas.blogspot.pt",
                        "indices": [
                            0,
                            22
                        ]
                    }
                ]
            },
            "description": {
                "urls": []
            }
        },
        "protected": false,
        "followers_count": 18,
        "friends_count": 81,
        "listed_count": 0,
        "created_at": "Mon Mar 03 20:51:28 +0000 2014",
        "favourites_count": 24,
        "utc_offset": null,
        "time_zone": null,
        "geo_enabled": false,
        "verified": false,
        "statuses_count": 343,
        "lang": "pt",
        "contributors_enabled": false,
        "is_translator": false,
        "is_translation_enabled": false,
        "profile_background_color": "FF6699",
        "profile_background_image_url": "http://abs.twimg.com/images/themes/theme11/bg.gif",
        "profile_background_image_url_https": "https://abs.twimg.com/images/themes/theme11/bg.gif",
        "profile_background_tile": true,
        "profile_image_url": "http://pbs.twimg.com/profile_images/926280718333960192/iec_6Vhm_normal.jpg",
        "profile_image_url_https": "https://pbs.twimg.com/profile_images/926280718333960192/iec_6Vhm_normal.jpg",
        "profile_banner_url": "https://pbs.twimg.com/profile_banners/2370936553/1508875633",
        "profile_link_color": "E81C4F",
        "profile_sidebar_border_color": "000000",
        "profile_sidebar_fill_color": "E5507E",
        "profile_text_color": "362720",
        "profile_use_background_image": true,
        "has_extended_profile": true,
        "default_profile": false,
        "default_profile_image": false,
        "following": null,
        "follow_request_sent": null,
        "notifications": null,
        "translator_type": "none"
    },
    "geo": null,
    "coordinates": null,
    "place": null,
    "contributors": null,
    "is_quote_status": false,
    "retweet_count": 0,
    "favorite_count": 0,
    "favorited": false,
    "retweeted": false,
    "possibly_sensitive": false,
    "lang": "en"
}