{
    "created_at": "Wed Mar 13 16:10:27 +0000 2019",
    "id": 1105863703700914176,
    "id_str": "1105863703700914176",
    "text": "hm le coffret urban decay y me fait de l\u2019oeil \ud83d\udc40\ud83d\udc40",
    "truncated": false,
    "entities": {
        "hashtags": [],
        "symbols": [],
        "user_mentions": [],
        "urls": []
    },
    "metadata": {
        "iso_language_code": "fr",
        "result_type": "recent"
    },
    "source": "<a href=\"http://twitter.com/download/iphone\" rel=\"nofollow\">Twitter for iPhone</a>",
    "in_reply_to_status_id": null,
    "in_reply_to_status_id_str": null,
    "in_reply_to_user_id": null,
    "in_reply_to_user_id_str": null,
    "in_reply_to_screen_name": null,
    "user": {
        "id": 1056167980357292033,
        "id_str": "1056167980357292033",
        "name": "tg",
        "screen_name": "ziilan46",
        "location": "",
        "description": "H\u00fcseyin \u0130nan : \u00abBiz korkumuzu Kerbela\u2019da b\u0131rakt\u0131k Deniz yolda\u015f\u00bb",
        "url": null,
        "entities": {
            "description": {
                "urls": []
            }
        },
        "protected": false,
        "followers_count": 110,
        "friends_count": 107,
        "listed_count": 0,
        "created_at": "Sat Oct 27 12:57:23 +0000 2018",
        "favourites_count": 2732,
        "utc_offset": null,
        "time_zone": null,
        "geo_enabled": true,
        "verified": false,
        "statuses_count": 1427,
        "lang": "fr",
        "contributors_enabled": false,
        "is_translator": false,
        "is_translation_enabled": false,
        "profile_background_color": "000000",
        "profile_background_image_url": "http://abs.twimg.com/images/themes/theme1/bg.png",
        "profile_background_image_url_https": "https://abs.twimg.com/images/themes/theme1/bg.png",
        "profile_background_tile": false,
        "profile_image_url": "http://pbs.twimg.com/profile_images/1105211745528963074/H2DW4G1y_normal.jpg",
        "profile_image_url_https": "https://pbs.twimg.com/profile_images/1105211745528963074/H2DW4G1y_normal.jpg",
        "profile_banner_url": "https://pbs.twimg.com/profile_banners/1056167980357292033/1550602685",
        "profile_link_color": "F58EA8",
        "profile_sidebar_border_color": "000000",
        "profile_sidebar_fill_color": "000000",
        "profile_text_color": "000000",
        "profile_use_background_image": false,
        "has_extended_profile": false,
        "default_profile": false,
        "default_profile_image": false,
        "following": null,
        "follow_request_sent": null,
        "notifications": null,
        "translator_type": "none"
    },
    "geo": null,
    "coordinates": null,
    "place": null,
    "contributors": null,
    "is_quote_status": false,
    "retweet_count": 0,
    "favorite_count": 1,
    "favorited": false,
    "retweeted": false,
    "lang": "fr"
}