{
    "created_at": "Wed Mar 13 15:19:58 +0000 2019",
    "id": 1105850997157646338,
    "id_str": "1105850997157646338",
    "text": "Urban Decay et Benefit ils sont morts je sais m\u00eame pas comment ils arrivent encore \u00e0 vendre",
    "truncated": false,
    "entities": {
        "hashtags": [],
        "symbols": [],
        "user_mentions": [],
        "urls": []
    },
    "metadata": {
        "iso_language_code": "fr",
        "result_type": "recent"
    },
    "source": "<a href=\"http://twitter.com/download/android\" rel=\"nofollow\">Twitter for Android</a>",
    "in_reply_to_status_id": null,
    "in_reply_to_status_id_str": null,
    "in_reply_to_user_id": null,
    "in_reply_to_user_id_str": null,
    "in_reply_to_screen_name": null,
    "user": {
        "id": 2502443748,
        "id_str": "2502443748",
        "name": "Annie",
        "screen_name": "Anastasia_Chles",
        "location": "Rouen",
        "description": "I'm a sweet mess with permanent sunglasses on",
        "url": null,
        "entities": {
            "description": {
                "urls": []
            }
        },
        "protected": false,
        "followers_count": 563,
        "friends_count": 527,
        "listed_count": 9,
        "created_at": "Sat May 17 20:31:37 +0000 2014",
        "favourites_count": 6253,
        "utc_offset": null,
        "time_zone": null,
        "geo_enabled": true,
        "verified": false,
        "statuses_count": 10990,
        "lang": "fr",
        "contributors_enabled": false,
        "is_translator": false,
        "is_translation_enabled": false,
        "profile_background_color": "000000",
        "profile_background_image_url": "http://abs.twimg.com/images/themes/theme1/bg.png",
        "profile_background_image_url_https": "https://abs.twimg.com/images/themes/theme1/bg.png",
        "profile_background_tile": false,
        "profile_image_url": "http://pbs.twimg.com/profile_images/1105536092919529475/Ev-dXGji_normal.jpg",
        "profile_image_url_https": "https://pbs.twimg.com/profile_images/1105536092919529475/Ev-dXGji_normal.jpg",
        "profile_banner_url": "https://pbs.twimg.com/profile_banners/2502443748/1547394427",
        "profile_link_color": "F5ABB5",
        "profile_sidebar_border_color": "000000",
        "profile_sidebar_fill_color": "000000",
        "profile_text_color": "000000",
        "profile_use_background_image": false,
        "has_extended_profile": true,
        "default_profile": false,
        "default_profile_image": false,
        "following": null,
        "follow_request_sent": null,
        "notifications": null,
        "translator_type": "none"
    },
    "geo": null,
    "coordinates": null,
    "place": null,
    "contributors": null,
    "is_quote_status": false,
    "retweet_count": 0,
    "favorite_count": 1,
    "favorited": false,
    "retweeted": false,
    "lang": "fr"
}