{
    "created_at": "Wed Mar 13 19:22:19 +0000 2019",
    "id": 1105911988759212032,
    "id_str": "1105911988759212032",
    "text": "@kacee_10 @JeffreeStar it\u2019s my favorite!! I have super oily skin and it always looked really nice. I have the fenty\u2026 https://t.co/uchFtJynIb",
    "truncated": true,
    "entities": {
        "hashtags": [],
        "symbols": [],
        "user_mentions": [
            {
                "screen_name": "kacee_10",
                "name": "kc\ud83d\udc51",
                "id": 4800423590,
                "id_str": "4800423590",
                "indices": [
                    0,
                    9
                ]
            },
            {
                "screen_name": "JeffreeStar",
                "name": "Jeffree Star",
                "id": 18236230,
                "id_str": "18236230",
                "indices": [
                    10,
                    22
                ]
            }
        ],
        "urls": [
            {
                "url": "https://t.co/uchFtJynIb",
                "expanded_url": "https://twitter.com/i/web/status/1105911988759212032",
                "display_url": "twitter.com/i/web/status/1\u2026",
                "indices": [
                    117,
                    140
                ]
            }
        ]
    },
    "metadata": {
        "iso_language_code": "en",
        "result_type": "recent"
    },
    "source": "<a href=\"http://twitter.com/download/iphone\" rel=\"nofollow\">Twitter for iPhone</a>",
    "in_reply_to_status_id": 1105911740208988161,
    "in_reply_to_status_id_str": "1105911740208988161",
    "in_reply_to_user_id": 4800423590,
    "in_reply_to_user_id_str": "4800423590",
    "in_reply_to_screen_name": "kacee_10",
    "user": {
        "id": 2812625212,
        "id_str": "2812625212",
        "name": "Mallory",
        "screen_name": "malleycattt",
        "location": "NASTY NAC",
        "description": "\u201cgrit your teeth, cowgirl up\u201d- my dad ||| kacey musgraves is my mom",
        "url": null,
        "entities": {
            "description": {
                "urls": []
            }
        },
        "protected": false,
        "followers_count": 713,
        "friends_count": 448,
        "listed_count": 3,
        "created_at": "Tue Oct 07 04:30:31 +0000 2014",
        "favourites_count": 45695,
        "utc_offset": null,
        "time_zone": null,
        "geo_enabled": true,
        "verified": false,
        "statuses_count": 18348,
        "lang": "en",
        "contributors_enabled": false,
        "is_translator": false,
        "is_translation_enabled": false,
        "profile_background_color": "642D8B",
        "profile_background_image_url": "http://abs.twimg.com/images/themes/theme10/bg.gif",
        "profile_background_image_url_https": "https://abs.twimg.com/images/themes/theme10/bg.gif",
        "profile_background_tile": true,
        "profile_image_url": "http://pbs.twimg.com/profile_images/1104580416894394368/mDSd4Ze9_normal.jpg",
        "profile_image_url_https": "https://pbs.twimg.com/profile_images/1104580416894394368/mDSd4Ze9_normal.jpg",
        "profile_banner_url": "https://pbs.twimg.com/profile_banners/2812625212/1552187637",
        "profile_link_color": "F5ABB5",
        "profile_sidebar_border_color": "000000",
        "profile_sidebar_fill_color": "7AC3EE",
        "profile_text_color": "3D1957",
        "profile_use_background_image": true,
        "has_extended_profile": true,
        "default_profile": false,
        "default_profile_image": false,
        "following": null,
        "follow_request_sent": null,
        "notifications": null,
        "translator_type": "none"
    },
    "geo": null,
    "coordinates": null,
    "place": null,
    "contributors": null,
    "is_quote_status": false,
    "retweet_count": 0,
    "favorite_count": 1,
    "favorited": false,
    "retweeted": false,
    "lang": "en"
}