{
    "created_at": "Wed Mar 13 23:28:04 +0000 2019",
    "id": 1105973835256471552,
    "id_str": "1105973835256471552",
    "text": "So Urban decay just re posted my makeup look and I can't even get together the words \ud83d\ude2d so Happy right now \ud83d\udc9c\ud83d\udc9c\ud83d\udc9c\ud83d\udc9c",
    "truncated": false,
    "entities": {
        "hashtags": [],
        "symbols": [],
        "user_mentions": [],
        "urls": []
    },
    "metadata": {
        "iso_language_code": "en",
        "result_type": "recent"
    },
    "source": "<a href=\"http://twitter.com/download/android\" rel=\"nofollow\">Twitter for Android</a>",
    "in_reply_to_status_id": null,
    "in_reply_to_status_id_str": null,
    "in_reply_to_user_id": null,
    "in_reply_to_user_id_str": null,
    "in_reply_to_screen_name": null,
    "user": {
        "id": 910241918524813312,
        "id_str": "910241918524813312",
        "name": "LIVING DEAD MAKEUP",
        "screen_name": "Livingdeadmua",
        "location": "New York, USA",
        "description": "Makeup Artist with 4 fur babies, Taken \ud83d\udc9a",
        "url": "https://t.co/McZr0K1f5x",
        "entities": {
            "url": {
                "urls": [
                    {
                        "url": "https://t.co/McZr0K1f5x",
                        "expanded_url": "http://instagram.com/livingdeadmakeup",
                        "display_url": "instagram.com/livingdeadmake\u2026",
                        "indices": [
                            0,
                            23
                        ]
                    }
                ]
            },
            "description": {
                "urls": []
            }
        },
        "protected": false,
        "followers_count": 73,
        "friends_count": 220,
        "listed_count": 2,
        "created_at": "Tue Sep 19 20:39:19 +0000 2017",
        "favourites_count": 387,
        "utc_offset": null,
        "time_zone": null,
        "geo_enabled": false,
        "verified": false,
        "statuses_count": 2096,
        "lang": "en",
        "contributors_enabled": false,
        "is_translator": false,
        "is_translation_enabled": false,
        "profile_background_color": "000000",
        "profile_background_image_url": "http://abs.twimg.com/images/themes/theme1/bg.png",
        "profile_background_image_url_https": "https://abs.twimg.com/images/themes/theme1/bg.png",
        "profile_background_tile": false,
        "profile_image_url": "http://pbs.twimg.com/profile_images/1105971117553000454/uQo8UdKX_normal.jpg",
        "profile_image_url_https": "https://pbs.twimg.com/profile_images/1105971117553000454/uQo8UdKX_normal.jpg",
        "profile_banner_url": "https://pbs.twimg.com/profile_banners/910241918524813312/1549321296",
        "profile_link_color": "981CEB",
        "profile_sidebar_border_color": "000000",
        "profile_sidebar_fill_color": "000000",
        "profile_text_color": "000000",
        "profile_use_background_image": false,
        "has_extended_profile": true,
        "default_profile": false,
        "default_profile_image": false,
        "following": null,
        "follow_request_sent": null,
        "notifications": null,
        "translator_type": "none"
    },
    "geo": null,
    "coordinates": null,
    "place": null,
    "contributors": null,
    "is_quote_status": false,
    "retweet_count": 0,
    "favorite_count": 6,
    "favorited": false,
    "retweeted": false,
    "lang": "en"
}