{
    "created_at": "Wed Mar 13 19:50:38 +0000 2019",
    "id": 1105919114680385538,
    "id_str": "1105919114680385538",
    "text": "Urban Decay Makeup Brushes 50% Off &amp; Stila Shimmer &amp; Glow Eyeshadow https://t.co/RW4a6vt0xv",
    "truncated": false,
    "entities": {
        "hashtags": [],
        "symbols": [],
        "user_mentions": [],
        "urls": [
            {
                "url": "https://t.co/RW4a6vt0xv",
                "expanded_url": "https://www.musingsofamuse.com/2019/03/urban-decay-makeup-brushes-50-off-stila-shimmer-glow-eyeshadow.html",
                "display_url": "musingsofamuse.com/2019/03/urban-\u2026",
                "indices": [
                    76,
                    99
                ]
            }
        ]
    },
    "metadata": {
        "iso_language_code": "en",
        "result_type": "recent"
    },
    "source": "<a href=\"http://twitter.com\" rel=\"nofollow\">Twitter Web Client</a>",
    "in_reply_to_status_id": null,
    "in_reply_to_status_id_str": null,
    "in_reply_to_user_id": null,
    "in_reply_to_user_id_str": null,
    "in_reply_to_screen_name": null,
    "user": {
        "id": 15362786,
        "id_str": "15362786",
        "name": "Musings of a Muse",
        "screen_name": "MusingsofaMuse",
        "location": "New York",
        "description": "Musings of a Muse is a #makeup and #beauty blog dedicated to makeup reviews, beauty on a budget finds, skincare, and much more! #bblogger",
        "url": "https://t.co/giJIMijwQA",
        "entities": {
            "url": {
                "urls": [
                    {
                        "url": "https://t.co/giJIMijwQA",
                        "expanded_url": "http://www.musingsofamuse.com",
                        "display_url": "musingsofamuse.com",
                        "indices": [
                            0,
                            23
                        ]
                    }
                ]
            },
            "description": {
                "urls": []
            }
        },
        "protected": false,
        "followers_count": 18047,
        "friends_count": 258,
        "listed_count": 426,
        "created_at": "Wed Jul 09 05:55:56 +0000 2008",
        "favourites_count": 1265,
        "utc_offset": null,
        "time_zone": null,
        "geo_enabled": false,
        "verified": false,
        "statuses_count": 64833,
        "lang": "en",
        "contributors_enabled": false,
        "is_translator": false,
        "is_translation_enabled": false,
        "profile_background_color": "FFF4F4",
        "profile_background_image_url": "http://abs.twimg.com/images/themes/theme11/bg.gif",
        "profile_background_image_url_https": "https://abs.twimg.com/images/themes/theme11/bg.gif",
        "profile_background_tile": true,
        "profile_image_url": "http://pbs.twimg.com/profile_images/378800000864630576/_kkjVx2D_normal.jpeg",
        "profile_image_url_https": "https://pbs.twimg.com/profile_images/378800000864630576/_kkjVx2D_normal.jpeg",
        "profile_banner_url": "https://pbs.twimg.com/profile_banners/15362786/1461800705",
        "profile_link_color": "F4798B",
        "profile_sidebar_border_color": "000000",
        "profile_sidebar_fill_color": "000000",
        "profile_text_color": "000000",
        "profile_use_background_image": true,
        "has_extended_profile": true,
        "default_profile": false,
        "default_profile_image": false,
        "following": null,
        "follow_request_sent": null,
        "notifications": null,
        "translator_type": "none"
    },
    "geo": null,
    "coordinates": null,
    "place": null,
    "contributors": null,
    "is_quote_status": false,
    "retweet_count": 0,
    "favorite_count": 2,
    "favorited": false,
    "retweeted": false,
    "possibly_sensitive": false,
    "lang": "en"
}