{
    "created_at": "Wed Mar 13 16:21:20 +0000 2019",
    "id": 1105866441427902469,
    "id_str": "1105866441427902469",
    "text": "RT @jsismee: Perfect Your Look with Urban Decay! #UrbanDecay #PRGifted #BeautyBloggers #BeautyBlogger #Makeup #MakeupArtist #MakeupAddict #\u2026",
    "truncated": false,
    "entities": {
        "hashtags": [
            {
                "text": "UrbanDecay",
                "indices": [
                    49,
                    60
                ]
            },
            {
                "text": "PRGifted",
                "indices": [
                    61,
                    70
                ]
            },
            {
                "text": "BeautyBloggers",
                "indices": [
                    71,
                    86
                ]
            },
            {
                "text": "BeautyBlogger",
                "indices": [
                    87,
                    101
                ]
            },
            {
                "text": "Makeup",
                "indices": [
                    102,
                    109
                ]
            },
            {
                "text": "MakeupArtist",
                "indices": [
                    110,
                    123
                ]
            },
            {
                "text": "MakeupAddict",
                "indices": [
                    124,
                    137
                ]
            }
        ],
        "symbols": [],
        "user_mentions": [
            {
                "screen_name": "jsismee",
                "name": "The Queen of Cardio",
                "id": 26418467,
                "id_str": "26418467",
                "indices": [
                    3,
                    11
                ]
            }
        ],
        "urls": []
    },
    "metadata": {
        "iso_language_code": "en",
        "result_type": "recent"
    },
    "source": "<a href=\"http://www.rc3.space/\" rel=\"nofollow\">RC Space Scheduler</a>",
    "in_reply_to_status_id": null,
    "in_reply_to_status_id_str": null,
    "in_reply_to_user_id": null,
    "in_reply_to_user_id_str": null,
    "in_reply_to_screen_name": null,
    "user": {
        "id": 632576154,
        "id_str": "632576154",
        "name": "Kim Lee",
        "screen_name": "KimsCravings",
        "location": "Texas",
        "description": "A blogger mom, Making craveable eats healthier, while enjoying a love for all things food and fitness!",
        "url": "https://t.co/J34V1CNWVA",
        "entities": {
            "url": {
                "urls": [
                    {
                        "url": "https://t.co/J34V1CNWVA",
                        "expanded_url": "http://www.kimscravings.com",
                        "display_url": "kimscravings.com",
                        "indices": [
                            0,
                            23
                        ]
                    }
                ]
            },
            "description": {
                "urls": []
            }
        },
        "protected": false,
        "followers_count": 5460,
        "friends_count": 1061,
        "listed_count": 560,
        "created_at": "Wed Jul 11 02:12:46 +0000 2012",
        "favourites_count": 19219,
        "utc_offset": null,
        "time_zone": null,
        "geo_enabled": true,
        "verified": false,
        "statuses_count": 99567,
        "lang": "en",
        "contributors_enabled": false,
        "is_translator": false,
        "is_translation_enabled": false,
        "profile_background_color": "0AB7A8",
        "profile_background_image_url": "http://abs.twimg.com/images/themes/theme1/bg.png",
        "profile_background_image_url_https": "https://abs.twimg.com/images/themes/theme1/bg.png",
        "profile_background_tile": false,
        "profile_image_url": "http://pbs.twimg.com/profile_images/983103154035175429/DRhg777D_normal.jpg",
        "profile_image_url_https": "https://pbs.twimg.com/profile_images/983103154035175429/DRhg777D_normal.jpg",
        "profile_banner_url": "https://pbs.twimg.com/profile_banners/632576154/1523225321",
        "profile_link_color": "F5ABB5",
        "profile_sidebar_border_color": "C0DEED",
        "profile_sidebar_fill_color": "DDEEF6",
        "profile_text_color": "333333",
        "profile_use_background_image": true,
        "has_extended_profile": false,
        "default_profile": false,
        "default_profile_image": false,
        "following": null,
        "follow_request_sent": null,
        "notifications": null,
        "translator_type": "none"
    },
    "geo": null,
    "coordinates": null,
    "place": null,
    "contributors": null,
    "retweeted_status": {
        "created_at": "Tue Mar 12 18:03:03 +0000 2019",
        "id": 1105529652502642688,
        "id_str": "1105529652502642688",
        "text": "Perfect Your Look with Urban Decay! #UrbanDecay #PRGifted #BeautyBloggers #BeautyBlogger #Makeup #MakeupArtist\u2026 https://t.co/kw3eBu477q",
        "truncated": true,
        "entities": {
            "hashtags": [
                {
                    "text": "UrbanDecay",
                    "indices": [
                        36,
                        47
                    ]
                },
                {
                    "text": "PRGifted",
                    "indices": [
                        48,
                        57
                    ]
                },
                {
                    "text": "BeautyBloggers",
                    "indices": [
                        58,
                        73
                    ]
                },
                {
                    "text": "BeautyBlogger",
                    "indices": [
                        74,
                        88
                    ]
                },
                {
                    "text": "Makeup",
                    "indices": [
                        89,
                        96
                    ]
                },
                {
                    "text": "MakeupArtist",
                    "indices": [
                        97,
                        110
                    ]
                }
            ],
            "symbols": [],
            "user_mentions": [],
            "urls": [
                {
                    "url": "https://t.co/kw3eBu477q",
                    "expanded_url": "https://twitter.com/i/web/status/1105529652502642688",
                    "display_url": "twitter.com/i/web/status/1\u2026",
                    "indices": [
                        112,
                        135
                    ]
                }
            ]
        },
        "metadata": {
            "iso_language_code": "en",
            "result_type": "recent"
        },
        "source": "<a href=\"http://twitter.com\" rel=\"nofollow\">Twitter Web Client</a>",
        "in_reply_to_status_id": null,
        "in_reply_to_status_id_str": null,
        "in_reply_to_user_id": null,
        "in_reply_to_user_id_str": null,
        "in_reply_to_screen_name": null,
        "user": {
            "id": 26418467,
            "id_str": "26418467",
            "name": "The Queen of Cardio",
            "screen_name": "jsismee",
            "location": "",
            "description": "I'm a busy married #homeschooling #mom of 4 #kids! I'm also a #blogger, #brandambassador, and social media #influencer. #PR #runner #fitness #health #AZ #fit",
            "url": "https://t.co/4W72vD1zW2",
            "entities": {
                "url": {
                    "urls": [
                        {
                            "url": "https://t.co/4W72vD1zW2",
                            "expanded_url": "http://www.livingafitandfulllife.com",
                            "display_url": "livingafitandfulllife.com",
                            "indices": [
                                0,
                                23
                            ]
                        }
                    ]
                },
                "description": {
                    "urls": []
                }
            },
            "protected": false,
            "followers_count": 16585,
            "friends_count": 7898,
            "listed_count": 1595,
            "created_at": "Wed Mar 25 03:26:29 +0000 2009",
            "favourites_count": 47472,
            "utc_offset": null,
            "time_zone": null,
            "geo_enabled": false,
            "verified": false,
            "statuses_count": 207867,
            "lang": "en",
            "contributors_enabled": false,
            "is_translator": false,
            "is_translation_enabled": false,
            "profile_background_color": "000000",
            "profile_background_image_url": "http://abs.twimg.com/images/themes/theme1/bg.png",
            "profile_background_image_url_https": "https://abs.twimg.com/images/themes/theme1/bg.png",
            "profile_background_tile": false,
            "profile_image_url": "http://pbs.twimg.com/profile_images/839743234746150912/mJZPxmDL_normal.jpg",
            "profile_image_url_https": "https://pbs.twimg.com/profile_images/839743234746150912/mJZPxmDL_normal.jpg",
            "profile_banner_url": "https://pbs.twimg.com/profile_banners/26418467/1463687064",
            "profile_link_color": "7FDBB6",
            "profile_sidebar_border_color": "000000",
            "profile_sidebar_fill_color": "000000",
            "profile_text_color": "000000",
            "profile_use_background_image": false,
            "has_extended_profile": true,
            "default_profile": false,
            "default_profile_image": false,
            "following": null,
            "follow_request_sent": null,
            "notifications": null,
            "translator_type": "none"
        },
        "geo": null,
        "coordinates": null,
        "place": null,
        "contributors": null,
        "is_quote_status": false,
        "retweet_count": 68,
        "favorite_count": 11,
        "favorited": false,
        "retweeted": false,
        "possibly_sensitive": false,
        "lang": "en"
    },
    "is_quote_status": false,
    "retweet_count": 68,
    "favorite_count": 0,
    "favorited": false,
    "retweeted": false,
    "lang": "en"
}