{
    "created_at": "Wed Mar 13 21:54:44 +0000 2019",
    "id": 1105950343626670080,
    "id_str": "1105950343626670080",
    "text": "Naked Reloaded de Urban Decay, neutros para todas. https://t.co/m6IVQZAaMw #Belleza #Salud #Tips https://t.co/XEGpsy39IK",
    "truncated": false,
    "entities": {
        "hashtags": [
            {
                "text": "Belleza",
                "indices": [
                    75,
                    83
                ]
            },
            {
                "text": "Salud",
                "indices": [
                    84,
                    90
                ]
            },
            {
                "text": "Tips",
                "indices": [
                    91,
                    96
                ]
            }
        ],
        "symbols": [],
        "user_mentions": [],
        "urls": [
            {
                "url": "https://t.co/m6IVQZAaMw",
                "expanded_url": "http://bit.ly/2TFvGQ9",
                "display_url": "bit.ly/2TFvGQ9",
                "indices": [
                    51,
                    74
                ]
            }
        ],
        "media": [
            {
                "id": 1105950342506782720,
                "id_str": "1105950342506782720",
                "indices": [
                    97,
                    120
                ],
                "media_url": "http://pbs.twimg.com/media/D1kf-hhWoAAzQUt.jpg",
                "media_url_https": "https://pbs.twimg.com/media/D1kf-hhWoAAzQUt.jpg",
                "url": "https://t.co/XEGpsy39IK",
                "display_url": "pic.twitter.com/XEGpsy39IK",
                "expanded_url": "https://twitter.com/saludybelleza24/status/1105950343626670080/photo/1",
                "type": "photo",
                "sizes": {
                    "medium": {
                        "w": 72,
                        "h": 72,
                        "resize": "fit"
                    },
                    "large": {
                        "w": 72,
                        "h": 72,
                        "resize": "fit"
                    },
                    "small": {
                        "w": 72,
                        "h": 72,
                        "resize": "fit"
                    },
                    "thumb": {
                        "w": 72,
                        "h": 72,
                        "resize": "crop"
                    }
                }
            }
        ]
    },
    "extended_entities": {
        "media": [
            {
                "id": 1105950342506782720,
                "id_str": "1105950342506782720",
                "indices": [
                    97,
                    120
                ],
                "media_url": "http://pbs.twimg.com/media/D1kf-hhWoAAzQUt.jpg",
                "media_url_https": "https://pbs.twimg.com/media/D1kf-hhWoAAzQUt.jpg",
                "url": "https://t.co/XEGpsy39IK",
                "display_url": "pic.twitter.com/XEGpsy39IK",
                "expanded_url": "https://twitter.com/saludybelleza24/status/1105950343626670080/photo/1",
                "type": "photo",
                "sizes": {
                    "medium": {
                        "w": 72,
                        "h": 72,
                        "resize": "fit"
                    },
                    "large": {
                        "w": 72,
                        "h": 72,
                        "resize": "fit"
                    },
                    "small": {
                        "w": 72,
                        "h": 72,
                        "resize": "fit"
                    },
                    "thumb": {
                        "w": 72,
                        "h": 72,
                        "resize": "crop"
                    }
                }
            }
        ]
    },
    "metadata": {
        "iso_language_code": "es",
        "result_type": "recent"
    },
    "source": "<a href=\"https://ifttt.com\" rel=\"nofollow\">IFTTT</a>",
    "in_reply_to_status_id": null,
    "in_reply_to_status_id_str": null,
    "in_reply_to_user_id": null,
    "in_reply_to_user_id_str": null,
    "in_reply_to_screen_name": null,
    "user": {
        "id": 2207858484,
        "id_str": "2207858484",
        "name": "\u2605 Salud y Belleza",
        "screen_name": "saludybelleza24",
        "location": "Barcelona",
        "description": "\u00bfQuieres conocer #TrucosDeBelleza y consejos sobre #Salud? \u00a1Entonces has dado con la cuenta correcta! #Beautytips #Terapiasnaturales #ConsejosSalud #Belleza",
        "url": null,
        "entities": {
            "description": {
                "urls": []
            }
        },
        "protected": false,
        "followers_count": 2165,
        "friends_count": 1414,
        "listed_count": 37,
        "created_at": "Thu Nov 21 21:29:41 +0000 2013",
        "favourites_count": 618,
        "utc_offset": null,
        "time_zone": null,
        "geo_enabled": false,
        "verified": false,
        "statuses_count": 28942,
        "lang": "es",
        "contributors_enabled": false,
        "is_translator": false,
        "is_translation_enabled": false,
        "profile_background_color": "EDECE9",
        "profile_background_image_url": "http://abs.twimg.com/images/themes/theme3/bg.gif",
        "profile_background_image_url_https": "https://abs.twimg.com/images/themes/theme3/bg.gif",
        "profile_background_tile": false,
        "profile_image_url": "http://pbs.twimg.com/profile_images/378800000771664743/3dee0a387d2f890e8816a2a7a0f13a6f_normal.jpeg",
        "profile_image_url_https": "https://pbs.twimg.com/profile_images/378800000771664743/3dee0a387d2f890e8816a2a7a0f13a6f_normal.jpeg",
        "profile_banner_url": "https://pbs.twimg.com/profile_banners/2207858484/1437406908",
        "profile_link_color": "088253",
        "profile_sidebar_border_color": "D3D2CF",
        "profile_sidebar_fill_color": "E3E2DE",
        "profile_text_color": "634047",
        "profile_use_background_image": true,
        "has_extended_profile": false,
        "default_profile": false,
        "default_profile_image": false,
        "following": null,
        "follow_request_sent": null,
        "notifications": null,
        "translator_type": "none"
    },
    "geo": null,
    "coordinates": null,
    "place": null,
    "contributors": null,
    "is_quote_status": false,
    "retweet_count": 0,
    "favorite_count": 0,
    "favorited": false,
    "retweeted": false,
    "possibly_sensitive": false,
    "lang": "es"
}