{
    "created_at": "Wed Mar 13 18:06:53 +0000 2019",
    "id": 1105893003464454157,
    "id_str": "1105893003464454157",
    "text": "New Tumblr post: \"\n\nAshen Falls: The Piano Room,...\" https://t.co/OHfTr48xZG illustration, weird art, gilles kettin\u2026 https://t.co/GNgS8zZwml",
    "truncated": true,
    "entities": {
        "hashtags": [],
        "symbols": [],
        "user_mentions": [],
        "urls": [
            {
                "url": "https://t.co/OHfTr48xZG",
                "expanded_url": "https://ift.tt/2JbUoCR",
                "display_url": "ift.tt/2JbUoCR",
                "indices": [
                    53,
                    76
                ]
            },
            {
                "url": "https://t.co/GNgS8zZwml",
                "expanded_url": "https://twitter.com/i/web/status/1105893003464454157",
                "display_url": "twitter.com/i/web/status/1\u2026",
                "indices": [
                    117,
                    140
                ]
            }
        ]
    },
    "metadata": {
        "iso_language_code": "en",
        "result_type": "recent"
    },
    "source": "<a href=\"https://ifttt.com\" rel=\"nofollow\">IFTTT</a>",
    "in_reply_to_status_id": null,
    "in_reply_to_status_id_str": null,
    "in_reply_to_user_id": null,
    "in_reply_to_user_id_str": null,
    "in_reply_to_screen_name": null,
    "user": {
        "id": 331956766,
        "id_str": "331956766",
        "name": "Weirdletter",
        "screen_name": "Weirdletter",
        "location": "",
        "description": "Weird, horror and fantastic: pages and news from this and other worlds.",
        "url": "https://t.co/hhBf2VBHU9",
        "entities": {
            "url": {
                "urls": [
                    {
                        "url": "https://t.co/hhBf2VBHU9",
                        "expanded_url": "http://weirdletter.tumblr.com",
                        "display_url": "weirdletter.tumblr.com",
                        "indices": [
                            0,
                            23
                        ]
                    }
                ]
            },
            "description": {
                "urls": []
            }
        },
        "protected": false,
        "followers_count": 170,
        "friends_count": 160,
        "listed_count": 5,
        "created_at": "Sat Jul 09 00:23:15 +0000 2011",
        "favourites_count": 0,
        "utc_offset": null,
        "time_zone": null,
        "geo_enabled": false,
        "verified": false,
        "statuses_count": 3534,
        "lang": "it",
        "contributors_enabled": false,
        "is_translator": false,
        "is_translation_enabled": false,
        "profile_background_color": "F9F9EC",
        "profile_background_image_url": "http://abs.twimg.com/images/themes/theme1/bg.png",
        "profile_background_image_url_https": "https://abs.twimg.com/images/themes/theme1/bg.png",
        "profile_background_tile": true,
        "profile_image_url": "http://pbs.twimg.com/profile_images/1036988432130736128/HMtd-WWJ_normal.jpg",
        "profile_image_url_https": "https://pbs.twimg.com/profile_images/1036988432130736128/HMtd-WWJ_normal.jpg",
        "profile_banner_url": "https://pbs.twimg.com/profile_banners/331956766/1536072226",
        "profile_link_color": "2F0101",
        "profile_sidebar_border_color": "CCCCCC",
        "profile_sidebar_fill_color": "FBFBEF",
        "profile_text_color": "333333",
        "profile_use_background_image": true,
        "has_extended_profile": false,
        "default_profile": false,
        "default_profile_image": false,
        "following": null,
        "follow_request_sent": null,
        "notifications": null,
        "translator_type": "none"
    },
    "geo": null,
    "coordinates": null,
    "place": null,
    "contributors": null,
    "is_quote_status": false,
    "retweet_count": 0,
    "favorite_count": 0,
    "favorited": false,
    "retweeted": false,
    "possibly_sensitive": false,
    "lang": "en"
}