{
    "created_at": "Wed Mar 13 21:55:17 +0000 2019",
    "id": 1105950485209473029,
    "id_str": "1105950485209473029",
    "text": "RT @kentabyul: Apparently someone asked kenta about his pearl eye makeup at saturday fansign, bcs he didn't know it, he promised to asked t\u2026",
    "truncated": false,
    "entities": {
        "hashtags": [],
        "symbols": [],
        "user_mentions": [
            {
                "screen_name": "kentabyul",
                "name": "\u2362",
                "id": 2494376514,
                "id_str": "2494376514",
                "indices": [
                    3,
                    13
                ]
            }
        ],
        "urls": []
    },
    "metadata": {
        "iso_language_code": "en",
        "result_type": "recent"
    },
    "source": "<a href=\"http://twitter.com/download/iphone\" rel=\"nofollow\">Twitter for iPhone</a>",
    "in_reply_to_status_id": null,
    "in_reply_to_status_id_str": null,
    "in_reply_to_user_id": null,
    "in_reply_to_user_id_str": null,
    "in_reply_to_screen_name": null,
    "user": {
        "id": 880543672407801856,
        "id_str": "880543672407801856",
        "name": "HAPPY JYUN DAY!! \u2665\ufe0f\u2665\ufe0f",
        "screen_name": "chwnotchew",
        "location": "",
        "description": "\ud83c\udf6f\ud83c\udf6f\ud83c\udf6f\ud83c\udf6f",
        "url": "https://t.co/cHZdP4uOdu",
        "entities": {
            "url": {
                "urls": [
                    {
                        "url": "https://t.co/cHZdP4uOdu",
                        "expanded_url": "http://google.com",
                        "display_url": "google.com",
                        "indices": [
                            0,
                            23
                        ]
                    }
                ]
            },
            "description": {
                "urls": []
            }
        },
        "protected": false,
        "followers_count": 85,
        "friends_count": 62,
        "listed_count": 3,
        "created_at": "Thu Jun 29 21:49:06 +0000 2017",
        "favourites_count": 39364,
        "utc_offset": null,
        "time_zone": null,
        "geo_enabled": true,
        "verified": false,
        "statuses_count": 55495,
        "lang": "en",
        "contributors_enabled": false,
        "is_translator": false,
        "is_translation_enabled": false,
        "profile_background_color": "000000",
        "profile_background_image_url": "http://abs.twimg.com/images/themes/theme1/bg.png",
        "profile_background_image_url_https": "https://abs.twimg.com/images/themes/theme1/bg.png",
        "profile_background_tile": false,
        "profile_image_url": "http://pbs.twimg.com/profile_images/1089954258084974592/Iz2D1OOe_normal.jpg",
        "profile_image_url_https": "https://pbs.twimg.com/profile_images/1089954258084974592/Iz2D1OOe_normal.jpg",
        "profile_banner_url": "https://pbs.twimg.com/profile_banners/880543672407801856/1551798248",
        "profile_link_color": "00214D",
        "profile_sidebar_border_color": "000000",
        "profile_sidebar_fill_color": "000000",
        "profile_text_color": "000000",
        "profile_use_background_image": false,
        "has_extended_profile": true,
        "default_profile": false,
        "default_profile_image": false,
        "following": null,
        "follow_request_sent": null,
        "notifications": null,
        "translator_type": "none"
    },
    "geo": null,
    "coordinates": null,
    "place": null,
    "contributors": null,
    "retweeted_status": {
        "created_at": "Mon Jan 29 02:15:38 +0000 2018",
        "id": 957799364402995200,
        "id_str": "957799364402995200",
        "text": "Apparently someone asked kenta about his pearl eye makeup at saturday fansign, bcs he didn't know it, he promised t\u2026 https://t.co/bcdczAXQGZ",
        "truncated": true,
        "entities": {
            "hashtags": [],
            "symbols": [],
            "user_mentions": [],
            "urls": [
                {
                    "url": "https://t.co/bcdczAXQGZ",
                    "expanded_url": "https://twitter.com/i/web/status/957799364402995200",
                    "display_url": "twitter.com/i/web/status/9\u2026",
                    "indices": [
                        117,
                        140
                    ]
                }
            ]
        },
        "metadata": {
            "iso_language_code": "en",
            "result_type": "recent"
        },
        "source": "<a href=\"http://twitter.com/download/android\" rel=\"nofollow\">Twitter for Android</a>",
        "in_reply_to_status_id": 957667057885110272,
        "in_reply_to_status_id_str": "957667057885110272",
        "in_reply_to_user_id": 2494376514,
        "in_reply_to_user_id_str": "2494376514",
        "in_reply_to_screen_name": "kentabyul",
        "user": {
            "id": 2494376514,
            "id_str": "2494376514",
            "name": "\u2362",
            "screen_name": "kentabyul",
            "location": "archived = \u2764",
            "description": "\uc5b8\uc81c\ub098 \ube5b\ub0a0 \ucf04\ud0c0\ub97c \uc751\uc6d0\ud574\ud83c\udf1f",
            "url": null,
            "entities": {
                "description": {
                    "urls": []
                }
            },
            "protected": false,
            "followers_count": 3116,
            "friends_count": 163,
            "listed_count": 86,
            "created_at": "Wed May 14 17:29:00 +0000 2014",
            "favourites_count": 2723,
            "utc_offset": null,
            "time_zone": null,
            "geo_enabled": true,
            "verified": false,
            "statuses_count": 106545,
            "lang": "en",
            "contributors_enabled": false,
            "is_translator": false,
            "is_translation_enabled": false,
            "profile_background_color": "C0DEED",
            "profile_background_image_url": "http://abs.twimg.com/images/themes/theme1/bg.png",
            "profile_background_image_url_https": "https://abs.twimg.com/images/themes/theme1/bg.png",
            "profile_background_tile": true,
            "profile_image_url": "http://pbs.twimg.com/profile_images/1105862135626645504/ZsPzKoq0_normal.jpg",
            "profile_image_url_https": "https://pbs.twimg.com/profile_images/1105862135626645504/ZsPzKoq0_normal.jpg",
            "profile_banner_url": "https://pbs.twimg.com/profile_banners/2494376514/1552491825",
            "profile_link_color": "19CF86",
            "profile_sidebar_border_color": "000000",
            "profile_sidebar_fill_color": "DDEEF6",
            "profile_text_color": "333333",
            "profile_use_background_image": true,
            "has_extended_profile": false,
            "default_profile": false,
            "default_profile_image": false,
            "following": null,
            "follow_request_sent": null,
            "notifications": null,
            "translator_type": "none"
        },
        "geo": null,
        "coordinates": null,
        "place": null,
        "contributors": null,
        "is_quote_status": false,
        "retweet_count": 40,
        "favorite_count": 52,
        "favorited": false,
        "retweeted": false,
        "possibly_sensitive": false,
        "lang": "en"
    },
    "is_quote_status": false,
    "retweet_count": 40,
    "favorite_count": 0,
    "favorited": false,
    "retweeted": false,
    "lang": "en"
}