{
    "created_at": "Thu Mar 14 00:43:39 +0000 2019",
    "id": 1105992854378369024,
    "id_str": "1105992854378369024",
    "text": "I bought an urban decay to substitute the one that my work bussy ruined with her dirty fingers and it was super exp\u2026 https://t.co/zTsVae2rcv",
    "truncated": true,
    "entities": {
        "hashtags": [],
        "symbols": [],
        "user_mentions": [],
        "urls": [
            {
                "url": "https://t.co/zTsVae2rcv",
                "expanded_url": "https://twitter.com/i/web/status/1105992854378369024",
                "display_url": "twitter.com/i/web/status/1\u2026",
                "indices": [
                    117,
                    140
                ]
            }
        ]
    },
    "metadata": {
        "iso_language_code": "en",
        "result_type": "recent"
    },
    "source": "<a href=\"http://twitter.com/download/android\" rel=\"nofollow\">Twitter for Android</a>",
    "in_reply_to_status_id": null,
    "in_reply_to_status_id_str": null,
    "in_reply_to_user_id": null,
    "in_reply_to_user_id_str": null,
    "in_reply_to_screen_name": null,
    "user": {
        "id": 305988893,
        "id_str": "305988893",
        "name": "Kyu...",
        "screen_name": "kyukyunut",
        "location": "",
        "description": "\ud83c\uddf2\ud83c\uddfd \u2728 Fujo aunt \u2728 Aldnoah Zero/Boueibu/MoDaoZuShi/Utapri/YOI \u2728 expect RTs and complaints about work",
        "url": null,
        "entities": {
            "description": {
                "urls": []
            }
        },
        "protected": false,
        "followers_count": 71,
        "friends_count": 287,
        "listed_count": 1,
        "created_at": "Fri May 27 02:58:48 +0000 2011",
        "favourites_count": 1107,
        "utc_offset": null,
        "time_zone": null,
        "geo_enabled": false,
        "verified": false,
        "statuses_count": 14709,
        "lang": "en",
        "contributors_enabled": false,
        "is_translator": false,
        "is_translation_enabled": false,
        "profile_background_color": "000000",
        "profile_background_image_url": "http://abs.twimg.com/images/themes/theme7/bg.gif",
        "profile_background_image_url_https": "https://abs.twimg.com/images/themes/theme7/bg.gif",
        "profile_background_tile": false,
        "profile_image_url": "http://pbs.twimg.com/profile_images/1088085166025818113/5ELIF2fC_normal.jpg",
        "profile_image_url_https": "https://pbs.twimg.com/profile_images/1088085166025818113/5ELIF2fC_normal.jpg",
        "profile_banner_url": "https://pbs.twimg.com/profile_banners/305988893/1518497877",
        "profile_link_color": "A5195E",
        "profile_sidebar_border_color": "000000",
        "profile_sidebar_fill_color": "000000",
        "profile_text_color": "000000",
        "profile_use_background_image": false,
        "has_extended_profile": true,
        "default_profile": false,
        "default_profile_image": false,
        "following": null,
        "follow_request_sent": null,
        "notifications": null,
        "translator_type": "none"
    },
    "geo": null,
    "coordinates": null,
    "place": null,
    "contributors": null,
    "is_quote_status": false,
    "retweet_count": 0,
    "favorite_count": 0,
    "favorited": false,
    "retweeted": false,
    "lang": "en"
}