{
    "created_at": "Wed Mar 13 17:21:30 +0000 2019",
    "id": 1105881584106946560,
    "id_str": "1105881584106946560",
    "text": "RT @rahnoom: A list of cruelty free makeup brands because it's 2019 and animal testing needs to be banned:\nColourpop\nWet n Wild\nMilk Makeup\u2026",
    "truncated": false,
    "entities": {
        "hashtags": [],
        "symbols": [],
        "user_mentions": [
            {
                "screen_name": "rahnoom",
                "name": "m",
                "id": 1104297596330205184,
                "id_str": "1104297596330205184",
                "indices": [
                    3,
                    11
                ]
            }
        ],
        "urls": []
    },
    "metadata": {
        "iso_language_code": "en",
        "result_type": "recent"
    },
    "source": "<a href=\"http://twitter.com/download/android\" rel=\"nofollow\">Twitter for Android</a>",
    "in_reply_to_status_id": null,
    "in_reply_to_status_id_str": null,
    "in_reply_to_user_id": null,
    "in_reply_to_user_id_str": null,
    "in_reply_to_screen_name": null,
    "user": {
        "id": 4875309118,
        "id_str": "4875309118",
        "name": "Janet Blaisdelllane",
        "screen_name": "JBlaisdelllane",
        "location": "Maine, USA",
        "description": "#influencer #makeup #beautyjunkie #influenster #hair #beauty #mue  PayPal summerheart09@gmail.com #vogue #style #grace #lips #fashion#giveaways",
        "url": null,
        "entities": {
            "description": {
                "urls": []
            }
        },
        "protected": false,
        "followers_count": 2669,
        "friends_count": 4844,
        "listed_count": 8,
        "created_at": "Thu Feb 04 00:18:29 +0000 2016",
        "favourites_count": 25127,
        "utc_offset": null,
        "time_zone": null,
        "geo_enabled": false,
        "verified": false,
        "statuses_count": 9869,
        "lang": "en",
        "contributors_enabled": false,
        "is_translator": false,
        "is_translation_enabled": false,
        "profile_background_color": "F5F8FA",
        "profile_background_image_url": null,
        "profile_background_image_url_https": null,
        "profile_background_tile": false,
        "profile_image_url": "http://pbs.twimg.com/profile_images/911009859822383104/51QJxfe9_normal.jpg",
        "profile_image_url_https": "https://pbs.twimg.com/profile_images/911009859822383104/51QJxfe9_normal.jpg",
        "profile_link_color": "1DA1F2",
        "profile_sidebar_border_color": "C0DEED",
        "profile_sidebar_fill_color": "DDEEF6",
        "profile_text_color": "333333",
        "profile_use_background_image": true,
        "has_extended_profile": true,
        "default_profile": true,
        "default_profile_image": false,
        "following": null,
        "follow_request_sent": null,
        "notifications": null,
        "translator_type": "none"
    },
    "geo": null,
    "coordinates": null,
    "place": null,
    "contributors": null,
    "retweeted_status": {
        "created_at": "Sat Mar 09 22:18:58 +0000 2019",
        "id": 1104506891097395201,
        "id_str": "1104506891097395201",
        "text": "A list of cruelty free makeup brands because it's 2019 and animal testing needs to be banned:\nColourpop\nWet n Wild\u2026 https://t.co/ee6IqOSJoO",
        "truncated": true,
        "entities": {
            "hashtags": [],
            "symbols": [],
            "user_mentions": [],
            "urls": [
                {
                    "url": "https://t.co/ee6IqOSJoO",
                    "expanded_url": "https://twitter.com/i/web/status/1104506891097395201",
                    "display_url": "twitter.com/i/web/status/1\u2026",
                    "indices": [
                        116,
                        139
                    ]
                }
            ]
        },
        "metadata": {
            "iso_language_code": "en",
            "result_type": "recent"
        },
        "source": "<a href=\"http://twitter.com\" rel=\"nofollow\">Twitter Web Client</a>",
        "in_reply_to_status_id": null,
        "in_reply_to_status_id_str": null,
        "in_reply_to_user_id": null,
        "in_reply_to_user_id_str": null,
        "in_reply_to_screen_name": null,
        "user": {
            "id": 1104297596330205184,
            "id_str": "1104297596330205184",
            "name": "m",
            "screen_name": "rahnoom",
            "location": "islamabad and vancouver trash",
            "description": "Feminist. Pakistani. No time for white or male tears. I'm that angry sjw. Comedy TV stan. Harry Styles and Blair Waldorf enthusiast. BLM.",
            "url": "https://t.co/oPQtz5oIgY",
            "entities": {
                "url": {
                    "urls": [
                        {
                            "url": "https://t.co/oPQtz5oIgY",
                            "expanded_url": "https://curiouscat.me/rahnoom",
                            "display_url": "curiouscat.me/rahnoom",
                            "indices": [
                                0,
                                23
                            ]
                        }
                    ]
                },
                "description": {
                    "urls": []
                }
            },
            "protected": false,
            "followers_count": 59,
            "friends_count": 84,
            "listed_count": 0,
            "created_at": "Sat Mar 09 08:27:18 +0000 2019",
            "favourites_count": 1161,
            "utc_offset": null,
            "time_zone": null,
            "geo_enabled": false,
            "verified": false,
            "statuses_count": 586,
            "lang": "en",
            "contributors_enabled": false,
            "is_translator": false,
            "is_translation_enabled": false,
            "profile_background_color": "F5F8FA",
            "profile_background_image_url": null,
            "profile_background_image_url_https": null,
            "profile_background_tile": false,
            "profile_image_url": "http://pbs.twimg.com/profile_images/1105420298172588033/Ya7dTS8y_normal.png",
            "profile_image_url_https": "https://pbs.twimg.com/profile_images/1105420298172588033/Ya7dTS8y_normal.png",
            "profile_banner_url": "https://pbs.twimg.com/profile_banners/1104297596330205184/1552120873",
            "profile_link_color": "1DA1F2",
            "profile_sidebar_border_color": "C0DEED",
            "profile_sidebar_fill_color": "DDEEF6",
            "profile_text_color": "333333",
            "profile_use_background_image": true,
            "has_extended_profile": false,
            "default_profile": true,
            "default_profile_image": false,
            "following": null,
            "follow_request_sent": null,
            "notifications": null,
            "translator_type": "none"
        },
        "geo": null,
        "coordinates": null,
        "place": null,
        "contributors": null,
        "is_quote_status": false,
        "retweet_count": 8,
        "favorite_count": 14,
        "favorited": false,
        "retweeted": false,
        "lang": "en"
    },
    "is_quote_status": false,
    "retweet_count": 8,
    "favorite_count": 0,
    "favorited": false,
    "retweeted": false,
    "lang": "en"
}