{
    "created_at": "Wed Mar 13 14:51:24 +0000 2019",
    "id": 1105843807877160961,
    "id_str": "1105843807877160961",
    "text": "holy shit urban decay x GoT \ud83d\ude14\u270a\ud83c\udffb",
    "truncated": false,
    "entities": {
        "hashtags": [],
        "symbols": [],
        "user_mentions": [],
        "urls": []
    },
    "metadata": {
        "iso_language_code": "en",
        "result_type": "recent"
    },
    "source": "<a href=\"http://twitter.com/download/iphone\" rel=\"nofollow\">Twitter for iPhone</a>",
    "in_reply_to_status_id": null,
    "in_reply_to_status_id_str": null,
    "in_reply_to_user_id": null,
    "in_reply_to_user_id_str": null,
    "in_reply_to_screen_name": null,
    "user": {
        "id": 3301462043,
        "id_str": "3301462043",
        "name": "karylle mae #StandWithOURFarmers",
        "screen_name": "kvrylle",
        "location": "Map\u00f9a",
        "description": "myles",
        "url": "https://t.co/PVwKAn9BCY",
        "entities": {
            "url": {
                "urls": [
                    {
                        "url": "https://t.co/PVwKAn9BCY",
                        "expanded_url": "http://instagram.com/kvrylle",
                        "display_url": "instagram.com/kvrylle",
                        "indices": [
                            0,
                            23
                        ]
                    }
                ]
            },
            "description": {
                "urls": []
            }
        },
        "protected": false,
        "followers_count": 356,
        "friends_count": 323,
        "listed_count": 0,
        "created_at": "Thu May 28 09:12:34 +0000 2015",
        "favourites_count": 24217,
        "utc_offset": null,
        "time_zone": null,
        "geo_enabled": true,
        "verified": false,
        "statuses_count": 20067,
        "lang": "en",
        "contributors_enabled": false,
        "is_translator": false,
        "is_translation_enabled": false,
        "profile_background_color": "F5ABB5",
        "profile_background_image_url": "http://abs.twimg.com/images/themes/theme11/bg.gif",
        "profile_background_image_url_https": "https://abs.twimg.com/images/themes/theme11/bg.gif",
        "profile_background_tile": true,
        "profile_image_url": "http://pbs.twimg.com/profile_images/1104386786204119040/zZEEfp6m_normal.jpg",
        "profile_image_url_https": "https://pbs.twimg.com/profile_images/1104386786204119040/zZEEfp6m_normal.jpg",
        "profile_banner_url": "https://pbs.twimg.com/profile_banners/3301462043/1552490415",
        "profile_link_color": "F58EA8",
        "profile_sidebar_border_color": "000000",
        "profile_sidebar_fill_color": "000000",
        "profile_text_color": "000000",
        "profile_use_background_image": false,
        "has_extended_profile": false,
        "default_profile": false,
        "default_profile_image": false,
        "following": null,
        "follow_request_sent": null,
        "notifications": null,
        "translator_type": "none"
    },
    "geo": null,
    "coordinates": null,
    "place": null,
    "contributors": null,
    "is_quote_status": false,
    "retweet_count": 0,
    "favorite_count": 0,
    "favorited": false,
    "retweeted": false,
    "lang": "en"
}