{
    "created_at": "Wed Mar 13 15:33:53 +0000 2019",
    "id": 1105854503147003906,
    "id_str": "1105854503147003906",
    "text": "RT @coloabandoned: \ud83c\udf0e\nThe \u201cCapturing The Abandoned\u201d Podcast - A Foray into the World of Rural and Urban Abandoned Exploration.  You can find\u2026",
    "truncated": false,
    "entities": {
        "hashtags": [],
        "symbols": [],
        "user_mentions": [
            {
                "screen_name": "coloabandoned",
                "name": "coloradoabandoned",
                "id": 797448528477954048,
                "id_str": "797448528477954048",
                "indices": [
                    3,
                    17
                ]
            }
        ],
        "urls": []
    },
    "metadata": {
        "iso_language_code": "en",
        "result_type": "recent"
    },
    "source": "<a href=\"http://twitter.com\" rel=\"nofollow\">Twitter Web Client</a>",
    "in_reply_to_status_id": null,
    "in_reply_to_status_id_str": null,
    "in_reply_to_user_id": null,
    "in_reply_to_user_id_str": null,
    "in_reply_to_screen_name": null,
    "user": {
        "id": 1021790612444643335,
        "id_str": "1021790612444643335",
        "name": "Galaxy Gallery",
        "screen_name": "GalaxyGallery2",
        "location": "",
        "description": "",
        "url": null,
        "entities": {
            "description": {
                "urls": []
            }
        },
        "protected": false,
        "followers_count": 14,
        "friends_count": 145,
        "listed_count": 0,
        "created_at": "Tue Jul 24 16:14:00 +0000 2018",
        "favourites_count": 24,
        "utc_offset": null,
        "time_zone": null,
        "geo_enabled": false,
        "verified": false,
        "statuses_count": 91,
        "lang": "en",
        "contributors_enabled": false,
        "is_translator": false,
        "is_translation_enabled": false,
        "profile_background_color": "F5F8FA",
        "profile_background_image_url": null,
        "profile_background_image_url_https": null,
        "profile_background_tile": false,
        "profile_image_url": "http://pbs.twimg.com/profile_images/1021792949686784000/AsV8GwhF_normal.jpg",
        "profile_image_url_https": "https://pbs.twimg.com/profile_images/1021792949686784000/AsV8GwhF_normal.jpg",
        "profile_link_color": "1DA1F2",
        "profile_sidebar_border_color": "C0DEED",
        "profile_sidebar_fill_color": "DDEEF6",
        "profile_text_color": "333333",
        "profile_use_background_image": true,
        "has_extended_profile": false,
        "default_profile": true,
        "default_profile_image": false,
        "following": null,
        "follow_request_sent": null,
        "notifications": null,
        "translator_type": "none"
    },
    "geo": null,
    "coordinates": null,
    "place": null,
    "contributors": null,
    "retweeted_status": {
        "created_at": "Mon Feb 25 23:45:24 +0000 2019",
        "id": 1100179988467265536,
        "id_str": "1100179988467265536",
        "text": "\ud83c\udf0e\nThe \u201cCapturing The Abandoned\u201d Podcast - A Foray into the World of Rural and Urban Abandoned Exploration.  You can\u2026 https://t.co/uOJnBl4kha",
        "truncated": true,
        "entities": {
            "hashtags": [],
            "symbols": [],
            "user_mentions": [],
            "urls": [
                {
                    "url": "https://t.co/uOJnBl4kha",
                    "expanded_url": "https://twitter.com/i/web/status/1100179988467265536",
                    "display_url": "twitter.com/i/web/status/1\u2026",
                    "indices": [
                        117,
                        140
                    ]
                }
            ]
        },
        "metadata": {
            "iso_language_code": "en",
            "result_type": "recent"
        },
        "source": "<a href=\"http://twitter.com/#!/download/ipad\" rel=\"nofollow\">Twitter for iPad</a>",
        "in_reply_to_status_id": null,
        "in_reply_to_status_id_str": null,
        "in_reply_to_user_id": null,
        "in_reply_to_user_id_str": null,
        "in_reply_to_screen_name": null,
        "user": {
            "id": 797448528477954048,
            "id_str": "797448528477954048",
            "name": "coloradoabandoned",
            "screen_name": "coloabandoned",
            "location": "Lamar, CO",
            "description": "Welcome to Colorado Abandoned! This is a photographic experience that captures artifacts and locations left abandoned to the elements in Colorado.",
            "url": "https://t.co/tkHjJ11yle",
            "entities": {
                "url": {
                    "urls": [
                        {
                            "url": "https://t.co/tkHjJ11yle",
                            "expanded_url": "https://coloradoabandoned.com/",
                            "display_url": "coloradoabandoned.com",
                            "indices": [
                                0,
                                23
                            ]
                        }
                    ]
                },
                "description": {
                    "urls": []
                }
            },
            "protected": false,
            "followers_count": 341,
            "friends_count": 648,
            "listed_count": 7,
            "created_at": "Sat Nov 12 14:38:39 +0000 2016",
            "favourites_count": 1400,
            "utc_offset": null,
            "time_zone": null,
            "geo_enabled": false,
            "verified": false,
            "statuses_count": 455,
            "lang": "en",
            "contributors_enabled": false,
            "is_translator": false,
            "is_translation_enabled": false,
            "profile_background_color": "F5F8FA",
            "profile_background_image_url": null,
            "profile_background_image_url_https": null,
            "profile_background_tile": false,
            "profile_image_url": "http://pbs.twimg.com/profile_images/797451331153764352/ZknyMfXe_normal.jpg",
            "profile_image_url_https": "https://pbs.twimg.com/profile_images/797451331153764352/ZknyMfXe_normal.jpg",
            "profile_banner_url": "https://pbs.twimg.com/profile_banners/797448528477954048/1478962159",
            "profile_link_color": "1DA1F2",
            "profile_sidebar_border_color": "C0DEED",
            "profile_sidebar_fill_color": "DDEEF6",
            "profile_text_color": "333333",
            "profile_use_background_image": true,
            "has_extended_profile": false,
            "default_profile": true,
            "default_profile_image": false,
            "following": null,
            "follow_request_sent": null,
            "notifications": null,
            "translator_type": "none"
        },
        "geo": null,
        "coordinates": null,
        "place": null,
        "contributors": null,
        "is_quote_status": false,
        "retweet_count": 1,
        "favorite_count": 2,
        "favorited": false,
        "retweeted": false,
        "possibly_sensitive": false,
        "lang": "en"
    },
    "is_quote_status": false,
    "retweet_count": 1,
    "favorite_count": 0,
    "favorited": false,
    "retweeted": false,
    "lang": "en"
}