{
    "created_at": "Wed Mar 13 17:51:26 +0000 2019",
    "id": 1105889115541831680,
    "id_str": "1105889115541831680",
    "text": "Les palettes Urban Decay sont tr\u00e8s moches et n'ont aucun int\u00e9r\u00eat https://t.co/Rm5za2BhxZ",
    "truncated": false,
    "entities": {
        "hashtags": [],
        "symbols": [],
        "user_mentions": [],
        "urls": [
            {
                "url": "https://t.co/Rm5za2BhxZ",
                "expanded_url": "https://twitter.com/tunisianforlife/status/1104821995403923456",
                "display_url": "twitter.com/tunisianforlif\u2026",
                "indices": [
                    65,
                    88
                ]
            }
        ]
    },
    "metadata": {
        "iso_language_code": "fr",
        "result_type": "recent"
    },
    "source": "<a href=\"http://twitter.com/download/android\" rel=\"nofollow\">Twitter for Android</a>",
    "in_reply_to_status_id": null,
    "in_reply_to_status_id_str": null,
    "in_reply_to_user_id": null,
    "in_reply_to_user_id_str": null,
    "in_reply_to_screen_name": null,
    "user": {
        "id": 3201160331,
        "id_str": "3201160331",
        "name": ".\u3002\uff65:*\u2661\ud835\udcf9\ud835\udcfb\ud835\udcee\ud835\udcfc\ud835\udcec\ud835\udcf2\ud835\udcf5\ud835\udcf5\ud835\udcea\u2661*:\uff65\u3002.",
        "screen_name": "memoonria",
        "location": "lucas \ud83d\udc93",
        "description": "\ud835\ude4f\ud835\ude5d\ud835\ude5a\ud835\ude6e \ud835\ude57\ud835\ude5a \ud835\ude68\ud835\ude56\ud835\ude61\ud835\ude69\ud835\ude6e \ud835\ude61\ud835\ude5e\ud835\ude60\ud835\ude5a \ud835\ude68\ud835\ude64\ud835\ude59\ud835\ude5e\ud835\ude6a\ud835\ude62\ud83e\udd8b 22; \u1d31\u207f\u1da0\u1d56-\u1d57; school animator and english teacher",
        "url": "https://t.co/GKj98ctfmZ",
        "entities": {
            "url": {
                "urls": [
                    {
                        "url": "https://t.co/GKj98ctfmZ",
                        "expanded_url": "https://kingdomelody.wordpress.com/",
                        "display_url": "kingdomelody.wordpress.com",
                        "indices": [
                            0,
                            23
                        ]
                    }
                ]
            },
            "description": {
                "urls": []
            }
        },
        "protected": false,
        "followers_count": 81,
        "friends_count": 73,
        "listed_count": 8,
        "created_at": "Fri Apr 24 14:04:06 +0000 2015",
        "favourites_count": 3870,
        "utc_offset": null,
        "time_zone": null,
        "geo_enabled": false,
        "verified": false,
        "statuses_count": 29787,
        "lang": "fr",
        "contributors_enabled": false,
        "is_translator": false,
        "is_translation_enabled": false,
        "profile_background_color": "FFFFFF",
        "profile_background_image_url": "http://abs.twimg.com/images/themes/theme1/bg.png",
        "profile_background_image_url_https": "https://abs.twimg.com/images/themes/theme1/bg.png",
        "profile_background_tile": false,
        "profile_image_url": "http://pbs.twimg.com/profile_images/1105934484824907777/E8tRTuAE_normal.jpg",
        "profile_image_url_https": "https://pbs.twimg.com/profile_images/1105934484824907777/E8tRTuAE_normal.jpg",
        "profile_banner_url": "https://pbs.twimg.com/profile_banners/3201160331/1552510303",
        "profile_link_color": "000000",
        "profile_sidebar_border_color": "C0DEED",
        "profile_sidebar_fill_color": "DDEEF6",
        "profile_text_color": "333333",
        "profile_use_background_image": false,
        "has_extended_profile": true,
        "default_profile": false,
        "default_profile_image": false,
        "following": null,
        "follow_request_sent": null,
        "notifications": null,
        "translator_type": "none"
    },
    "geo": null,
    "coordinates": null,
    "place": null,
    "contributors": null,
    "is_quote_status": true,
    "quoted_status_id": 1104821995403923456,
    "quoted_status_id_str": "1104821995403923456",
    "quoted_status": {
        "created_at": "Sun Mar 10 19:11:04 +0000 2019",
        "id": 1104821995403923456,
        "id_str": "1104821995403923456",
        "text": "Unpopular opinion : make up https://t.co/7rn5JZ1wSV",
        "truncated": false,
        "entities": {
            "hashtags": [],
            "symbols": [],
            "user_mentions": [],
            "urls": [],
            "media": [
                {
                    "id": 1104821984079347713,
                    "id_str": "1104821984079347713",
                    "indices": [
                        28,
                        51
                    ],
                    "media_url": "http://pbs.twimg.com/media/D1Udva0XgAEOYE0.jpg",
                    "media_url_https": "https://pbs.twimg.com/media/D1Udva0XgAEOYE0.jpg",
                    "url": "https://t.co/7rn5JZ1wSV",
                    "display_url": "pic.twitter.com/7rn5JZ1wSV",
                    "expanded_url": "https://twitter.com/tunisianforlife/status/1104821995403923456/photo/1",
                    "type": "photo",
                    "sizes": {
                        "thumb": {
                            "w": 150,
                            "h": 150,
                            "resize": "crop"
                        },
                        "large": {
                            "w": 1275,
                            "h": 1700,
                            "resize": "fit"
                        },
                        "small": {
                            "w": 510,
                            "h": 680,
                            "resize": "fit"
                        },
                        "medium": {
                            "w": 900,
                            "h": 1200,
                            "resize": "fit"
                        }
                    }
                }
            ]
        },
        "extended_entities": {
            "media": [
                {
                    "id": 1104821984079347713,
                    "id_str": "1104821984079347713",
                    "indices": [
                        28,
                        51
                    ],
                    "media_url": "http://pbs.twimg.com/media/D1Udva0XgAEOYE0.jpg",
                    "media_url_https": "https://pbs.twimg.com/media/D1Udva0XgAEOYE0.jpg",
                    "url": "https://t.co/7rn5JZ1wSV",
                    "display_url": "pic.twitter.com/7rn5JZ1wSV",
                    "expanded_url": "https://twitter.com/tunisianforlife/status/1104821995403923456/photo/1",
                    "type": "photo",
                    "sizes": {
                        "thumb": {
                            "w": 150,
                            "h": 150,
                            "resize": "crop"
                        },
                        "large": {
                            "w": 1275,
                            "h": 1700,
                            "resize": "fit"
                        },
                        "small": {
                            "w": 510,
                            "h": 680,
                            "resize": "fit"
                        },
                        "medium": {
                            "w": 900,
                            "h": 1200,
                            "resize": "fit"
                        }
                    }
                }
            ]
        },
        "metadata": {
            "iso_language_code": "fr",
            "result_type": "recent"
        },
        "source": "<a href=\"http://twitter.com/download/iphone\" rel=\"nofollow\">Twitter for iPhone</a>",
        "in_reply_to_status_id": null,
        "in_reply_to_status_id_str": null,
        "in_reply_to_user_id": null,
        "in_reply_to_user_id_str": null,
        "in_reply_to_screen_name": null,
        "user": {
            "id": 762239711507320832,
            "id_str": "762239711507320832",
            "name": "\u00c9ternelle insatisfaite",
            "screen_name": "tunisianforlife",
            "location": "perdue entre Grenoble&Valence",
            "description": "Aka l\u2019enfant sauvage",
            "url": null,
            "entities": {
                "description": {
                    "urls": []
                }
            },
            "protected": false,
            "followers_count": 1265,
            "friends_count": 634,
            "listed_count": 28,
            "created_at": "Sun Aug 07 10:51:23 +0000 2016",
            "favourites_count": 8320,
            "utc_offset": null,
            "time_zone": null,
            "geo_enabled": true,
            "verified": false,
            "statuses_count": 29473,
            "lang": "fr",
            "contributors_enabled": false,
            "is_translator": false,
            "is_translation_enabled": false,
            "profile_background_color": "F5F8FA",
            "profile_background_image_url": null,
            "profile_background_image_url_https": null,
            "profile_background_tile": false,
            "profile_image_url": "http://pbs.twimg.com/profile_images/1098548907037130753/W4LKxi6r_normal.jpg",
            "profile_image_url_https": "https://pbs.twimg.com/profile_images/1098548907037130753/W4LKxi6r_normal.jpg",
            "profile_banner_url": "https://pbs.twimg.com/profile_banners/762239711507320832/1550738244",
            "profile_link_color": "1DA1F2",
            "profile_sidebar_border_color": "C0DEED",
            "profile_sidebar_fill_color": "DDEEF6",
            "profile_text_color": "333333",
            "profile_use_background_image": true,
            "has_extended_profile": false,
            "default_profile": true,
            "default_profile_image": false,
            "following": null,
            "follow_request_sent": null,
            "notifications": null,
            "translator_type": "none"
        },
        "geo": null,
        "coordinates": null,
        "place": null,
        "contributors": null,
        "is_quote_status": false,
        "retweet_count": 26,
        "favorite_count": 183,
        "favorited": false,
        "retweeted": false,
        "possibly_sensitive": false,
        "lang": "en"
    },
    "retweet_count": 0,
    "favorite_count": 1,
    "favorited": false,
    "retweeted": false,
    "possibly_sensitive": false,
    "lang": "fr"
}