{
    "created_at": "Wed Mar 13 20:44:40 +0000 2019",
    "id": 1105932711519313922,
    "id_str": "1105932711519313922",
    "text": "@Vipsiee @_Tabithot This!!!  I will always swear by Urban Decay 24/7 glide-on liner for waterline.",
    "truncated": false,
    "entities": {
        "hashtags": [],
        "symbols": [],
        "user_mentions": [
            {
                "screen_name": "Vipsiee",
                "name": "Vips~\u00b0\u2022\u2606",
                "id": 851173810099421185,
                "id_str": "851173810099421185",
                "indices": [
                    0,
                    8
                ]
            },
            {
                "screen_name": "_Tabithot",
                "name": "pastel sims",
                "id": 2777538110,
                "id_str": "2777538110",
                "indices": [
                    9,
                    19
                ]
            }
        ],
        "urls": []
    },
    "metadata": {
        "iso_language_code": "en",
        "result_type": "recent"
    },
    "source": "<a href=\"http://twitter.com/download/iphone\" rel=\"nofollow\">Twitter for iPhone</a>",
    "in_reply_to_status_id": 1105534394654212096,
    "in_reply_to_status_id_str": "1105534394654212096",
    "in_reply_to_user_id": 851173810099421185,
    "in_reply_to_user_id_str": "851173810099421185",
    "in_reply_to_screen_name": "Vipsiee",
    "user": {
        "id": 1097245531959672835,
        "id_str": "1097245531959672835",
        "name": "PricklyPearKris",
        "screen_name": "pricklypearkris",
        "location": "",
        "description": "Getting back into the Sims.  Sharing builds Sims 4 gallery.",
        "url": null,
        "entities": {
            "description": {
                "urls": []
            }
        },
        "protected": false,
        "followers_count": 3,
        "friends_count": 22,
        "listed_count": 0,
        "created_at": "Sun Feb 17 21:24:55 +0000 2019",
        "favourites_count": 38,
        "utc_offset": null,
        "time_zone": null,
        "geo_enabled": false,
        "verified": false,
        "statuses_count": 11,
        "lang": "en",
        "contributors_enabled": false,
        "is_translator": false,
        "is_translation_enabled": false,
        "profile_background_color": "000000",
        "profile_background_image_url": "http://abs.twimg.com/images/themes/theme1/bg.png",
        "profile_background_image_url_https": "https://abs.twimg.com/images/themes/theme1/bg.png",
        "profile_background_tile": false,
        "profile_image_url": "http://pbs.twimg.com/profile_images/1097706222827028480/_Q4KDFkA_normal.jpg",
        "profile_image_url_https": "https://pbs.twimg.com/profile_images/1097706222827028480/_Q4KDFkA_normal.jpg",
        "profile_link_color": "7FDBB6",
        "profile_sidebar_border_color": "000000",
        "profile_sidebar_fill_color": "000000",
        "profile_text_color": "000000",
        "profile_use_background_image": false,
        "has_extended_profile": false,
        "default_profile": false,
        "default_profile_image": false,
        "following": null,
        "follow_request_sent": null,
        "notifications": null,
        "translator_type": "none"
    },
    "geo": null,
    "coordinates": null,
    "place": null,
    "contributors": null,
    "is_quote_status": false,
    "retweet_count": 0,
    "favorite_count": 1,
    "favorited": false,
    "retweeted": false,
    "lang": "en"
}