{
    "created_at": "Wed Mar 13 15:57:32 +0000 2019",
    "id": 1105860451508854785,
    "id_str": "1105860451508854785",
    "text": "Trying my best to resist the new Urban Decay Naked palette. She\u2019s a beauty\ud83d\udc9c",
    "truncated": false,
    "entities": {
        "hashtags": [],
        "symbols": [],
        "user_mentions": [],
        "urls": []
    },
    "metadata": {
        "iso_language_code": "en",
        "result_type": "recent"
    },
    "source": "<a href=\"http://twitter.com/download/iphone\" rel=\"nofollow\">Twitter for iPhone</a>",
    "in_reply_to_status_id": null,
    "in_reply_to_status_id_str": null,
    "in_reply_to_user_id": null,
    "in_reply_to_user_id_str": null,
    "in_reply_to_screen_name": null,
    "user": {
        "id": 1026992885579882499,
        "id_str": "1026992885579882499",
        "name": "Kelsey",
        "screen_name": "kelsmaas",
        "location": "",
        "description": "",
        "url": null,
        "entities": {
            "description": {
                "urls": []
            }
        },
        "protected": false,
        "followers_count": 17,
        "friends_count": 293,
        "listed_count": 0,
        "created_at": "Wed Aug 08 00:45:59 +0000 2018",
        "favourites_count": 1013,
        "utc_offset": null,
        "time_zone": null,
        "geo_enabled": false,
        "verified": false,
        "statuses_count": 487,
        "lang": "en",
        "contributors_enabled": false,
        "is_translator": false,
        "is_translation_enabled": false,
        "profile_background_color": "F5F8FA",
        "profile_background_image_url": null,
        "profile_background_image_url_https": null,
        "profile_background_tile": false,
        "profile_image_url": "http://pbs.twimg.com/profile_images/1037865564876812289/RK6XmT2v_normal.jpg",
        "profile_image_url_https": "https://pbs.twimg.com/profile_images/1037865564876812289/RK6XmT2v_normal.jpg",
        "profile_banner_url": "https://pbs.twimg.com/profile_banners/1026992885579882499/1549070353",
        "profile_link_color": "1DA1F2",
        "profile_sidebar_border_color": "C0DEED",
        "profile_sidebar_fill_color": "DDEEF6",
        "profile_text_color": "333333",
        "profile_use_background_image": true,
        "has_extended_profile": true,
        "default_profile": true,
        "default_profile_image": false,
        "following": null,
        "follow_request_sent": null,
        "notifications": null,
        "translator_type": "none"
    },
    "geo": null,
    "coordinates": null,
    "place": null,
    "contributors": null,
    "is_quote_status": false,
    "retweet_count": 0,
    "favorite_count": 0,
    "favorited": false,
    "retweeted": false,
    "lang": "en"
}