{
    "created_at": "Wed Mar 13 18:27:47 +0000 2019",
    "id": 1105898264531030017,
    "id_str": "1105898264531030017",
    "text": "RT @UltimaVisita: El viejo teatro #Urbex #urban #urbandecay #urbanexploration #abandoned #abandonedplaces #decay #haikyo #photography #Cree\u2026",
    "truncated": false,
    "entities": {
        "hashtags": [
            {
                "text": "Urbex",
                "indices": [
                    34,
                    40
                ]
            },
            {
                "text": "urban",
                "indices": [
                    41,
                    47
                ]
            },
            {
                "text": "urbandecay",
                "indices": [
                    48,
                    59
                ]
            },
            {
                "text": "urbanexploration",
                "indices": [
                    60,
                    77
                ]
            },
            {
                "text": "abandoned",
                "indices": [
                    78,
                    88
                ]
            },
            {
                "text": "abandonedplaces",
                "indices": [
                    89,
                    105
                ]
            },
            {
                "text": "decay",
                "indices": [
                    106,
                    112
                ]
            },
            {
                "text": "haikyo",
                "indices": [
                    113,
                    120
                ]
            },
            {
                "text": "photography",
                "indices": [
                    121,
                    133
                ]
            }
        ],
        "symbols": [],
        "user_mentions": [
            {
                "screen_name": "UltimaVisita",
                "name": "\u00daltima Visita Urbex",
                "id": 550797806,
                "id_str": "550797806",
                "indices": [
                    3,
                    16
                ]
            }
        ],
        "urls": []
    },
    "metadata": {
        "iso_language_code": "es",
        "result_type": "recent"
    },
    "source": "<a href=\"http://twitter.com/download/android\" rel=\"nofollow\">Twitter for Android</a>",
    "in_reply_to_status_id": null,
    "in_reply_to_status_id_str": null,
    "in_reply_to_user_id": null,
    "in_reply_to_user_id_str": null,
    "in_reply_to_screen_name": null,
    "user": {
        "id": 550761296,
        "id_str": "550761296",
        "name": "Dani",
        "screen_name": "Dani6il",
        "location": "Barcelona",
        "description": "Desde el 2007 buscando y fotografiando lugares abandonados por toda Europa. Ahora acabo de iniciar mi mayor aventura: ser padre. Tambien en @UltimaVisita",
        "url": "https://t.co/ECWyqZP9ol",
        "entities": {
            "url": {
                "urls": [
                    {
                        "url": "https://t.co/ECWyqZP9ol",
                        "expanded_url": "http://www.ultima-visita.com",
                        "display_url": "ultima-visita.com",
                        "indices": [
                            0,
                            23
                        ]
                    }
                ]
            },
            "description": {
                "urls": []
            }
        },
        "protected": false,
        "followers_count": 147,
        "friends_count": 148,
        "listed_count": 7,
        "created_at": "Wed Apr 11 06:48:52 +0000 2012",
        "favourites_count": 82,
        "utc_offset": null,
        "time_zone": null,
        "geo_enabled": false,
        "verified": false,
        "statuses_count": 3760,
        "lang": "es",
        "contributors_enabled": false,
        "is_translator": false,
        "is_translation_enabled": false,
        "profile_background_color": "C0DEED",
        "profile_background_image_url": "http://abs.twimg.com/images/themes/theme1/bg.png",
        "profile_background_image_url_https": "https://abs.twimg.com/images/themes/theme1/bg.png",
        "profile_background_tile": false,
        "profile_image_url": "http://pbs.twimg.com/profile_images/1082053756882161670/8SsTUbvB_normal.jpg",
        "profile_image_url_https": "https://pbs.twimg.com/profile_images/1082053756882161670/8SsTUbvB_normal.jpg",
        "profile_banner_url": "https://pbs.twimg.com/profile_banners/550761296/1402989550",
        "profile_link_color": "000000",
        "profile_sidebar_border_color": "C0DEED",
        "profile_sidebar_fill_color": "DDEEF6",
        "profile_text_color": "333333",
        "profile_use_background_image": true,
        "has_extended_profile": true,
        "default_profile": false,
        "default_profile_image": false,
        "following": null,
        "follow_request_sent": null,
        "notifications": null,
        "translator_type": "none"
    },
    "geo": null,
    "coordinates": null,
    "place": null,
    "contributors": null,
    "retweeted_status": {
        "created_at": "Wed Mar 13 07:00:31 +0000 2019",
        "id": 1105725309473746944,
        "id_str": "1105725309473746944",
        "text": "El viejo teatro #Urbex #urban #urbandecay #urbanexploration #abandoned #abandonedplaces #decay #haikyo #photography\u2026 https://t.co/vqMnpQpKF6",
        "truncated": true,
        "entities": {
            "hashtags": [
                {
                    "text": "Urbex",
                    "indices": [
                        16,
                        22
                    ]
                },
                {
                    "text": "urban",
                    "indices": [
                        23,
                        29
                    ]
                },
                {
                    "text": "urbandecay",
                    "indices": [
                        30,
                        41
                    ]
                },
                {
                    "text": "urbanexploration",
                    "indices": [
                        42,
                        59
                    ]
                },
                {
                    "text": "abandoned",
                    "indices": [
                        60,
                        70
                    ]
                },
                {
                    "text": "abandonedplaces",
                    "indices": [
                        71,
                        87
                    ]
                },
                {
                    "text": "decay",
                    "indices": [
                        88,
                        94
                    ]
                },
                {
                    "text": "haikyo",
                    "indices": [
                        95,
                        102
                    ]
                },
                {
                    "text": "photography",
                    "indices": [
                        103,
                        115
                    ]
                }
            ],
            "symbols": [],
            "user_mentions": [],
            "urls": [
                {
                    "url": "https://t.co/vqMnpQpKF6",
                    "expanded_url": "https://twitter.com/i/web/status/1105725309473746944",
                    "display_url": "twitter.com/i/web/status/1\u2026",
                    "indices": [
                        117,
                        140
                    ]
                }
            ]
        },
        "metadata": {
            "iso_language_code": "es",
            "result_type": "recent"
        },
        "source": "<a href=\"https://www.hootsuite.com\" rel=\"nofollow\">Hootsuite Inc.</a>",
        "in_reply_to_status_id": null,
        "in_reply_to_status_id_str": null,
        "in_reply_to_user_id": null,
        "in_reply_to_user_id_str": null,
        "in_reply_to_screen_name": null,
        "user": {
            "id": 550797806,
            "id_str": "550797806",
            "name": "\u00daltima Visita Urbex",
            "screen_name": "UltimaVisita",
            "location": "Barcelona",
            "description": "Lugares abandonados y exploraci\u00f3n urbana por toda Europa.\nAbandoned places and urban exploration  around Europe. All photos by Dani G.",
            "url": "https://t.co/ECWyqZP9ol",
            "entities": {
                "url": {
                    "urls": [
                        {
                            "url": "https://t.co/ECWyqZP9ol",
                            "expanded_url": "http://www.ultima-visita.com",
                            "display_url": "ultima-visita.com",
                            "indices": [
                                0,
                                23
                            ]
                        }
                    ]
                },
                "description": {
                    "urls": []
                }
            },
            "protected": false,
            "followers_count": 666,
            "friends_count": 77,
            "listed_count": 17,
            "created_at": "Wed Apr 11 08:02:48 +0000 2012",
            "favourites_count": 613,
            "utc_offset": null,
            "time_zone": null,
            "geo_enabled": false,
            "verified": false,
            "statuses_count": 1072,
            "lang": "es",
            "contributors_enabled": false,
            "is_translator": false,
            "is_translation_enabled": false,
            "profile_background_color": "1A1B1F",
            "profile_background_image_url": "http://abs.twimg.com/images/themes/theme1/bg.png",
            "profile_background_image_url_https": "https://abs.twimg.com/images/themes/theme1/bg.png",
            "profile_background_tile": false,
            "profile_image_url": "http://pbs.twimg.com/profile_images/1082047515090997248/cDM9MklT_normal.jpg",
            "profile_image_url_https": "https://pbs.twimg.com/profile_images/1082047515090997248/cDM9MklT_normal.jpg",
            "profile_banner_url": "https://pbs.twimg.com/profile_banners/550797806/1505784420",
            "profile_link_color": "A60C0C",
            "profile_sidebar_border_color": "C0DEED",
            "profile_sidebar_fill_color": "DDEEF6",
            "profile_text_color": "333333",
            "profile_use_background_image": true,
            "has_extended_profile": false,
            "default_profile": false,
            "default_profile_image": false,
            "following": null,
            "follow_request_sent": null,
            "notifications": null,
            "translator_type": "none"
        },
        "geo": null,
        "coordinates": null,
        "place": null,
        "contributors": null,
        "is_quote_status": false,
        "retweet_count": 3,
        "favorite_count": 7,
        "favorited": false,
        "retweeted": false,
        "possibly_sensitive": false,
        "lang": "es"
    },
    "is_quote_status": false,
    "retweet_count": 3,
    "favorite_count": 0,
    "favorited": false,
    "retweeted": false,
    "lang": "es"
}