{
    "created_at": "Wed Mar 13 20:53:45 +0000 2019",
    "id": 1105934997477883904,
    "id_str": "1105934997477883904",
    "text": "Came by this playground close to an old disused power plant from Lodz communist times. It's being demolished now th\u2026 https://t.co/Z2mxdKDsF3",
    "truncated": true,
    "entities": {
        "hashtags": [],
        "symbols": [],
        "user_mentions": [],
        "urls": [
            {
                "url": "https://t.co/Z2mxdKDsF3",
                "expanded_url": "https://twitter.com/i/web/status/1105934997477883904",
                "display_url": "twitter.com/i/web/status/1\u2026",
                "indices": [
                    117,
                    140
                ]
            }
        ]
    },
    "metadata": {
        "iso_language_code": "en",
        "result_type": "recent"
    },
    "source": "<a href=\"http://twitter.com/download/android\" rel=\"nofollow\">Twitter for Android</a>",
    "in_reply_to_status_id": null,
    "in_reply_to_status_id_str": null,
    "in_reply_to_user_id": null,
    "in_reply_to_user_id_str": null,
    "in_reply_to_screen_name": null,
    "user": {
        "id": 1061016064425975809,
        "id_str": "1061016064425975809",
        "name": "hvor vi henne...",
        "screen_name": "hvorvihenne",
        "location": "Madrid, Spain",
        "description": "the big and small adventures of a mummy and daddy and little baby t. as they take a year off to rediscover everything...",
        "url": "https://t.co/ZiyAUYSgHf",
        "entities": {
            "url": {
                "urls": [
                    {
                        "url": "https://t.co/ZiyAUYSgHf",
                        "expanded_url": "http://hvorvihenne.tumblr.com",
                        "display_url": "hvorvihenne.tumblr.com",
                        "indices": [
                            0,
                            23
                        ]
                    }
                ]
            },
            "description": {
                "urls": []
            }
        },
        "protected": false,
        "followers_count": 4,
        "friends_count": 26,
        "listed_count": 0,
        "created_at": "Fri Nov 09 22:01:57 +0000 2018",
        "favourites_count": 30,
        "utc_offset": null,
        "time_zone": null,
        "geo_enabled": false,
        "verified": false,
        "statuses_count": 117,
        "lang": "en",
        "contributors_enabled": false,
        "is_translator": false,
        "is_translation_enabled": false,
        "profile_background_color": "000000",
        "profile_background_image_url": "http://abs.twimg.com/images/themes/theme1/bg.png",
        "profile_background_image_url_https": "https://abs.twimg.com/images/themes/theme1/bg.png",
        "profile_background_tile": false,
        "profile_image_url": "http://pbs.twimg.com/profile_images/1070056827692507136/Abeh-ZRE_normal.jpg",
        "profile_image_url_https": "https://pbs.twimg.com/profile_images/1070056827692507136/Abeh-ZRE_normal.jpg",
        "profile_banner_url": "https://pbs.twimg.com/profile_banners/1061016064425975809/1541802612",
        "profile_link_color": "FAB81E",
        "profile_sidebar_border_color": "000000",
        "profile_sidebar_fill_color": "000000",
        "profile_text_color": "000000",
        "profile_use_background_image": false,
        "has_extended_profile": false,
        "default_profile": false,
        "default_profile_image": false,
        "following": null,
        "follow_request_sent": null,
        "notifications": null,
        "translator_type": "none"
    },
    "geo": null,
    "coordinates": null,
    "place": null,
    "contributors": null,
    "is_quote_status": false,
    "retweet_count": 0,
    "favorite_count": 1,
    "favorited": false,
    "retweeted": false,
    "possibly_sensitive": false,
    "lang": "en"
}