{
    "created_at": "Wed Mar 13 19:19:04 +0000 2019",
    "id": 1105911171109011465,
    "id_str": "1105911171109011465",
    "text": "RT @jersing: @staceya__ Today I'm inspired by\n- working class gays\n- kylie minogue aphrodite live at the O2\n- POSE on FX\n- urban decay all\u2026",
    "truncated": false,
    "entities": {
        "hashtags": [],
        "symbols": [],
        "user_mentions": [
            {
                "screen_name": "jersing",
                "name": "olivia jade\u2019s SAT tutor",
                "id": 24231296,
                "id_str": "24231296",
                "indices": [
                    3,
                    11
                ]
            },
            {
                "screen_name": "staceya__",
                "name": "STACEY ALERT",
                "id": 114940526,
                "id_str": "114940526",
                "indices": [
                    13,
                    23
                ]
            }
        ],
        "urls": []
    },
    "metadata": {
        "iso_language_code": "en",
        "result_type": "recent"
    },
    "source": "<a href=\"http://twitter.com/download/iphone\" rel=\"nofollow\">Twitter for iPhone</a>",
    "in_reply_to_status_id": null,
    "in_reply_to_status_id_str": null,
    "in_reply_to_user_id": null,
    "in_reply_to_user_id_str": null,
    "in_reply_to_screen_name": null,
    "user": {
        "id": 24231296,
        "id_str": "24231296",
        "name": "olivia jade\u2019s SAT tutor",
        "screen_name": "jersing",
        "location": "NYC",
        "description": "Seeking FT/freelance writing opps. Queer stardust in boy drag; wannabe comedian; writer; Britney Army; watch #HouseofFlowers on Netflix.",
        "url": "https://t.co/hfx4BXYPoA",
        "entities": {
            "url": {
                "urls": [
                    {
                        "url": "https://t.co/hfx4BXYPoA",
                        "expanded_url": "http://johnersing.com",
                        "display_url": "johnersing.com",
                        "indices": [
                            0,
                            23
                        ]
                    }
                ]
            },
            "description": {
                "urls": []
            }
        },
        "protected": false,
        "followers_count": 8020,
        "friends_count": 1703,
        "listed_count": 321,
        "created_at": "Fri Mar 13 19:14:44 +0000 2009",
        "favourites_count": 145464,
        "utc_offset": null,
        "time_zone": null,
        "geo_enabled": true,
        "verified": true,
        "statuses_count": 107620,
        "lang": "en",
        "contributors_enabled": false,
        "is_translator": false,
        "is_translation_enabled": false,
        "profile_background_color": "899299",
        "profile_background_image_url": "http://abs.twimg.com/images/themes/theme14/bg.gif",
        "profile_background_image_url_https": "https://abs.twimg.com/images/themes/theme14/bg.gif",
        "profile_background_tile": true,
        "profile_image_url": "http://pbs.twimg.com/profile_images/1105560802768154625/LNakqJj7_normal.jpg",
        "profile_image_url_https": "https://pbs.twimg.com/profile_images/1105560802768154625/LNakqJj7_normal.jpg",
        "profile_banner_url": "https://pbs.twimg.com/profile_banners/24231296/1552423619",
        "profile_link_color": "E81C4F",
        "profile_sidebar_border_color": "FFFFFF",
        "profile_sidebar_fill_color": "DDEEF6",
        "profile_text_color": "333333",
        "profile_use_background_image": true,
        "has_extended_profile": true,
        "default_profile": false,
        "default_profile_image": false,
        "following": null,
        "follow_request_sent": null,
        "notifications": null,
        "translator_type": "none"
    },
    "geo": null,
    "coordinates": null,
    "place": null,
    "contributors": null,
    "retweeted_status": {
        "created_at": "Wed Jun 27 16:25:23 +0000 2018",
        "id": 1012009005189926912,
        "id_str": "1012009005189926912",
        "text": "@staceya__ Today I'm inspired by\n- working class gays\n- kylie minogue aphrodite live at the O2\n- POSE on FX\n- urban\u2026 https://t.co/n2wQDiXpYh",
        "truncated": true,
        "entities": {
            "hashtags": [],
            "symbols": [],
            "user_mentions": [
                {
                    "screen_name": "staceya__",
                    "name": "STACEY ALERT",
                    "id": 114940526,
                    "id_str": "114940526",
                    "indices": [
                        0,
                        10
                    ]
                }
            ],
            "urls": [
                {
                    "url": "https://t.co/n2wQDiXpYh",
                    "expanded_url": "https://twitter.com/i/web/status/1012009005189926912",
                    "display_url": "twitter.com/i/web/status/1\u2026",
                    "indices": [
                        117,
                        140
                    ]
                }
            ]
        },
        "metadata": {
            "iso_language_code": "en",
            "result_type": "recent"
        },
        "source": "<a href=\"http://twitter.com\" rel=\"nofollow\">Twitter Web Client</a>",
        "in_reply_to_status_id": 710899263153291265,
        "in_reply_to_status_id_str": "710899263153291265",
        "in_reply_to_user_id": 24231296,
        "in_reply_to_user_id_str": "24231296",
        "in_reply_to_screen_name": "jersing",
        "user": {
            "id": 24231296,
            "id_str": "24231296",
            "name": "olivia jade\u2019s SAT tutor",
            "screen_name": "jersing",
            "location": "NYC",
            "description": "Seeking FT/freelance writing opps. Queer stardust in boy drag; wannabe comedian; writer; Britney Army; watch #HouseofFlowers on Netflix.",
            "url": "https://t.co/hfx4BXYPoA",
            "entities": {
                "url": {
                    "urls": [
                        {
                            "url": "https://t.co/hfx4BXYPoA",
                            "expanded_url": "http://johnersing.com",
                            "display_url": "johnersing.com",
                            "indices": [
                                0,
                                23
                            ]
                        }
                    ]
                },
                "description": {
                    "urls": []
                }
            },
            "protected": false,
            "followers_count": 8020,
            "friends_count": 1703,
            "listed_count": 321,
            "created_at": "Fri Mar 13 19:14:44 +0000 2009",
            "favourites_count": 145464,
            "utc_offset": null,
            "time_zone": null,
            "geo_enabled": true,
            "verified": true,
            "statuses_count": 107620,
            "lang": "en",
            "contributors_enabled": false,
            "is_translator": false,
            "is_translation_enabled": false,
            "profile_background_color": "899299",
            "profile_background_image_url": "http://abs.twimg.com/images/themes/theme14/bg.gif",
            "profile_background_image_url_https": "https://abs.twimg.com/images/themes/theme14/bg.gif",
            "profile_background_tile": true,
            "profile_image_url": "http://pbs.twimg.com/profile_images/1105560802768154625/LNakqJj7_normal.jpg",
            "profile_image_url_https": "https://pbs.twimg.com/profile_images/1105560802768154625/LNakqJj7_normal.jpg",
            "profile_banner_url": "https://pbs.twimg.com/profile_banners/24231296/1552423619",
            "profile_link_color": "E81C4F",
            "profile_sidebar_border_color": "FFFFFF",
            "profile_sidebar_fill_color": "DDEEF6",
            "profile_text_color": "333333",
            "profile_use_background_image": true,
            "has_extended_profile": true,
            "default_profile": false,
            "default_profile_image": false,
            "following": null,
            "follow_request_sent": null,
            "notifications": null,
            "translator_type": "none"
        },
        "geo": null,
        "coordinates": null,
        "place": null,
        "contributors": null,
        "is_quote_status": false,
        "retweet_count": 1,
        "favorite_count": 10,
        "favorited": false,
        "retweeted": false,
        "lang": "en"
    },
    "is_quote_status": false,
    "retweet_count": 1,
    "favorite_count": 0,
    "favorited": false,
    "retweeted": false,
    "lang": "en"
}