{
    "created_at": "Wed Mar 13 14:37:46 +0000 2019",
    "id": 1105840378505125888,
    "id_str": "1105840378505125888",
    "text": "RT @jehkatieee: \ud83d\udc81\u2728\u0e44\u0e21\u0e48\u0e1e\u0e39\u0e14\u0e21\u0e32\u0e01 \u0e40\u0e08\u0e47\u0e1a\u0e04\u0e2d #\u0e41\u0e08\u0e01\u0e1f\u0e23\u0e35 \nUrban Decay Naked Cherry Palette\n\u0e01\u0e15\u0e34\u0e01\u0e32\u0e40\u0e14\u0e34\u0e21 : \u0e1f\u0e25\u0e2d + RT \n.\n.\n\u0e1b\u0e23\u0e30\u0e01\u0e32\u0e28\u0e1c\u0e25\u0e40\u0e21\u0e37\u0e48\u0e2d\u0e04\u0e23\u0e1a 10,000 \u0e1f\u0e25\u0e2d\u0e40\u0e14\u0e49\u0e2d\n\u0e02\u0e2d #\u2026",
    "truncated": false,
    "entities": {
        "hashtags": [
            {
                "text": "\u0e41\u0e08\u0e01\u0e1f\u0e23\u0e35",
                "indices": [
                    35,
                    42
                ]
            }
        ],
        "symbols": [],
        "user_mentions": [
            {
                "screen_name": "jehkatieee",
                "name": "\u0e40\u0e08\u0e49\u0e40\u0e04\u0e17\u0e35\u0e23\u0e35\u0e27\u0e34\u0e27\u0e40\u0e27\u0e2d\u0e23\u0e4c\u0e23\u0e4c\u0e23\u0e4c\ud83c\udf08\ud83d\udd06",
                "id": 820800750,
                "id_str": "820800750",
                "indices": [
                    3,
                    14
                ]
            }
        ],
        "urls": []
    },
    "metadata": {
        "iso_language_code": "th",
        "result_type": "recent"
    },
    "source": "<a href=\"http://twitter.com/download/android\" rel=\"nofollow\">Twitter for Android</a>",
    "in_reply_to_status_id": null,
    "in_reply_to_status_id_str": null,
    "in_reply_to_user_id": null,
    "in_reply_to_user_id_str": null,
    "in_reply_to_screen_name": null,
    "user": {
        "id": 947421588760047616,
        "id_str": "947421588760047616",
        "name": "\u0e08\u0e2d\u0e21\u0e40\u0e14\u0e4b\u0e2d\ud83d\ude02",
        "screen_name": "KTHBTS_1",
        "location": "",
        "description": "I have them as an idol. \n#BTS\n#ARMY\n@BTS_twt @TXT_members\n\u0e1a\u0e31\u0e07\u0e17\u0e31\u0e19\u0e04\u0e37\u0e2d\u0e2a\u0e34\u0e48\u0e07\u0e17\u0e35\u0e48\u0e2a\u0e33\u0e04\u0e31\u0e0d\u0e2d\u0e22\u0e48\u0e32\u0e07\u0e2b\u0e19\u0e36\u0e48\u0e07\ud83d\ude0d (\u0e40\u0e1b\u0e34\u0e14\u0e41\u0e2d\u0e04\u0e19\u0e35\u0e49\u0e19\u0e32\u0e19\u0e25\u0e34\u0e49\u0e27\u0e27\u0e27~ \u0e1d\u0e32\u0e01\u0e15\u0e34\u0e14\u0e15\u0e32\u0e21\u0e14\u0e49\u0e27\u0e22\u0e19\u0e30\u0e04\u0e30\u2764)",
        "url": null,
        "entities": {
            "description": {
                "urls": []
            }
        },
        "protected": false,
        "followers_count": 7,
        "friends_count": 82,
        "listed_count": 0,
        "created_at": "Sun Dec 31 10:58:03 +0000 2017",
        "favourites_count": 1352,
        "utc_offset": null,
        "time_zone": null,
        "geo_enabled": false,
        "verified": false,
        "statuses_count": 2652,
        "lang": "th",
        "contributors_enabled": false,
        "is_translator": false,
        "is_translation_enabled": false,
        "profile_background_color": "F5F8FA",
        "profile_background_image_url": null,
        "profile_background_image_url_https": null,
        "profile_background_tile": false,
        "profile_image_url": "http://pbs.twimg.com/profile_images/1106114509729480707/f2hC0osB_normal.jpg",
        "profile_image_url_https": "https://pbs.twimg.com/profile_images/1106114509729480707/f2hC0osB_normal.jpg",
        "profile_banner_url": "https://pbs.twimg.com/profile_banners/947421588760047616/1550410599",
        "profile_link_color": "1DA1F2",
        "profile_sidebar_border_color": "C0DEED",
        "profile_sidebar_fill_color": "DDEEF6",
        "profile_text_color": "333333",
        "profile_use_background_image": true,
        "has_extended_profile": false,
        "default_profile": true,
        "default_profile_image": false,
        "following": null,
        "follow_request_sent": null,
        "notifications": null,
        "translator_type": "none"
    },
    "geo": null,
    "coordinates": null,
    "place": null,
    "contributors": null,
    "retweeted_status": {
        "created_at": "Mon Mar 04 09:17:06 +0000 2019",
        "id": 1102498188919894016,
        "id_str": "1102498188919894016",
        "text": "\ud83d\udc81\u2728\u0e44\u0e21\u0e48\u0e1e\u0e39\u0e14\u0e21\u0e32\u0e01 \u0e40\u0e08\u0e47\u0e1a\u0e04\u0e2d #\u0e41\u0e08\u0e01\u0e1f\u0e23\u0e35 \nUrban Decay Naked Cherry Palette\n\u0e01\u0e15\u0e34\u0e01\u0e32\u0e40\u0e14\u0e34\u0e21 : \u0e1f\u0e25\u0e2d + RT \n.\n.\n\u0e1b\u0e23\u0e30\u0e01\u0e32\u0e28\u0e1c\u0e25\u0e40\u0e21\u0e37\u0e48\u0e2d\u0e04\u0e23\u0e1a 10,000 \u0e1f\u0e25\u0e2d\u0e40\u2026 https://t.co/6M3DNH8Jcq",
        "truncated": true,
        "entities": {
            "hashtags": [
                {
                    "text": "\u0e41\u0e08\u0e01\u0e1f\u0e23\u0e35",
                    "indices": [
                        19,
                        26
                    ]
                }
            ],
            "symbols": [],
            "user_mentions": [],
            "urls": [
                {
                    "url": "https://t.co/6M3DNH8Jcq",
                    "expanded_url": "https://twitter.com/i/web/status/1102498188919894016",
                    "display_url": "twitter.com/i/web/status/1\u2026",
                    "indices": [
                        117,
                        140
                    ]
                }
            ]
        },
        "metadata": {
            "iso_language_code": "th",
            "result_type": "recent"
        },
        "source": "<a href=\"http://twitter.com/download/android\" rel=\"nofollow\">Twitter for Android</a>",
        "in_reply_to_status_id": null,
        "in_reply_to_status_id_str": null,
        "in_reply_to_user_id": null,
        "in_reply_to_user_id_str": null,
        "in_reply_to_screen_name": null,
        "user": {
            "id": 820800750,
            "id_str": "820800750",
            "name": "\u0e40\u0e08\u0e49\u0e40\u0e04\u0e17\u0e35\u0e23\u0e35\u0e27\u0e34\u0e27\u0e40\u0e27\u0e2d\u0e23\u0e4c\u0e23\u0e4c\u0e23\u0e4c\ud83c\udf08\ud83d\udd06",
            "screen_name": "jehkatieee",
            "location": "Amphoe Fang",
            "description": "\u0e40\u0e04\u0e17\u0e35\u0e0a\u0e30\u0e19\u0e35\u0e0a\u0e2d\u0e1a\u0e23\u0e35\u0e27\u0e34\u0e27\u0e04\u0e2a\u0e2d. \u0e2a\u0e01\u0e34\u0e19\u0e41\u0e04\u0e23\u0e4c \u0e02\u0e2d\u0e07\u0e01\u0e34\u0e19 \u0e2d\u0e30\u0e44\u0e23\u0e14\u0e35 \u0e40\u0e14\u0e47\u0e14\u0e14\u0e27\u0e07 \u0e2d\u0e34\u0e40\u0e08\u0e49\u0e08\u0e34\u0e40\u0e2d\u0e32\u0e21\u0e32\u0e23\u0e35\u0e27\u0e34\u0e27\u0e41\u0e19\u0e48\u0e19\u0e27\u0e25 #\u0e2a\u0e32\u0e22\u0e40\u0e1b\u0e22\u0e4c\u0e02\u0e35\u0e49\u0e41\u0e08\u0e01\u0e02\u0e2d\u0e07 #\u0e41\u0e08\u0e01\u0e02\u0e2d\u0e07 #\u0e04\u0e19\u0e40\u0e04\u0e22\u0e2d\u0e49\u0e27\u0e19",
            "url": null,
            "entities": {
                "description": {
                    "urls": []
                }
            },
            "protected": false,
            "followers_count": 7230,
            "friends_count": 111,
            "listed_count": 1,
            "created_at": "Thu Sep 13 03:17:53 +0000 2012",
            "favourites_count": 3373,
            "utc_offset": null,
            "time_zone": null,
            "geo_enabled": true,
            "verified": false,
            "statuses_count": 1696,
            "lang": "en",
            "contributors_enabled": false,
            "is_translator": false,
            "is_translation_enabled": false,
            "profile_background_color": "000000",
            "profile_background_image_url": "http://abs.twimg.com/images/themes/theme1/bg.png",
            "profile_background_image_url_https": "https://abs.twimg.com/images/themes/theme1/bg.png",
            "profile_background_tile": false,
            "profile_image_url": "http://pbs.twimg.com/profile_images/1087258732080246784/3ioDIvSH_normal.jpg",
            "profile_image_url_https": "https://pbs.twimg.com/profile_images/1087258732080246784/3ioDIvSH_normal.jpg",
            "profile_banner_url": "https://pbs.twimg.com/profile_banners/820800750/1517987125",
            "profile_link_color": "E81C4F",
            "profile_sidebar_border_color": "000000",
            "profile_sidebar_fill_color": "000000",
            "profile_text_color": "000000",
            "profile_use_background_image": false,
            "has_extended_profile": false,
            "default_profile": false,
            "default_profile_image": false,
            "following": null,
            "follow_request_sent": null,
            "notifications": null,
            "translator_type": "none"
        },
        "geo": null,
        "coordinates": null,
        "place": null,
        "contributors": null,
        "is_quote_status": false,
        "retweet_count": 1155,
        "favorite_count": 263,
        "favorited": false,
        "retweeted": false,
        "possibly_sensitive": false,
        "lang": "th"
    },
    "is_quote_status": false,
    "retweet_count": 1155,
    "favorite_count": 0,
    "favorited": false,
    "retweeted": false,
    "lang": "th"
}