{
    "created_at": "Wed Mar 13 23:02:50 +0000 2019",
    "id": 1105967484874559488,
    "id_str": "1105967484874559488",
    "text": "RT @cosmeticglow: RT to win: Urban Decay Bundle\ud83d\udc9c\n- must be following me. \u2728 https://t.co/1a1qfCzXgS",
    "truncated": false,
    "entities": {
        "hashtags": [],
        "symbols": [],
        "user_mentions": [
            {
                "screen_name": "cosmeticglow",
                "name": "sam\ud83d\udc9c",
                "id": 800871980245352448,
                "id_str": "800871980245352448",
                "indices": [
                    3,
                    16
                ]
            }
        ],
        "urls": [],
        "media": [
            {
                "id": 1096855548740468736,
                "id_str": "1096855548740468736",
                "indices": [
                    75,
                    98
                ],
                "media_url": "http://pbs.twimg.com/media/DzjQT2iXgAAPXSm.jpg",
                "media_url_https": "https://pbs.twimg.com/media/DzjQT2iXgAAPXSm.jpg",
                "url": "https://t.co/1a1qfCzXgS",
                "display_url": "pic.twitter.com/1a1qfCzXgS",
                "expanded_url": "https://twitter.com/cosmeticglow/status/1096855558068555776/photo/1",
                "type": "photo",
                "sizes": {
                    "small": {
                        "w": 680,
                        "h": 510,
                        "resize": "fit"
                    },
                    "thumb": {
                        "w": 150,
                        "h": 150,
                        "resize": "crop"
                    },
                    "medium": {
                        "w": 1200,
                        "h": 900,
                        "resize": "fit"
                    },
                    "large": {
                        "w": 2048,
                        "h": 1536,
                        "resize": "fit"
                    }
                },
                "source_status_id": 1096855558068555776,
                "source_status_id_str": "1096855558068555776",
                "source_user_id": 800871980245352448,
                "source_user_id_str": "800871980245352448"
            }
        ]
    },
    "extended_entities": {
        "media": [
            {
                "id": 1096855548740468736,
                "id_str": "1096855548740468736",
                "indices": [
                    75,
                    98
                ],
                "media_url": "http://pbs.twimg.com/media/DzjQT2iXgAAPXSm.jpg",
                "media_url_https": "https://pbs.twimg.com/media/DzjQT2iXgAAPXSm.jpg",
                "url": "https://t.co/1a1qfCzXgS",
                "display_url": "pic.twitter.com/1a1qfCzXgS",
                "expanded_url": "https://twitter.com/cosmeticglow/status/1096855558068555776/photo/1",
                "type": "photo",
                "sizes": {
                    "small": {
                        "w": 680,
                        "h": 510,
                        "resize": "fit"
                    },
                    "thumb": {
                        "w": 150,
                        "h": 150,
                        "resize": "crop"
                    },
                    "medium": {
                        "w": 1200,
                        "h": 900,
                        "resize": "fit"
                    },
                    "large": {
                        "w": 2048,
                        "h": 1536,
                        "resize": "fit"
                    }
                },
                "source_status_id": 1096855558068555776,
                "source_status_id_str": "1096855558068555776",
                "source_user_id": 800871980245352448,
                "source_user_id_str": "800871980245352448"
            }
        ]
    },
    "metadata": {
        "iso_language_code": "en",
        "result_type": "recent"
    },
    "source": "<a href=\"http://twitter.com\" rel=\"nofollow\">Twitter Web Client</a>",
    "in_reply_to_status_id": null,
    "in_reply_to_status_id_str": null,
    "in_reply_to_user_id": null,
    "in_reply_to_user_id_str": null,
    "in_reply_to_screen_name": null,
    "user": {
        "id": 732708360,
        "id_str": "732708360",
        "name": "Lydia Tatenco",
        "screen_name": "greenlila2",
        "location": "",
        "description": "",
        "url": null,
        "entities": {
            "description": {
                "urls": []
            }
        },
        "protected": false,
        "followers_count": 134,
        "friends_count": 680,
        "listed_count": 2,
        "created_at": "Thu Aug 02 11:59:58 +0000 2012",
        "favourites_count": 16340,
        "utc_offset": null,
        "time_zone": null,
        "geo_enabled": true,
        "verified": false,
        "statuses_count": 1150,
        "lang": "en",
        "contributors_enabled": false,
        "is_translator": false,
        "is_translation_enabled": false,
        "profile_background_color": "C0DEED",
        "profile_background_image_url": "http://abs.twimg.com/images/themes/theme1/bg.png",
        "profile_background_image_url_https": "https://abs.twimg.com/images/themes/theme1/bg.png",
        "profile_background_tile": false,
        "profile_image_url": "http://pbs.twimg.com/profile_images/772126569569456128/Fx4c8pAn_normal.jpg",
        "profile_image_url_https": "https://pbs.twimg.com/profile_images/772126569569456128/Fx4c8pAn_normal.jpg",
        "profile_banner_url": "https://pbs.twimg.com/profile_banners/732708360/1505496442",
        "profile_link_color": "1DA1F2",
        "profile_sidebar_border_color": "C0DEED",
        "profile_sidebar_fill_color": "DDEEF6",
        "profile_text_color": "333333",
        "profile_use_background_image": true,
        "has_extended_profile": true,
        "default_profile": true,
        "default_profile_image": false,
        "following": null,
        "follow_request_sent": null,
        "notifications": null,
        "translator_type": "none"
    },
    "geo": null,
    "coordinates": null,
    "place": null,
    "contributors": null,
    "retweeted_status": {
        "created_at": "Sat Feb 16 19:35:18 +0000 2019",
        "id": 1096855558068555776,
        "id_str": "1096855558068555776",
        "text": "RT to win: Urban Decay Bundle\ud83d\udc9c\n- must be following me. \u2728 https://t.co/1a1qfCzXgS",
        "truncated": false,
        "entities": {
            "hashtags": [],
            "symbols": [],
            "user_mentions": [],
            "urls": [],
            "media": [
                {
                    "id": 1096855548740468736,
                    "id_str": "1096855548740468736",
                    "indices": [
                        57,
                        80
                    ],
                    "media_url": "http://pbs.twimg.com/media/DzjQT2iXgAAPXSm.jpg",
                    "media_url_https": "https://pbs.twimg.com/media/DzjQT2iXgAAPXSm.jpg",
                    "url": "https://t.co/1a1qfCzXgS",
                    "display_url": "pic.twitter.com/1a1qfCzXgS",
                    "expanded_url": "https://twitter.com/cosmeticglow/status/1096855558068555776/photo/1",
                    "type": "photo",
                    "sizes": {
                        "small": {
                            "w": 680,
                            "h": 510,
                            "resize": "fit"
                        },
                        "thumb": {
                            "w": 150,
                            "h": 150,
                            "resize": "crop"
                        },
                        "medium": {
                            "w": 1200,
                            "h": 900,
                            "resize": "fit"
                        },
                        "large": {
                            "w": 2048,
                            "h": 1536,
                            "resize": "fit"
                        }
                    }
                }
            ]
        },
        "extended_entities": {
            "media": [
                {
                    "id": 1096855548740468736,
                    "id_str": "1096855548740468736",
                    "indices": [
                        57,
                        80
                    ],
                    "media_url": "http://pbs.twimg.com/media/DzjQT2iXgAAPXSm.jpg",
                    "media_url_https": "https://pbs.twimg.com/media/DzjQT2iXgAAPXSm.jpg",
                    "url": "https://t.co/1a1qfCzXgS",
                    "display_url": "pic.twitter.com/1a1qfCzXgS",
                    "expanded_url": "https://twitter.com/cosmeticglow/status/1096855558068555776/photo/1",
                    "type": "photo",
                    "sizes": {
                        "small": {
                            "w": 680,
                            "h": 510,
                            "resize": "fit"
                        },
                        "thumb": {
                            "w": 150,
                            "h": 150,
                            "resize": "crop"
                        },
                        "medium": {
                            "w": 1200,
                            "h": 900,
                            "resize": "fit"
                        },
                        "large": {
                            "w": 2048,
                            "h": 1536,
                            "resize": "fit"
                        }
                    }
                }
            ]
        },
        "metadata": {
            "iso_language_code": "en",
            "result_type": "recent"
        },
        "source": "<a href=\"http://twitter.com/download/iphone\" rel=\"nofollow\">Twitter for iPhone</a>",
        "in_reply_to_status_id": null,
        "in_reply_to_status_id_str": null,
        "in_reply_to_user_id": null,
        "in_reply_to_user_id_str": null,
        "in_reply_to_screen_name": null,
        "user": {
            "id": 800871980245352448,
            "id_str": "800871980245352448",
            "name": "sam\ud83d\udc9c",
            "screen_name": "cosmeticglow",
            "location": "United States",
            "description": "makeup \ud83e\udd70 feel free to DM to talk or ask me anything!\u2728",
            "url": "https://t.co/4H1hnIrIjQ",
            "entities": {
                "url": {
                    "urls": [
                        {
                            "url": "https://t.co/4H1hnIrIjQ",
                            "expanded_url": "https://www.paypal.me/SHulsey882",
                            "display_url": "paypal.me/SHulsey882",
                            "indices": [
                                0,
                                23
                            ]
                        }
                    ]
                },
                "description": {
                    "urls": []
                }
            },
            "protected": false,
            "followers_count": 3978,
            "friends_count": 381,
            "listed_count": 28,
            "created_at": "Tue Nov 22 01:22:14 +0000 2016",
            "favourites_count": 39179,
            "utc_offset": null,
            "time_zone": null,
            "geo_enabled": false,
            "verified": false,
            "statuses_count": 15545,
            "lang": "en",
            "contributors_enabled": false,
            "is_translator": false,
            "is_translation_enabled": false,
            "profile_background_color": "F5F8FA",
            "profile_background_image_url": null,
            "profile_background_image_url_https": null,
            "profile_background_tile": false,
            "profile_image_url": "http://pbs.twimg.com/profile_images/1101767001700253696/GujJzdsd_normal.jpg",
            "profile_image_url_https": "https://pbs.twimg.com/profile_images/1101767001700253696/GujJzdsd_normal.jpg",
            "profile_banner_url": "https://pbs.twimg.com/profile_banners/800871980245352448/1485111661",
            "profile_link_color": "1DA1F2",
            "profile_sidebar_border_color": "C0DEED",
            "profile_sidebar_fill_color": "DDEEF6",
            "profile_text_color": "333333",
            "profile_use_background_image": true,
            "has_extended_profile": false,
            "default_profile": true,
            "default_profile_image": false,
            "following": null,
            "follow_request_sent": null,
            "notifications": null,
            "translator_type": "none"
        },
        "geo": null,
        "coordinates": null,
        "place": null,
        "contributors": null,
        "is_quote_status": false,
        "retweet_count": 725,
        "favorite_count": 508,
        "favorited": false,
        "retweeted": false,
        "possibly_sensitive": false,
        "lang": "en"
    },
    "is_quote_status": false,
    "retweet_count": 725,
    "favorite_count": 0,
    "favorited": false,
    "retweeted": false,
    "possibly_sensitive": false,
    "lang": "en"
}