{
    "created_at": "Wed Mar 13 16:02:31 +0000 2019",
    "id": 1105861707602243585,
    "id_str": "1105861707602243585",
    "text": "RT @OcchiMagazine: OVER 6,000 READS LESS THAN 24 HOURS! Read interview \u2014&gt; Writer Nathan Brimmer\u2019s \"Broken Sidewalk\" Captures the Comedy and\u2026",
    "truncated": false,
    "entities": {
        "hashtags": [],
        "symbols": [],
        "user_mentions": [
            {
                "screen_name": "OcchiMagazine",
                "name": "OCCHI MAGAZINE\u2122",
                "id": 25939926,
                "id_str": "25939926",
                "indices": [
                    3,
                    17
                ]
            }
        ],
        "urls": []
    },
    "metadata": {
        "iso_language_code": "en",
        "result_type": "recent"
    },
    "source": "<a href=\"http://twitter.com/download/iphone\" rel=\"nofollow\">Twitter for iPhone</a>",
    "in_reply_to_status_id": null,
    "in_reply_to_status_id_str": null,
    "in_reply_to_user_id": null,
    "in_reply_to_user_id_str": null,
    "in_reply_to_screen_name": null,
    "user": {
        "id": 374028416,
        "id_str": "374028416",
        "name": "David Emmanuel Noel",
        "screen_name": "DavidENoel",
        "location": "London & New York",
        "description": "Artist, designer, @OcchiMagazine arts editor. Interests: music, art #architecture #socialenterprise, the environment & social/therapeutic benefits of all above.",
        "url": "https://t.co/UNsD99MGYD",
        "entities": {
            "url": {
                "urls": [
                    {
                        "url": "https://t.co/UNsD99MGYD",
                        "expanded_url": "http://www.mrdavidemmanuelnoel.com",
                        "display_url": "mrdavidemmanuelnoel.com",
                        "indices": [
                            0,
                            23
                        ]
                    }
                ]
            },
            "description": {
                "urls": []
            }
        },
        "protected": false,
        "followers_count": 6946,
        "friends_count": 3159,
        "listed_count": 126,
        "created_at": "Thu Sep 15 15:48:24 +0000 2011",
        "favourites_count": 2615,
        "utc_offset": null,
        "time_zone": null,
        "geo_enabled": false,
        "verified": false,
        "statuses_count": 5622,
        "lang": "en",
        "contributors_enabled": false,
        "is_translator": false,
        "is_translation_enabled": false,
        "profile_background_color": "C0DEED",
        "profile_background_image_url": "http://abs.twimg.com/images/themes/theme1/bg.png",
        "profile_background_image_url_https": "https://abs.twimg.com/images/themes/theme1/bg.png",
        "profile_background_tile": true,
        "profile_image_url": "http://pbs.twimg.com/profile_images/2342965252/tqe1n1yh1pvk0vtjtt6h_normal.jpeg",
        "profile_image_url_https": "https://pbs.twimg.com/profile_images/2342965252/tqe1n1yh1pvk0vtjtt6h_normal.jpeg",
        "profile_banner_url": "https://pbs.twimg.com/profile_banners/374028416/1401971173",
        "profile_link_color": "0084B4",
        "profile_sidebar_border_color": "000000",
        "profile_sidebar_fill_color": "DDEEF6",
        "profile_text_color": "333333",
        "profile_use_background_image": true,
        "has_extended_profile": false,
        "default_profile": false,
        "default_profile_image": false,
        "following": null,
        "follow_request_sent": null,
        "notifications": null,
        "translator_type": "none"
    },
    "geo": null,
    "coordinates": null,
    "place": null,
    "contributors": null,
    "retweeted_status": {
        "created_at": "Fri Mar 08 12:43:40 +0000 2019",
        "id": 1103999724275843074,
        "id_str": "1103999724275843074",
        "text": "OVER 6,000 READS LESS THAN 24 HOURS! Read interview \u2014&gt; Writer Nathan Brimmer\u2019s \"Broken Sidewalk\" Captures the Comed\u2026 https://t.co/yIqBfyl6oA",
        "truncated": true,
        "entities": {
            "hashtags": [],
            "symbols": [],
            "user_mentions": [],
            "urls": [
                {
                    "url": "https://t.co/yIqBfyl6oA",
                    "expanded_url": "https://twitter.com/i/web/status/1103999724275843074",
                    "display_url": "twitter.com/i/web/status/1\u2026",
                    "indices": [
                        120,
                        143
                    ]
                }
            ]
        },
        "metadata": {
            "iso_language_code": "en",
            "result_type": "recent"
        },
        "source": "<a href=\"http://twitter.com/download/iphone\" rel=\"nofollow\">Twitter for iPhone</a>",
        "in_reply_to_status_id": null,
        "in_reply_to_status_id_str": null,
        "in_reply_to_user_id": null,
        "in_reply_to_user_id_str": null,
        "in_reply_to_screen_name": null,
        "user": {
            "id": 25939926,
            "id_str": "25939926",
            "name": "OCCHI MAGAZINE\u2122",
            "screen_name": "OcchiMagazine",
            "location": "New York",
            "description": "Official Occhi Magazine. Pronounced (OH-KEE). Media. Film. Music. Art. Culture. Entertainment. Interviews. Reviews. DM us. Follow #occhimag #SupportIndieFilm",
            "url": "https://t.co/7SwnQCc4nw",
            "entities": {
                "url": {
                    "urls": [
                        {
                            "url": "https://t.co/7SwnQCc4nw",
                            "expanded_url": "http://occhimagazine.com",
                            "display_url": "occhimagazine.com",
                            "indices": [
                                0,
                                23
                            ]
                        }
                    ]
                },
                "description": {
                    "urls": []
                }
            },
            "protected": false,
            "followers_count": 6749,
            "friends_count": 6411,
            "listed_count": 144,
            "created_at": "Mon Mar 23 02:56:43 +0000 2009",
            "favourites_count": 8101,
            "utc_offset": null,
            "time_zone": null,
            "geo_enabled": false,
            "verified": false,
            "statuses_count": 6112,
            "lang": "en",
            "contributors_enabled": false,
            "is_translator": false,
            "is_translation_enabled": false,
            "profile_background_color": "131516",
            "profile_background_image_url": "http://abs.twimg.com/images/themes/theme14/bg.gif",
            "profile_background_image_url_https": "https://abs.twimg.com/images/themes/theme14/bg.gif",
            "profile_background_tile": true,
            "profile_image_url": "http://pbs.twimg.com/profile_images/817179574580736001/9nz48BZI_normal.jpg",
            "profile_image_url_https": "https://pbs.twimg.com/profile_images/817179574580736001/9nz48BZI_normal.jpg",
            "profile_banner_url": "https://pbs.twimg.com/profile_banners/25939926/1527885327",
            "profile_link_color": "EB0E0E",
            "profile_sidebar_border_color": "FFFFFF",
            "profile_sidebar_fill_color": "EFEFEF",
            "profile_text_color": "333333",
            "profile_use_background_image": true,
            "has_extended_profile": false,
            "default_profile": false,
            "default_profile_image": false,
            "following": null,
            "follow_request_sent": null,
            "notifications": null,
            "translator_type": "none"
        },
        "geo": null,
        "coordinates": null,
        "place": null,
        "contributors": null,
        "is_quote_status": false,
        "retweet_count": 4,
        "favorite_count": 7,
        "favorited": false,
        "retweeted": false,
        "possibly_sensitive": false,
        "lang": "en"
    },
    "is_quote_status": false,
    "retweet_count": 4,
    "favorite_count": 0,
    "favorited": false,
    "retweeted": false,
    "lang": "en"
}