{
    "created_at": "Wed Mar 13 20:29:31 +0000 2019",
    "id": 1105928901057015809,
    "id_str": "1105928901057015809",
    "text": "Depois que ganhei a naked da urban decay, todas as sombras ficaram no chinelo. Sdds dinheiro, pois queria uma com cores quentes :(",
    "truncated": false,
    "entities": {
        "hashtags": [],
        "symbols": [],
        "user_mentions": [],
        "urls": []
    },
    "metadata": {
        "iso_language_code": "pt",
        "result_type": "recent"
    },
    "source": "<a href=\"http://twitter.com/download/iphone\" rel=\"nofollow\">Twitter for iPhone</a>",
    "in_reply_to_status_id": 1105928610383388672,
    "in_reply_to_status_id_str": "1105928610383388672",
    "in_reply_to_user_id": 1263541848,
    "in_reply_to_user_id_str": "1263541848",
    "in_reply_to_screen_name": "jesticacorrea",
    "user": {
        "id": 1263541848,
        "id_str": "1263541848",
        "name": "Jess Correa",
        "screen_name": "jesticacorrea",
        "location": "S\u00e3o Paulo, Brasil",
        "description": "",
        "url": "https://t.co/gE3fEZZa0g",
        "entities": {
            "url": {
                "urls": [
                    {
                        "url": "https://t.co/gE3fEZZa0g",
                        "expanded_url": "http://Instagram.com/jesticacorrea",
                        "display_url": "Instagram.com/jesticacorrea",
                        "indices": [
                            0,
                            23
                        ]
                    }
                ]
            },
            "description": {
                "urls": []
            }
        },
        "protected": false,
        "followers_count": 467,
        "friends_count": 284,
        "listed_count": 15,
        "created_at": "Wed Mar 13 04:28:28 +0000 2013",
        "favourites_count": 40792,
        "utc_offset": null,
        "time_zone": null,
        "geo_enabled": true,
        "verified": false,
        "statuses_count": 9522,
        "lang": "pt",
        "contributors_enabled": false,
        "is_translator": false,
        "is_translation_enabled": false,
        "profile_background_color": "C0DEED",
        "profile_background_image_url": "http://abs.twimg.com/images/themes/theme1/bg.png",
        "profile_background_image_url_https": "https://abs.twimg.com/images/themes/theme1/bg.png",
        "profile_background_tile": true,
        "profile_image_url": "http://pbs.twimg.com/profile_images/1067604474175332354/wRJUZhav_normal.jpg",
        "profile_image_url_https": "https://pbs.twimg.com/profile_images/1067604474175332354/wRJUZhav_normal.jpg",
        "profile_banner_url": "https://pbs.twimg.com/profile_banners/1263541848/1513290785",
        "profile_link_color": "0084B4",
        "profile_sidebar_border_color": "FFFFFF",
        "profile_sidebar_fill_color": "DDEEF6",
        "profile_text_color": "333333",
        "profile_use_background_image": true,
        "has_extended_profile": true,
        "default_profile": false,
        "default_profile_image": false,
        "following": null,
        "follow_request_sent": null,
        "notifications": null,
        "translator_type": "none"
    },
    "geo": null,
    "coordinates": null,
    "place": null,
    "contributors": null,
    "is_quote_status": false,
    "retweet_count": 0,
    "favorite_count": 1,
    "favorited": false,
    "retweeted": false,
    "lang": "pt"
}