{
    "created_at": "Wed Mar 13 21:46:26 +0000 2019",
    "id": 1105948255769239552,
    "id_str": "1105948255769239552",
    "text": "@kenny_sherlock @ryanmeili You don't live in Regina and don't understand how special this park is. Today you can no\u2026 https://t.co/sho6INJ4D3",
    "truncated": true,
    "entities": {
        "hashtags": [],
        "symbols": [],
        "user_mentions": [
            {
                "screen_name": "kenny_sherlock",
                "name": "Kenny Sherlock",
                "id": 1105362293636956161,
                "id_str": "1105362293636956161",
                "indices": [
                    0,
                    15
                ]
            },
            {
                "screen_name": "ryanmeili",
                "name": "Ryan Meili",
                "id": 20370923,
                "id_str": "20370923",
                "indices": [
                    16,
                    26
                ]
            }
        ],
        "urls": [
            {
                "url": "https://t.co/sho6INJ4D3",
                "expanded_url": "https://twitter.com/i/web/status/1105948255769239552",
                "display_url": "twitter.com/i/web/status/1\u2026",
                "indices": [
                    117,
                    140
                ]
            }
        ]
    },
    "metadata": {
        "iso_language_code": "en",
        "result_type": "recent"
    },
    "source": "<a href=\"http://twitter.com/download/android\" rel=\"nofollow\">Twitter for Android</a>",
    "in_reply_to_status_id": 1105941796692127745,
    "in_reply_to_status_id_str": "1105941796692127745",
    "in_reply_to_user_id": 1105362293636956161,
    "in_reply_to_user_id_str": "1105362293636956161",
    "in_reply_to_screen_name": "kenny_sherlock",
    "user": {
        "id": 428462430,
        "id_str": "428462430",
        "name": "Raptor Girl SK",
        "screen_name": "raptorgirlSK",
        "location": "Regina, Saskatchewan",
        "description": "Prairie girl Raptor Super fan and Jays fan during Raptors off-season and dissect all things politics.",
        "url": null,
        "entities": {
            "description": {
                "urls": []
            }
        },
        "protected": false,
        "followers_count": 474,
        "friends_count": 810,
        "listed_count": 5,
        "created_at": "Sun Dec 04 19:57:51 +0000 2011",
        "favourites_count": 39815,
        "utc_offset": null,
        "time_zone": null,
        "geo_enabled": false,
        "verified": false,
        "statuses_count": 11901,
        "lang": "en",
        "contributors_enabled": false,
        "is_translator": false,
        "is_translation_enabled": false,
        "profile_background_color": "C0DEED",
        "profile_background_image_url": "http://abs.twimg.com/images/themes/theme1/bg.png",
        "profile_background_image_url_https": "https://abs.twimg.com/images/themes/theme1/bg.png",
        "profile_background_tile": false,
        "profile_image_url": "http://pbs.twimg.com/profile_images/1098411914152103937/NI2NzuRg_normal.jpg",
        "profile_image_url_https": "https://pbs.twimg.com/profile_images/1098411914152103937/NI2NzuRg_normal.jpg",
        "profile_banner_url": "https://pbs.twimg.com/profile_banners/428462430/1496602437",
        "profile_link_color": "1DA1F2",
        "profile_sidebar_border_color": "C0DEED",
        "profile_sidebar_fill_color": "DDEEF6",
        "profile_text_color": "333333",
        "profile_use_background_image": true,
        "has_extended_profile": true,
        "default_profile": true,
        "default_profile_image": false,
        "following": null,
        "follow_request_sent": null,
        "notifications": null,
        "translator_type": "none"
    },
    "geo": null,
    "coordinates": null,
    "place": null,
    "contributors": null,
    "is_quote_status": false,
    "retweet_count": 0,
    "favorite_count": 0,
    "favorited": false,
    "retweeted": false,
    "lang": "en"
}