{
    "created_at": "Wed Mar 13 15:43:44 +0000 2019",
    "id": 1105856978281263109,
    "id_str": "1105856978281263109",
    "text": "@disasteroIogy_ urban decay all nighter is my current fave",
    "truncated": false,
    "entities": {
        "hashtags": [],
        "symbols": [],
        "user_mentions": [
            {
                "screen_name": "disasteroIogy_",
                "name": "chey | 7",
                "id": 389159784,
                "id_str": "389159784",
                "indices": [
                    0,
                    15
                ]
            }
        ],
        "urls": []
    },
    "metadata": {
        "iso_language_code": "en",
        "result_type": "recent"
    },
    "source": "<a href=\"http://twitter.com/download/iphone\" rel=\"nofollow\">Twitter for iPhone</a>",
    "in_reply_to_status_id": 1105843313876312066,
    "in_reply_to_status_id_str": "1105843313876312066",
    "in_reply_to_user_id": 389159784,
    "in_reply_to_user_id_str": "389159784",
    "in_reply_to_screen_name": "disasteroIogy_",
    "user": {
        "id": 987478892742135809,
        "id_str": "987478892742135809",
        "name": "\ud835\udcb7\ud835\udcb6\ud835\udcb7\ud835\udcce\ud835\udc54\ud835\udcbe\ud835\udcc7\ud835\udcc1 \ud83e\udd40",
        "screen_name": "uncxmfxrtablex",
        "location": "Hell ",
        "description": "aspiring artist and photographer \u2022 @chaseatlantic are my dads \u2022 virgo queen \u2022 a sad broke bitch\u2122\ufe0f \u2022 semi-responsible, fully creative",
        "url": "https://t.co/rrwwDuZami",
        "entities": {
            "url": {
                "urls": [
                    {
                        "url": "https://t.co/rrwwDuZami",
                        "expanded_url": "https://www.paypal.me/kitkat1698",
                        "display_url": "paypal.me/kitkat1698",
                        "indices": [
                            0,
                            23
                        ]
                    }
                ]
            },
            "description": {
                "urls": []
            }
        },
        "protected": false,
        "followers_count": 884,
        "friends_count": 436,
        "listed_count": 25,
        "created_at": "Fri Apr 20 23:51:29 +0000 2018",
        "favourites_count": 18931,
        "utc_offset": null,
        "time_zone": null,
        "geo_enabled": false,
        "verified": false,
        "statuses_count": 13363,
        "lang": "en",
        "contributors_enabled": false,
        "is_translator": false,
        "is_translation_enabled": false,
        "profile_background_color": "F5F8FA",
        "profile_background_image_url": null,
        "profile_background_image_url_https": null,
        "profile_background_tile": false,
        "profile_image_url": "http://pbs.twimg.com/profile_images/1100410112953352194/jWX2SYqP_normal.jpg",
        "profile_image_url_https": "https://pbs.twimg.com/profile_images/1100410112953352194/jWX2SYqP_normal.jpg",
        "profile_banner_url": "https://pbs.twimg.com/profile_banners/987478892742135809/1551193191",
        "profile_link_color": "1DA1F2",
        "profile_sidebar_border_color": "C0DEED",
        "profile_sidebar_fill_color": "DDEEF6",
        "profile_text_color": "333333",
        "profile_use_background_image": true,
        "has_extended_profile": true,
        "default_profile": true,
        "default_profile_image": false,
        "following": null,
        "follow_request_sent": null,
        "notifications": null,
        "translator_type": "none"
    },
    "geo": null,
    "coordinates": null,
    "place": null,
    "contributors": null,
    "is_quote_status": false,
    "retweet_count": 0,
    "favorite_count": 0,
    "favorited": false,
    "retweeted": false,
    "lang": "en"
}