{
    "created_at": "Wed Mar 13 21:16:58 +0000 2019",
    "id": 1105940840852140033,
    "id_str": "1105940840852140033",
    "text": "@britt_mellors @LashesByLucy1 And here is todays.. the liner is urban decay razor sharp liner. Its nicer in person.\u2026 https://t.co/g7jNKXA4Tf",
    "truncated": true,
    "entities": {
        "hashtags": [],
        "symbols": [],
        "user_mentions": [
            {
                "screen_name": "britt_mellors",
                "name": "B r i t t a n y \ud83e\udd8b",
                "id": 332729149,
                "id_str": "332729149",
                "indices": [
                    0,
                    14
                ]
            },
            {
                "screen_name": "LashesByLucy1",
                "name": "Lashes By Lucy",
                "id": 1105468379874365440,
                "id_str": "1105468379874365440",
                "indices": [
                    15,
                    29
                ]
            }
        ],
        "urls": [
            {
                "url": "https://t.co/g7jNKXA4Tf",
                "expanded_url": "https://twitter.com/i/web/status/1105940840852140033",
                "display_url": "twitter.com/i/web/status/1\u2026",
                "indices": [
                    117,
                    140
                ]
            }
        ]
    },
    "metadata": {
        "iso_language_code": "en",
        "result_type": "recent"
    },
    "source": "<a href=\"http://twitter.com/download/android\" rel=\"nofollow\">Twitter for Android</a>",
    "in_reply_to_status_id": 1105939270697713664,
    "in_reply_to_status_id_str": "1105939270697713664",
    "in_reply_to_user_id": 44783879,
    "in_reply_to_user_id_str": "44783879",
    "in_reply_to_screen_name": "TheSelfCareGuru",
    "user": {
        "id": 44783879,
        "id_str": "44783879",
        "name": "Danielle Abdelhamid",
        "screen_name": "TheSelfCareGuru",
        "location": "College Station, TX",
        "description": "Wife & Mother of 5!\nRecovery Coaching on the DAILY & bringing beauty and recovery together in a unique and fun way \ud83d\udc8b",
        "url": "https://t.co/HTKxgSBR8d",
        "entities": {
            "url": {
                "urls": [
                    {
                        "url": "https://t.co/HTKxgSBR8d",
                        "expanded_url": "https://www.youtube.com/channel/UCN22hVLyxPdK_t4g61XHdkQ",
                        "display_url": "youtube.com/channel/UCN22h\u2026",
                        "indices": [
                            0,
                            23
                        ]
                    }
                ]
            },
            "description": {
                "urls": []
            }
        },
        "protected": false,
        "followers_count": 87,
        "friends_count": 489,
        "listed_count": 0,
        "created_at": "Fri Jun 05 01:14:37 +0000 2009",
        "favourites_count": 3210,
        "utc_offset": null,
        "time_zone": null,
        "geo_enabled": false,
        "verified": false,
        "statuses_count": 1373,
        "lang": "en",
        "contributors_enabled": false,
        "is_translator": false,
        "is_translation_enabled": false,
        "profile_background_color": "642D8B",
        "profile_background_image_url": "http://abs.twimg.com/images/themes/theme10/bg.gif",
        "profile_background_image_url_https": "https://abs.twimg.com/images/themes/theme10/bg.gif",
        "profile_background_tile": true,
        "profile_image_url": "http://pbs.twimg.com/profile_images/1099493214850027520/_M68xLUW_normal.jpg",
        "profile_image_url_https": "https://pbs.twimg.com/profile_images/1099493214850027520/_M68xLUW_normal.jpg",
        "profile_banner_url": "https://pbs.twimg.com/profile_banners/44783879/1547605423",
        "profile_link_color": "FF0000",
        "profile_sidebar_border_color": "65B0DA",
        "profile_sidebar_fill_color": "7AC3EE",
        "profile_text_color": "3D1957",
        "profile_use_background_image": true,
        "has_extended_profile": true,
        "default_profile": false,
        "default_profile_image": false,
        "following": null,
        "follow_request_sent": null,
        "notifications": null,
        "translator_type": "none"
    },
    "geo": null,
    "coordinates": null,
    "place": null,
    "contributors": null,
    "is_quote_status": false,
    "retweet_count": 0,
    "favorite_count": 0,
    "favorited": false,
    "retweeted": false,
    "possibly_sensitive": false,
    "lang": "en"
}