{
    "created_at": "Wed Mar 13 21:45:07 +0000 2019",
    "id": 1105947925698494468,
    "id_str": "1105947925698494468",
    "text": "On the latest edition of #TheOne #podcast, @greggutfeld  is joined by Bill @pulte, founder of the non-profit organi\u2026 https://t.co/Nu9PNiUvLk",
    "truncated": true,
    "entities": {
        "hashtags": [
            {
                "text": "TheOne",
                "indices": [
                    25,
                    32
                ]
            },
            {
                "text": "podcast",
                "indices": [
                    33,
                    41
                ]
            }
        ],
        "symbols": [],
        "user_mentions": [
            {
                "screen_name": "greggutfeld",
                "name": "GregGutfeld",
                "id": 28628850,
                "id_str": "28628850",
                "indices": [
                    43,
                    55
                ]
            },
            {
                "screen_name": "pulte",
                "name": "Bill Pulte",
                "id": 25029495,
                "id_str": "25029495",
                "indices": [
                    75,
                    81
                ]
            }
        ],
        "urls": [
            {
                "url": "https://t.co/Nu9PNiUvLk",
                "expanded_url": "https://twitter.com/i/web/status/1105947925698494468",
                "display_url": "twitter.com/i/web/status/1\u2026",
                "indices": [
                    117,
                    140
                ]
            }
        ]
    },
    "metadata": {
        "iso_language_code": "en",
        "result_type": "recent"
    },
    "source": "<a href=\"https://www.hootsuite.com\" rel=\"nofollow\">Hootsuite Inc.</a>",
    "in_reply_to_status_id": null,
    "in_reply_to_status_id_str": null,
    "in_reply_to_user_id": null,
    "in_reply_to_user_id_str": null,
    "in_reply_to_screen_name": null,
    "user": {
        "id": 34023198,
        "id_str": "34023198",
        "name": "FOX News Talk",
        "screen_name": "foxnewstalk",
        "location": "New York",
        "description": "",
        "url": null,
        "entities": {
            "description": {
                "urls": []
            }
        },
        "protected": false,
        "followers_count": 15407,
        "friends_count": 97,
        "listed_count": 356,
        "created_at": "Tue Apr 21 20:09:21 +0000 2009",
        "favourites_count": 6,
        "utc_offset": null,
        "time_zone": null,
        "geo_enabled": true,
        "verified": true,
        "statuses_count": 19230,
        "lang": "en",
        "contributors_enabled": false,
        "is_translator": false,
        "is_translation_enabled": false,
        "profile_background_color": "1A1B1F",
        "profile_background_image_url": "http://abs.twimg.com/images/themes/theme9/bg.gif",
        "profile_background_image_url_https": "https://abs.twimg.com/images/themes/theme9/bg.gif",
        "profile_background_tile": false,
        "profile_image_url": "http://pbs.twimg.com/profile_images/1058051896265633794/uLtbPA92_normal.jpg",
        "profile_image_url_https": "https://pbs.twimg.com/profile_images/1058051896265633794/uLtbPA92_normal.jpg",
        "profile_banner_url": "https://pbs.twimg.com/profile_banners/34023198/1541098003",
        "profile_link_color": "2FC2EF",
        "profile_sidebar_border_color": "181A1E",
        "profile_sidebar_fill_color": "252429",
        "profile_text_color": "666666",
        "profile_use_background_image": false,
        "has_extended_profile": false,
        "default_profile": false,
        "default_profile_image": false,
        "following": null,
        "follow_request_sent": null,
        "notifications": null,
        "translator_type": "none"
    },
    "geo": null,
    "coordinates": null,
    "place": null,
    "contributors": null,
    "is_quote_status": false,
    "retweet_count": 10,
    "favorite_count": 18,
    "favorited": false,
    "retweeted": false,
    "possibly_sensitive": false,
    "lang": "en"
}