{
    "created_at": "Wed Mar 13 14:46:50 +0000 2019",
    "id": 1105842661796270080,
    "id_str": "1105842661796270080",
    "text": "RT @georgepobee1: Some of us have Urban Decay\u2019s All-Nighter, Jeffree https://t.co/ayoaquMFd9",
    "truncated": false,
    "entities": {
        "hashtags": [],
        "symbols": [],
        "user_mentions": [
            {
                "screen_name": "georgepobee1",
                "name": "George\ud83e\udd42",
                "id": 1043645409384693760,
                "id_str": "1043645409384693760",
                "indices": [
                    3,
                    16
                ]
            }
        ],
        "urls": [
            {
                "url": "https://t.co/ayoaquMFd9",
                "expanded_url": "https://twitter.com/jeffreestar/status/1105529849383288832",
                "display_url": "twitter.com/jeffreestar/st\u2026",
                "indices": [
                    69,
                    92
                ]
            }
        ]
    },
    "metadata": {
        "iso_language_code": "en",
        "result_type": "recent"
    },
    "source": "<a href=\"http://twitter.com/download/iphone\" rel=\"nofollow\">Twitter for iPhone</a>",
    "in_reply_to_status_id": null,
    "in_reply_to_status_id_str": null,
    "in_reply_to_user_id": null,
    "in_reply_to_user_id_str": null,
    "in_reply_to_screen_name": null,
    "user": {
        "id": 2741197109,
        "id_str": "2741197109",
        "name": "BeckyWithTheGoodHair",
        "screen_name": "beckyleerxo",
        "location": "Camden Town, London",
        "description": "19 | British | Dancer |",
        "url": null,
        "entities": {
            "description": {
                "urls": []
            }
        },
        "protected": false,
        "followers_count": 318,
        "friends_count": 205,
        "listed_count": 2,
        "created_at": "Tue Aug 12 21:41:35 +0000 2014",
        "favourites_count": 3747,
        "utc_offset": null,
        "time_zone": null,
        "geo_enabled": true,
        "verified": false,
        "statuses_count": 98,
        "lang": "en",
        "contributors_enabled": false,
        "is_translator": false,
        "is_translation_enabled": false,
        "profile_background_color": "000000",
        "profile_background_image_url": "http://abs.twimg.com/images/themes/theme1/bg.png",
        "profile_background_image_url_https": "https://abs.twimg.com/images/themes/theme1/bg.png",
        "profile_background_tile": false,
        "profile_image_url": "http://pbs.twimg.com/profile_images/1099083964696940544/gM7RTwl7_normal.jpg",
        "profile_image_url_https": "https://pbs.twimg.com/profile_images/1099083964696940544/gM7RTwl7_normal.jpg",
        "profile_banner_url": "https://pbs.twimg.com/profile_banners/2741197109/1549747816",
        "profile_link_color": "E81C4F",
        "profile_sidebar_border_color": "000000",
        "profile_sidebar_fill_color": "000000",
        "profile_text_color": "000000",
        "profile_use_background_image": false,
        "has_extended_profile": true,
        "default_profile": false,
        "default_profile_image": false,
        "following": null,
        "follow_request_sent": null,
        "notifications": null,
        "translator_type": "none"
    },
    "geo": null,
    "coordinates": null,
    "place": null,
    "contributors": null,
    "retweeted_status": {
        "created_at": "Wed Mar 13 10:28:27 +0000 2019",
        "id": 1105777635966238721,
        "id_str": "1105777635966238721",
        "text": "Some of us have Urban Decay\u2019s All-Nighter, Jeffree https://t.co/ayoaquMFd9",
        "truncated": false,
        "entities": {
            "hashtags": [],
            "symbols": [],
            "user_mentions": [],
            "urls": [
                {
                    "url": "https://t.co/ayoaquMFd9",
                    "expanded_url": "https://twitter.com/jeffreestar/status/1105529849383288832",
                    "display_url": "twitter.com/jeffreestar/st\u2026",
                    "indices": [
                        51,
                        74
                    ]
                }
            ]
        },
        "metadata": {
            "iso_language_code": "en",
            "result_type": "recent"
        },
        "source": "<a href=\"http://twitter.com/download/iphone\" rel=\"nofollow\">Twitter for iPhone</a>",
        "in_reply_to_status_id": null,
        "in_reply_to_status_id_str": null,
        "in_reply_to_user_id": null,
        "in_reply_to_user_id_str": null,
        "in_reply_to_screen_name": null,
        "user": {
            "id": 1043645409384693760,
            "id_str": "1043645409384693760",
            "name": "George\ud83e\udd42",
            "screen_name": "georgepobee1",
            "location": "Lincoln, England",
            "description": "beds / uni of lincoln",
            "url": null,
            "entities": {
                "description": {
                    "urls": []
                }
            },
            "protected": false,
            "followers_count": 80,
            "friends_count": 173,
            "listed_count": 0,
            "created_at": "Sat Sep 22 23:37:10 +0000 2018",
            "favourites_count": 1420,
            "utc_offset": null,
            "time_zone": null,
            "geo_enabled": true,
            "verified": false,
            "statuses_count": 913,
            "lang": "en",
            "contributors_enabled": false,
            "is_translator": false,
            "is_translation_enabled": false,
            "profile_background_color": "F5F8FA",
            "profile_background_image_url": null,
            "profile_background_image_url_https": null,
            "profile_background_tile": false,
            "profile_image_url": "http://pbs.twimg.com/profile_images/1105956772391587840/PoO46UPD_normal.jpg",
            "profile_image_url_https": "https://pbs.twimg.com/profile_images/1105956772391587840/PoO46UPD_normal.jpg",
            "profile_banner_url": "https://pbs.twimg.com/profile_banners/1043645409384693760/1542723299",
            "profile_link_color": "1DA1F2",
            "profile_sidebar_border_color": "C0DEED",
            "profile_sidebar_fill_color": "DDEEF6",
            "profile_text_color": "333333",
            "profile_use_background_image": true,
            "has_extended_profile": true,
            "default_profile": true,
            "default_profile_image": false,
            "following": null,
            "follow_request_sent": null,
            "notifications": null,
            "translator_type": "none"
        },
        "geo": null,
        "coordinates": null,
        "place": null,
        "contributors": null,
        "is_quote_status": true,
        "quoted_status_id": 1105529849383288832,
        "quoted_status_id_str": "1105529849383288832",
        "quoted_status": {
            "created_at": "Tue Mar 12 18:03:50 +0000 2019",
            "id": 1105529849383288832,
            "id_str": "1105529849383288832",
            "text": "I love the look of ruined makeup after sex.",
            "truncated": false,
            "entities": {
                "hashtags": [],
                "symbols": [],
                "user_mentions": [],
                "urls": []
            },
            "metadata": {
                "iso_language_code": "en",
                "result_type": "recent"
            },
            "source": "<a href=\"http://www.echofon.com/\" rel=\"nofollow\">Echofon</a>",
            "in_reply_to_status_id": null,
            "in_reply_to_status_id_str": null,
            "in_reply_to_user_id": null,
            "in_reply_to_user_id_str": null,
            "in_reply_to_screen_name": null,
            "user": {
                "id": 18236230,
                "id_str": "18236230",
                "name": "Jeffree Star",
                "screen_name": "JeffreeStar",
                "location": "Calabasas, CA",
                "description": "makeup artist / cosmetics creator / androgyny - SnapChat: jeffreedahmer",
                "url": "https://t.co/2MA2rnQc0I",
                "entities": {
                    "url": {
                        "urls": [
                            {
                                "url": "https://t.co/2MA2rnQc0I",
                                "expanded_url": "http://www.jeffreestarcosmetics.com",
                                "display_url": "jeffreestarcosmetics.com",
                                "indices": [
                                    0,
                                    23
                                ]
                            }
                        ]
                    },
                    "description": {
                        "urls": []
                    }
                },
                "protected": false,
                "followers_count": 3882639,
                "friends_count": 228,
                "listed_count": 6394,
                "created_at": "Fri Dec 19 05:57:53 +0000 2008",
                "favourites_count": 7714,
                "utc_offset": null,
                "time_zone": null,
                "geo_enabled": false,
                "verified": true,
                "statuses_count": 49454,
                "lang": "en",
                "contributors_enabled": false,
                "is_translator": false,
                "is_translation_enabled": true,
                "profile_background_color": "000000",
                "profile_background_image_url": "http://abs.twimg.com/images/themes/theme1/bg.png",
                "profile_background_image_url_https": "https://abs.twimg.com/images/themes/theme1/bg.png",
                "profile_background_tile": false,
                "profile_image_url": "http://pbs.twimg.com/profile_images/1091923452460597249/PM6iLNg9_normal.jpg",
                "profile_image_url_https": "https://pbs.twimg.com/profile_images/1091923452460597249/PM6iLNg9_normal.jpg",
                "profile_banner_url": "https://pbs.twimg.com/profile_banners/18236230/1549169663",
                "profile_link_color": "F58EA8",
                "profile_sidebar_border_color": "000000",
                "profile_sidebar_fill_color": "000000",
                "profile_text_color": "000000",
                "profile_use_background_image": false,
                "has_extended_profile": false,
                "default_profile": false,
                "default_profile_image": false,
                "following": null,
                "follow_request_sent": null,
                "notifications": null,
                "translator_type": "none"
            },
            "geo": null,
            "coordinates": null,
            "place": null,
            "contributors": null,
            "is_quote_status": false,
            "retweet_count": 14999,
            "favorite_count": 127379,
            "favorited": false,
            "retweeted": false,
            "lang": "en"
        },
        "retweet_count": 2,
        "favorite_count": 8,
        "favorited": false,
        "retweeted": false,
        "possibly_sensitive": false,
        "lang": "en"
    },
    "is_quote_status": true,
    "quoted_status_id": 1105529849383288832,
    "quoted_status_id_str": "1105529849383288832",
    "retweet_count": 2,
    "favorite_count": 0,
    "favorited": false,
    "retweeted": false,
    "possibly_sensitive": false,
    "lang": "en"
}