{
    "created_at": "Wed Mar 13 23:03:43 +0000 2019",
    "id": 1105967704148766720,
    "id_str": "1105967704148766720",
    "text": "@lilyiguess Urban Decay all nighter foundation + spray that shit does not play I have naturally drier skin so I can\u2026 https://t.co/MIw45oQYgH",
    "truncated": true,
    "entities": {
        "hashtags": [],
        "symbols": [],
        "user_mentions": [
            {
                "screen_name": "lilyiguess",
                "name": "\ud83d\ude21",
                "id": 311840840,
                "id_str": "311840840",
                "indices": [
                    0,
                    11
                ]
            }
        ],
        "urls": [
            {
                "url": "https://t.co/MIw45oQYgH",
                "expanded_url": "https://twitter.com/i/web/status/1105967704148766720",
                "display_url": "twitter.com/i/web/status/1\u2026",
                "indices": [
                    117,
                    140
                ]
            }
        ]
    },
    "metadata": {
        "iso_language_code": "en",
        "result_type": "recent"
    },
    "source": "<a href=\"http://twitter.com/download/iphone\" rel=\"nofollow\">Twitter for iPhone</a>",
    "in_reply_to_status_id": 1105922773992513536,
    "in_reply_to_status_id_str": "1105922773992513536",
    "in_reply_to_user_id": 311840840,
    "in_reply_to_user_id_str": "311840840",
    "in_reply_to_screen_name": "lilyiguess",
    "user": {
        "id": 15638078,
        "id_str": "15638078",
        "name": "sewer baby",
        "screen_name": "yungmeesh",
        "location": "904/509",
        "description": "\ud83e\udd40",
        "url": null,
        "entities": {
            "description": {
                "urls": []
            }
        },
        "protected": false,
        "followers_count": 214,
        "friends_count": 141,
        "listed_count": 0,
        "created_at": "Mon Jul 28 21:40:32 +0000 2008",
        "favourites_count": 10517,
        "utc_offset": null,
        "time_zone": null,
        "geo_enabled": true,
        "verified": false,
        "statuses_count": 35770,
        "lang": "en",
        "contributors_enabled": false,
        "is_translator": false,
        "is_translation_enabled": false,
        "profile_background_color": "352726",
        "profile_background_image_url": "http://abs.twimg.com/images/themes/theme18/bg.gif",
        "profile_background_image_url_https": "https://abs.twimg.com/images/themes/theme18/bg.gif",
        "profile_background_tile": true,
        "profile_image_url": "http://pbs.twimg.com/profile_images/1079784263430623233/6nugaqCm_normal.jpg",
        "profile_image_url_https": "https://pbs.twimg.com/profile_images/1079784263430623233/6nugaqCm_normal.jpg",
        "profile_banner_url": "https://pbs.twimg.com/profile_banners/15638078/1498702358",
        "profile_link_color": "050505",
        "profile_sidebar_border_color": "FFFFFF",
        "profile_sidebar_fill_color": "E6F6F9",
        "profile_text_color": "4A4A59",
        "profile_use_background_image": true,
        "has_extended_profile": true,
        "default_profile": false,
        "default_profile_image": false,
        "following": null,
        "follow_request_sent": null,
        "notifications": null,
        "translator_type": "none"
    },
    "geo": null,
    "coordinates": null,
    "place": null,
    "contributors": null,
    "is_quote_status": false,
    "retweet_count": 0,
    "favorite_count": 1,
    "favorited": false,
    "retweeted": false,
    "lang": "en"
}