{
    "created_at": "Wed Mar 13 20:30:02 +0000 2019",
    "id": 1105929030698758145,
    "id_str": "1105929030698758145",
    "text": "@tabanquiere Le spray fixateur rimmel est pas mal pour le prix sinon le urban decay est top aussi mais bien plus ch\u2026 https://t.co/YXtPkZ8zmP",
    "truncated": true,
    "entities": {
        "hashtags": [],
        "symbols": [],
        "user_mentions": [
            {
                "screen_name": "tabanquiere",
                "name": "\u2b50\ufe0fTa Banqui\u00e8re\u2b50\ufe0f",
                "id": 392316718,
                "id_str": "392316718",
                "indices": [
                    0,
                    12
                ]
            }
        ],
        "urls": [
            {
                "url": "https://t.co/YXtPkZ8zmP",
                "expanded_url": "https://twitter.com/i/web/status/1105929030698758145",
                "display_url": "twitter.com/i/web/status/1\u2026",
                "indices": [
                    117,
                    140
                ]
            }
        ]
    },
    "metadata": {
        "iso_language_code": "fr",
        "result_type": "recent"
    },
    "source": "<a href=\"http://twitter.com/download/android\" rel=\"nofollow\">Twitter for Android</a>",
    "in_reply_to_status_id": 1105539111975305217,
    "in_reply_to_status_id_str": "1105539111975305217",
    "in_reply_to_user_id": 392316718,
    "in_reply_to_user_id_str": "392316718",
    "in_reply_to_screen_name": "tabanquiere",
    "user": {
        "id": 1052600331627089920,
        "id_str": "1052600331627089920",
        "name": "Elisa",
        "screen_name": "meakaelisa",
        "location": "",
        "description": "",
        "url": null,
        "entities": {
            "description": {
                "urls": []
            }
        },
        "protected": false,
        "followers_count": 10,
        "friends_count": 24,
        "listed_count": 0,
        "created_at": "Wed Oct 17 16:40:50 +0000 2018",
        "favourites_count": 29,
        "utc_offset": null,
        "time_zone": null,
        "geo_enabled": false,
        "verified": false,
        "statuses_count": 2626,
        "lang": "fr",
        "contributors_enabled": false,
        "is_translator": false,
        "is_translation_enabled": false,
        "profile_background_color": "F5F8FA",
        "profile_background_image_url": null,
        "profile_background_image_url_https": null,
        "profile_background_tile": false,
        "profile_image_url": "http://pbs.twimg.com/profile_images/1052600959334055936/UOf9nWpd_normal.jpg",
        "profile_image_url_https": "https://pbs.twimg.com/profile_images/1052600959334055936/UOf9nWpd_normal.jpg",
        "profile_banner_url": "https://pbs.twimg.com/profile_banners/1052600331627089920/1541109810",
        "profile_link_color": "1DA1F2",
        "profile_sidebar_border_color": "C0DEED",
        "profile_sidebar_fill_color": "DDEEF6",
        "profile_text_color": "333333",
        "profile_use_background_image": true,
        "has_extended_profile": true,
        "default_profile": true,
        "default_profile_image": false,
        "following": null,
        "follow_request_sent": null,
        "notifications": null,
        "translator_type": "none"
    },
    "geo": null,
    "coordinates": null,
    "place": null,
    "contributors": null,
    "is_quote_status": false,
    "retweet_count": 0,
    "favorite_count": 1,
    "favorited": false,
    "retweeted": false,
    "lang": "fr"
}