{
    "created_at": "Wed Mar 13 14:32:43 +0000 2019",
    "id": 1105839108755095553,
    "id_str": "1105839108755095553",
    "text": "getting followed by Urban Decay on instagram really made my entire month. the fact that they like my work without m\u2026 https://t.co/KIKrXNy7lF",
    "truncated": true,
    "entities": {
        "hashtags": [],
        "symbols": [],
        "user_mentions": [],
        "urls": [
            {
                "url": "https://t.co/KIKrXNy7lF",
                "expanded_url": "https://twitter.com/i/web/status/1105839108755095553",
                "display_url": "twitter.com/i/web/status/1\u2026",
                "indices": [
                    117,
                    140
                ]
            }
        ]
    },
    "metadata": {
        "iso_language_code": "en",
        "result_type": "recent"
    },
    "source": "<a href=\"http://twitter.com/download/iphone\" rel=\"nofollow\">Twitter for iPhone</a>",
    "in_reply_to_status_id": null,
    "in_reply_to_status_id_str": null,
    "in_reply_to_user_id": null,
    "in_reply_to_user_id_str": null,
    "in_reply_to_screen_name": null,
    "user": {
        "id": 1004064110638608384,
        "id_str": "1004064110638608384",
        "name": "katie \u2728",
        "screen_name": "KatieArtistry",
        "location": "",
        "description": "makeup artist \ud83d\udc8c business inquires: katieartistry@gmail.com",
        "url": "https://t.co/Xmrg91E525",
        "entities": {
            "url": {
                "urls": [
                    {
                        "url": "https://t.co/Xmrg91E525",
                        "expanded_url": "http://Instagram.com/katieartistry",
                        "display_url": "Instagram.com/katieartistry",
                        "indices": [
                            0,
                            23
                        ]
                    }
                ]
            },
            "description": {
                "urls": []
            }
        },
        "protected": false,
        "followers_count": 198,
        "friends_count": 241,
        "listed_count": 0,
        "created_at": "Tue Jun 05 18:15:13 +0000 2018",
        "favourites_count": 3958,
        "utc_offset": null,
        "time_zone": null,
        "geo_enabled": false,
        "verified": false,
        "statuses_count": 853,
        "lang": "en",
        "contributors_enabled": false,
        "is_translator": false,
        "is_translation_enabled": false,
        "profile_background_color": "F5F8FA",
        "profile_background_image_url": null,
        "profile_background_image_url_https": null,
        "profile_background_tile": false,
        "profile_image_url": "http://pbs.twimg.com/profile_images/1103401982755127297/Nv-7YFRa_normal.jpg",
        "profile_image_url_https": "https://pbs.twimg.com/profile_images/1103401982755127297/Nv-7YFRa_normal.jpg",
        "profile_banner_url": "https://pbs.twimg.com/profile_banners/1004064110638608384/1552324683",
        "profile_link_color": "1DA1F2",
        "profile_sidebar_border_color": "C0DEED",
        "profile_sidebar_fill_color": "DDEEF6",
        "profile_text_color": "333333",
        "profile_use_background_image": true,
        "has_extended_profile": false,
        "default_profile": true,
        "default_profile_image": false,
        "following": null,
        "follow_request_sent": null,
        "notifications": null,
        "translator_type": "none"
    },
    "geo": null,
    "coordinates": null,
    "place": null,
    "contributors": null,
    "is_quote_status": false,
    "retweet_count": 0,
    "favorite_count": 15,
    "favorited": false,
    "retweeted": false,
    "lang": "en"
}