{
    "created_at": "Wed Mar 13 19:45:50 +0000 2019",
    "id": 1105917907584933889,
    "id_str": "1105917907584933889",
    "text": "RT @LinzStanley: Hi. My name is Linz Stanley and I am now looking for employment opportunities. I have Disney, Urban Decay, and Blizzard Ev\u2026",
    "truncated": false,
    "entities": {
        "hashtags": [],
        "symbols": [],
        "user_mentions": [
            {
                "screen_name": "LinzStanley",
                "name": "LINZ ON THE JOB HUNT",
                "id": 78507635,
                "id_str": "78507635",
                "indices": [
                    3,
                    15
                ]
            }
        ],
        "urls": []
    },
    "metadata": {
        "iso_language_code": "en",
        "result_type": "recent"
    },
    "source": "<a href=\"http://twitter.com/download/android\" rel=\"nofollow\">Twitter for Android</a>",
    "in_reply_to_status_id": null,
    "in_reply_to_status_id_str": null,
    "in_reply_to_user_id": null,
    "in_reply_to_user_id_str": null,
    "in_reply_to_screen_name": null,
    "user": {
        "id": 3260269579,
        "id_str": "3260269579",
        "name": "gntlshrk",
        "screen_name": "SirGentleshark",
        "location": "",
        "description": "he/they - peace, land and bread is a good motto - no war - algumas esta\u00e7\u00f5es e um apeadeiro",
        "url": null,
        "entities": {
            "description": {
                "urls": []
            }
        },
        "protected": false,
        "followers_count": 210,
        "friends_count": 1225,
        "listed_count": 3,
        "created_at": "Mon Jun 29 18:57:57 +0000 2015",
        "favourites_count": 91813,
        "utc_offset": null,
        "time_zone": null,
        "geo_enabled": false,
        "verified": false,
        "statuses_count": 52993,
        "lang": "en",
        "contributors_enabled": false,
        "is_translator": false,
        "is_translation_enabled": false,
        "profile_background_color": "000000",
        "profile_background_image_url": "http://abs.twimg.com/images/themes/theme1/bg.png",
        "profile_background_image_url_https": "https://abs.twimg.com/images/themes/theme1/bg.png",
        "profile_background_tile": false,
        "profile_image_url": "http://pbs.twimg.com/profile_images/1057961759192031232/4upsL767_normal.jpg",
        "profile_image_url_https": "https://pbs.twimg.com/profile_images/1057961759192031232/4upsL767_normal.jpg",
        "profile_banner_url": "https://pbs.twimg.com/profile_banners/3260269579/1541072915",
        "profile_link_color": "FFB38D",
        "profile_sidebar_border_color": "000000",
        "profile_sidebar_fill_color": "000000",
        "profile_text_color": "000000",
        "profile_use_background_image": false,
        "has_extended_profile": false,
        "default_profile": false,
        "default_profile_image": false,
        "following": null,
        "follow_request_sent": null,
        "notifications": null,
        "translator_type": "none"
    },
    "geo": null,
    "coordinates": null,
    "place": null,
    "contributors": null,
    "retweeted_status": {
        "created_at": "Tue Feb 12 22:19:29 +0000 2019",
        "id": 1095447324803776513,
        "id_str": "1095447324803776513",
        "text": "Hi. My name is Linz Stanley and I am now looking for employment opportunities. I have Disney, Urban Decay, and Bliz\u2026 https://t.co/NByeuJ45Vc",
        "truncated": true,
        "entities": {
            "hashtags": [],
            "symbols": [],
            "user_mentions": [],
            "urls": [
                {
                    "url": "https://t.co/NByeuJ45Vc",
                    "expanded_url": "https://twitter.com/i/web/status/1095447324803776513",
                    "display_url": "twitter.com/i/web/status/1\u2026",
                    "indices": [
                        117,
                        140
                    ]
                }
            ]
        },
        "metadata": {
            "iso_language_code": "en",
            "result_type": "recent"
        },
        "source": "<a href=\"http://twitter.com/download/iphone\" rel=\"nofollow\">Twitter for iPhone</a>",
        "in_reply_to_status_id": null,
        "in_reply_to_status_id_str": null,
        "in_reply_to_user_id": null,
        "in_reply_to_user_id_str": null,
        "in_reply_to_screen_name": null,
        "user": {
            "id": 78507635,
            "id_str": "78507635",
            "name": "LINZ ON THE JOB HUNT",
            "screen_name": "LinzStanley",
            "location": "Newport Beach, CA",
            "description": "\ud83d\udca5LOOKING FOR NEW OPPORTUNITIES\ud83d\udca5 | Geek of All Trades\u2122 | Cosplay | Fitness | Makeup | \ud83d\udc8c bookinglinzstanley@gmail.com",
            "url": "https://t.co/zSYMTTYzeT",
            "entities": {
                "url": {
                    "urls": [
                        {
                            "url": "https://t.co/zSYMTTYzeT",
                            "expanded_url": "http://facebook.com/linzstanley",
                            "display_url": "facebook.com/linzstanley",
                            "indices": [
                                0,
                                23
                            ]
                        }
                    ]
                },
                "description": {
                    "urls": []
                }
            },
            "protected": false,
            "followers_count": 3207,
            "friends_count": 824,
            "listed_count": 82,
            "created_at": "Wed Sep 30 03:58:08 +0000 2009",
            "favourites_count": 18937,
            "utc_offset": null,
            "time_zone": null,
            "geo_enabled": true,
            "verified": false,
            "statuses_count": 28096,
            "lang": "en",
            "contributors_enabled": false,
            "is_translator": false,
            "is_translation_enabled": false,
            "profile_background_color": "DD2E44",
            "profile_background_image_url": "http://abs.twimg.com/images/themes/theme19/bg.gif",
            "profile_background_image_url_https": "https://abs.twimg.com/images/themes/theme19/bg.gif",
            "profile_background_tile": true,
            "profile_image_url": "http://pbs.twimg.com/profile_images/822647815134466050/kJa8Flid_normal.jpg",
            "profile_image_url_https": "https://pbs.twimg.com/profile_images/822647815134466050/kJa8Flid_normal.jpg",
            "profile_banner_url": "https://pbs.twimg.com/profile_banners/78507635/1545206500",
            "profile_link_color": "DD2E44",
            "profile_sidebar_border_color": "000000",
            "profile_sidebar_fill_color": "000000",
            "profile_text_color": "000000",
            "profile_use_background_image": true,
            "has_extended_profile": true,
            "default_profile": false,
            "default_profile_image": false,
            "following": null,
            "follow_request_sent": null,
            "notifications": null,
            "translator_type": "none"
        },
        "geo": null,
        "coordinates": null,
        "place": null,
        "contributors": null,
        "is_quote_status": false,
        "retweet_count": 1225,
        "favorite_count": 2225,
        "favorited": false,
        "retweeted": false,
        "lang": "en"
    },
    "is_quote_status": false,
    "retweet_count": 1225,
    "favorite_count": 0,
    "favorited": false,
    "retweeted": false,
    "lang": "en"
}