{
    "created_at": "Wed Mar 13 20:59:26 +0000 2019",
    "id": 1105936428154916865,
    "id_str": "1105936428154916865",
    "text": "@LovaGrace_ @horanxlmighty La derni\u00e8re fois que j\u2019y suis all\u00e9e une vendeuse vient me raconter la vie de la Naked Re\u2026 https://t.co/aK5EToFiWs",
    "truncated": true,
    "entities": {
        "hashtags": [],
        "symbols": [],
        "user_mentions": [
            {
                "screen_name": "LovaGrace_",
                "name": "- LOV\u00c6 IS B\u00c6 \ud83e\uddf8\ud83d\udc8b",
                "id": 577590027,
                "id_str": "577590027",
                "indices": [
                    0,
                    11
                ]
            },
            {
                "screen_name": "horanxlmighty",
                "name": "namo",
                "id": 2561931117,
                "id_str": "2561931117",
                "indices": [
                    12,
                    26
                ]
            }
        ],
        "urls": [
            {
                "url": "https://t.co/aK5EToFiWs",
                "expanded_url": "https://twitter.com/i/web/status/1105936428154916865",
                "display_url": "twitter.com/i/web/status/1\u2026",
                "indices": [
                    117,
                    140
                ]
            }
        ]
    },
    "metadata": {
        "iso_language_code": "fr",
        "result_type": "recent"
    },
    "source": "<a href=\"http://twitter.com/download/iphone\" rel=\"nofollow\">Twitter for iPhone</a>",
    "in_reply_to_status_id": 1105557549779161088,
    "in_reply_to_status_id_str": "1105557549779161088",
    "in_reply_to_user_id": 577590027,
    "in_reply_to_user_id_str": "577590027",
    "in_reply_to_screen_name": "LovaGrace_",
    "user": {
        "id": 258111307,
        "id_str": "258111307",
        "name": "pink lady",
        "screen_name": "PainPeeta",
        "location": "",
        "description": "let's do something good today before it's too late |\ud83d\udc3e|",
        "url": "https://t.co/RJ5c1thoCx",
        "entities": {
            "url": {
                "urls": [
                    {
                        "url": "https://t.co/RJ5c1thoCx",
                        "expanded_url": "http://Instagram.com/painpeeta",
                        "display_url": "Instagram.com/painpeeta",
                        "indices": [
                            0,
                            23
                        ]
                    }
                ]
            },
            "description": {
                "urls": []
            }
        },
        "protected": false,
        "followers_count": 182,
        "friends_count": 187,
        "listed_count": 13,
        "created_at": "Sun Feb 27 00:24:57 +0000 2011",
        "favourites_count": 2121,
        "utc_offset": null,
        "time_zone": null,
        "geo_enabled": true,
        "verified": false,
        "statuses_count": 56653,
        "lang": "fr",
        "contributors_enabled": false,
        "is_translator": false,
        "is_translation_enabled": false,
        "profile_background_color": "FFFFFF",
        "profile_background_image_url": "http://abs.twimg.com/images/themes/theme1/bg.png",
        "profile_background_image_url_https": "https://abs.twimg.com/images/themes/theme1/bg.png",
        "profile_background_tile": false,
        "profile_image_url": "http://pbs.twimg.com/profile_images/1090690670250082304/3HvkYubB_normal.jpg",
        "profile_image_url_https": "https://pbs.twimg.com/profile_images/1090690670250082304/3HvkYubB_normal.jpg",
        "profile_banner_url": "https://pbs.twimg.com/profile_banners/258111307/1464029421",
        "profile_link_color": "C77373",
        "profile_sidebar_border_color": "000000",
        "profile_sidebar_fill_color": "303030",
        "profile_text_color": "7D7D7D",
        "profile_use_background_image": true,
        "has_extended_profile": true,
        "default_profile": false,
        "default_profile_image": false,
        "following": null,
        "follow_request_sent": null,
        "notifications": null,
        "translator_type": "none"
    },
    "geo": null,
    "coordinates": null,
    "place": null,
    "contributors": null,
    "is_quote_status": false,
    "retweet_count": 0,
    "favorite_count": 0,
    "favorited": false,
    "retweeted": false,
    "lang": "fr"
}