{
    "created_at": "Wed Mar 13 20:25:50 +0000 2019",
    "id": 1105927973662801921,
    "id_str": "1105927973662801921",
    "text": "@shingiraimalX @Wamagaisa @shingiraimalX drilling boreholes in urban areas is symptomatic of decay in governance an\u2026 https://t.co/fHyqD0pSz4",
    "truncated": true,
    "entities": {
        "hashtags": [],
        "symbols": [],
        "user_mentions": [
            {
                "screen_name": "shingiraimalX",
                "name": "MalcolmShingirai",
                "id": 446601542,
                "id_str": "446601542",
                "indices": [
                    0,
                    14
                ]
            },
            {
                "screen_name": "Wamagaisa",
                "name": "Alex T Magaisa \ud83c\uddff\ud83c\uddfc",
                "id": 285470979,
                "id_str": "285470979",
                "indices": [
                    15,
                    25
                ]
            },
            {
                "screen_name": "shingiraimalX",
                "name": "MalcolmShingirai",
                "id": 446601542,
                "id_str": "446601542",
                "indices": [
                    26,
                    40
                ]
            }
        ],
        "urls": [
            {
                "url": "https://t.co/fHyqD0pSz4",
                "expanded_url": "https://twitter.com/i/web/status/1105927973662801921",
                "display_url": "twitter.com/i/web/status/1\u2026",
                "indices": [
                    117,
                    140
                ]
            }
        ]
    },
    "metadata": {
        "iso_language_code": "en",
        "result_type": "recent"
    },
    "source": "<a href=\"http://twitter.com/download/android\" rel=\"nofollow\">Twitter for Android</a>",
    "in_reply_to_status_id": 1105908765725995008,
    "in_reply_to_status_id_str": "1105908765725995008",
    "in_reply_to_user_id": 446601542,
    "in_reply_to_user_id_str": "446601542",
    "in_reply_to_screen_name": "shingiraimalX",
    "user": {
        "id": 1084516578165772290,
        "id_str": "1084516578165772290",
        "name": "William Muchayi",
        "screen_name": "MuchayiWilliam",
        "location": "UK",
        "description": "A pro-democracy campaigner who can't afford to sit idle in the midst of injustice",
        "url": null,
        "entities": {
            "description": {
                "urls": []
            }
        },
        "protected": false,
        "followers_count": 12,
        "friends_count": 13,
        "listed_count": 0,
        "created_at": "Sun Jan 13 18:24:36 +0000 2019",
        "favourites_count": 53,
        "utc_offset": null,
        "time_zone": null,
        "geo_enabled": false,
        "verified": false,
        "statuses_count": 143,
        "lang": "en",
        "contributors_enabled": false,
        "is_translator": false,
        "is_translation_enabled": false,
        "profile_background_color": "F5F8FA",
        "profile_background_image_url": null,
        "profile_background_image_url_https": null,
        "profile_background_tile": false,
        "profile_image_url": "http://pbs.twimg.com/profile_images/1084743068522332162/eO1K9BjV_normal.jpg",
        "profile_image_url_https": "https://pbs.twimg.com/profile_images/1084743068522332162/eO1K9BjV_normal.jpg",
        "profile_banner_url": "https://pbs.twimg.com/profile_banners/1084516578165772290/1547457874",
        "profile_link_color": "1DA1F2",
        "profile_sidebar_border_color": "C0DEED",
        "profile_sidebar_fill_color": "DDEEF6",
        "profile_text_color": "333333",
        "profile_use_background_image": true,
        "has_extended_profile": false,
        "default_profile": true,
        "default_profile_image": false,
        "following": null,
        "follow_request_sent": null,
        "notifications": null,
        "translator_type": "none"
    },
    "geo": null,
    "coordinates": null,
    "place": null,
    "contributors": null,
    "is_quote_status": false,
    "retweet_count": 0,
    "favorite_count": 2,
    "favorited": false,
    "retweeted": false,
    "lang": "en"
}