{
    "created_at": "Wed Mar 13 20:49:45 +0000 2019",
    "id": 1105933991587340288,
    "id_str": "1105933991587340288",
    "text": "@itsukoii The urban decay electric palette is LIFE! And since it\u2019s an older palette sometimes you can get it cheape\u2026 https://t.co/rEd8HFTeJY",
    "truncated": true,
    "entities": {
        "hashtags": [],
        "symbols": [],
        "user_mentions": [
            {
                "screen_name": "itsukoii",
                "name": "\u1d43\u02e2\u02e2 \u1d50\u1d43\u02e2\u1d57\u1d49\u02b3 \u2089\u2080\u2080\u2080 @ PHASE #04 NYC",
                "id": 3164352768,
                "id_str": "3164352768",
                "indices": [
                    0,
                    9
                ]
            }
        ],
        "urls": [
            {
                "url": "https://t.co/rEd8HFTeJY",
                "expanded_url": "https://twitter.com/i/web/status/1105933991587340288",
                "display_url": "twitter.com/i/web/status/1\u2026",
                "indices": [
                    117,
                    140
                ]
            }
        ]
    },
    "metadata": {
        "iso_language_code": "en",
        "result_type": "recent"
    },
    "source": "<a href=\"http://twitter.com/download/iphone\" rel=\"nofollow\">Twitter for iPhone</a>",
    "in_reply_to_status_id": 1105933325833773056,
    "in_reply_to_status_id_str": "1105933325833773056",
    "in_reply_to_user_id": 3164352768,
    "in_reply_to_user_id_str": "3164352768",
    "in_reply_to_screen_name": "itsukoii",
    "user": {
        "id": 1100768772410011648,
        "id_str": "1100768772410011648",
        "name": "drogon\u2019s mom @NINTH 04/30 05/06",
        "screen_name": "fire_druidess",
        "location": "\ud83d\udc32\ud83d\udd25\ud83d\udc98\ud83d\udc3a\u2744\ufe0f",
        "description": "Alex | 24 | #TeamTargaryen \ud83d\udc32| Fantasy, Viking & Medieval enthusiast \ud83c\udff0 | Jonerys | \u8475 x \u9e97 \u2661",
        "url": null,
        "entities": {
            "description": {
                "urls": []
            }
        },
        "protected": false,
        "followers_count": 46,
        "friends_count": 131,
        "listed_count": 0,
        "created_at": "Wed Feb 27 14:45:01 +0000 2019",
        "favourites_count": 2098,
        "utc_offset": null,
        "time_zone": null,
        "geo_enabled": true,
        "verified": false,
        "statuses_count": 1050,
        "lang": "en",
        "contributors_enabled": false,
        "is_translator": false,
        "is_translation_enabled": false,
        "profile_background_color": "F5F8FA",
        "profile_background_image_url": null,
        "profile_background_image_url_https": null,
        "profile_background_tile": false,
        "profile_image_url": "http://pbs.twimg.com/profile_images/1103063390044520448/2RLfmSLS_normal.jpg",
        "profile_image_url_https": "https://pbs.twimg.com/profile_images/1103063390044520448/2RLfmSLS_normal.jpg",
        "profile_banner_url": "https://pbs.twimg.com/profile_banners/1100768772410011648/1551819158",
        "profile_link_color": "1DA1F2",
        "profile_sidebar_border_color": "C0DEED",
        "profile_sidebar_fill_color": "DDEEF6",
        "profile_text_color": "333333",
        "profile_use_background_image": true,
        "has_extended_profile": true,
        "default_profile": true,
        "default_profile_image": false,
        "following": null,
        "follow_request_sent": null,
        "notifications": null,
        "translator_type": "none"
    },
    "geo": null,
    "coordinates": null,
    "place": null,
    "contributors": null,
    "is_quote_status": false,
    "retweet_count": 0,
    "favorite_count": 1,
    "favorited": false,
    "retweeted": false,
    "lang": "en"
}