{
    "created_at": "Wed Mar 13 21:58:10 +0000 2019",
    "id": 1105951210836774912,
    "id_str": "1105951210836774912",
    "text": "Ya que IG, FB y la mar en coche est\u00e1n ca\u00eddos, les dejo fotos de la nueva paleta de @UrbanDecay en mi blog https://t.co/mo4YUVfBqL",
    "truncated": false,
    "entities": {
        "hashtags": [],
        "symbols": [],
        "user_mentions": [
            {
                "screen_name": "UrbanDecay",
                "name": "Urban Decay",
                "id": 18912121,
                "id_str": "18912121",
                "indices": [
                    83,
                    94
                ]
            }
        ],
        "urls": [
            {
                "url": "https://t.co/mo4YUVfBqL",
                "expanded_url": "http://www.getglam.com.ar/2019/03/naked-reloaded-de-urban-decay-neutros.html",
                "display_url": "getglam.com.ar/2019/03/naked-\u2026",
                "indices": [
                    106,
                    129
                ]
            }
        ]
    },
    "metadata": {
        "iso_language_code": "es",
        "result_type": "recent"
    },
    "source": "<a href=\"http://twitter.com\" rel=\"nofollow\">Twitter Web Client</a>",
    "in_reply_to_status_id": null,
    "in_reply_to_status_id_str": null,
    "in_reply_to_user_id": null,
    "in_reply_to_user_id_str": null,
    "in_reply_to_screen_name": null,
    "user": {
        "id": 79780865,
        "id_str": "79780865",
        "name": "Ver\u00f3nica Fr\u00e1gola",
        "screen_name": "Fruticienta",
        "location": "Tigre, Argentina",
        "description": "beauty blogger y redactora de belleza. Como toda beauty queen, s\u00f3lo deseo la paz mundial y mi \u00eddola es la Hermana Bernarda (o era la Madre Teresa?... \ud83e\udd14)",
        "url": "https://t.co/mhEHrPZvzq",
        "entities": {
            "url": {
                "urls": [
                    {
                        "url": "https://t.co/mhEHrPZvzq",
                        "expanded_url": "http://www.getGlam.com.ar",
                        "display_url": "getGlam.com.ar",
                        "indices": [
                            0,
                            23
                        ]
                    }
                ]
            },
            "description": {
                "urls": []
            }
        },
        "protected": false,
        "followers_count": 7706,
        "friends_count": 1029,
        "listed_count": 116,
        "created_at": "Sun Oct 04 17:26:08 +0000 2009",
        "favourites_count": 20962,
        "utc_offset": null,
        "time_zone": null,
        "geo_enabled": true,
        "verified": false,
        "statuses_count": 76451,
        "lang": "es",
        "contributors_enabled": false,
        "is_translator": false,
        "is_translation_enabled": false,
        "profile_background_color": "1A1B1F",
        "profile_background_image_url": "http://abs.twimg.com/images/themes/theme3/bg.gif",
        "profile_background_image_url_https": "https://abs.twimg.com/images/themes/theme3/bg.gif",
        "profile_background_tile": true,
        "profile_image_url": "http://pbs.twimg.com/profile_images/892810143435501569/UgE4IeXq_normal.jpg",
        "profile_image_url_https": "https://pbs.twimg.com/profile_images/892810143435501569/UgE4IeXq_normal.jpg",
        "profile_banner_url": "https://pbs.twimg.com/profile_banners/79780865/1499985374",
        "profile_link_color": "2FC2EF",
        "profile_sidebar_border_color": "FFFFFF",
        "profile_sidebar_fill_color": "252429",
        "profile_text_color": "666666",
        "profile_use_background_image": true,
        "has_extended_profile": true,
        "default_profile": false,
        "default_profile_image": false,
        "following": null,
        "follow_request_sent": null,
        "notifications": null,
        "translator_type": "none"
    },
    "geo": null,
    "coordinates": null,
    "place": null,
    "contributors": null,
    "is_quote_status": false,
    "retweet_count": 0,
    "favorite_count": 23,
    "favorited": false,
    "retweeted": false,
    "possibly_sensitive": false,
    "lang": "es"
}