{
    "created_at": "Wed Mar 13 21:05:34 +0000 2019",
    "id": 1105937972489322496,
    "id_str": "1105937972489322496",
    "text": "I gave in to 2007 me and bought a solo of Gash from urban decay.   I may not be the savior of the broken, the beate\u2026 https://t.co/eV4Z4Neusb",
    "truncated": true,
    "entities": {
        "hashtags": [],
        "symbols": [],
        "user_mentions": [],
        "urls": [
            {
                "url": "https://t.co/eV4Z4Neusb",
                "expanded_url": "https://twitter.com/i/web/status/1105937972489322496",
                "display_url": "twitter.com/i/web/status/1\u2026",
                "indices": [
                    117,
                    140
                ]
            }
        ]
    },
    "metadata": {
        "iso_language_code": "en",
        "result_type": "recent"
    },
    "source": "<a href=\"http://www.facebook.com/twitter\" rel=\"nofollow\">Facebook</a>",
    "in_reply_to_status_id": null,
    "in_reply_to_status_id_str": null,
    "in_reply_to_user_id": null,
    "in_reply_to_user_id_str": null,
    "in_reply_to_screen_name": null,
    "user": {
        "id": 61761707,
        "id_str": "61761707",
        "name": "Sara Anderson",
        "screen_name": "Omnomidon",
        "location": "Gresham, OR",
        "description": "Smile, it makes your butt tingle.",
        "url": null,
        "entities": {
            "description": {
                "urls": []
            }
        },
        "protected": false,
        "followers_count": 71,
        "friends_count": 181,
        "listed_count": 1,
        "created_at": "Fri Jul 31 12:42:33 +0000 2009",
        "favourites_count": 735,
        "utc_offset": null,
        "time_zone": null,
        "geo_enabled": false,
        "verified": false,
        "statuses_count": 3392,
        "lang": "en",
        "contributors_enabled": false,
        "is_translator": false,
        "is_translation_enabled": false,
        "profile_background_color": "000000",
        "profile_background_image_url": "http://abs.twimg.com/images/themes/theme9/bg.gif",
        "profile_background_image_url_https": "https://abs.twimg.com/images/themes/theme9/bg.gif",
        "profile_background_tile": false,
        "profile_image_url": "http://pbs.twimg.com/profile_images/634408886276001792/Op5nTsoZ_normal.jpg",
        "profile_image_url_https": "https://pbs.twimg.com/profile_images/634408886276001792/Op5nTsoZ_normal.jpg",
        "profile_banner_url": "https://pbs.twimg.com/profile_banners/61761707/1440100829",
        "profile_link_color": "ED882F",
        "profile_sidebar_border_color": "000000",
        "profile_sidebar_fill_color": "000000",
        "profile_text_color": "000000",
        "profile_use_background_image": false,
        "has_extended_profile": true,
        "default_profile": false,
        "default_profile_image": false,
        "following": null,
        "follow_request_sent": null,
        "notifications": null,
        "translator_type": "none"
    },
    "geo": null,
    "coordinates": null,
    "place": null,
    "contributors": null,
    "is_quote_status": false,
    "retweet_count": 0,
    "favorite_count": 0,
    "favorited": false,
    "retweeted": false,
    "lang": "en"
}