{
    "created_at": "Wed Mar 13 23:54:57 +0000 2019",
    "id": 1105980597657198592,
    "id_str": "1105980597657198592",
    "text": "you know what else im gonna miss about this job? the goddess that works in urban decay. weve never talked but imma miss her",
    "truncated": false,
    "entities": {
        "hashtags": [],
        "symbols": [],
        "user_mentions": [],
        "urls": []
    },
    "metadata": {
        "iso_language_code": "en",
        "result_type": "recent"
    },
    "source": "<a href=\"http://twitter.com/download/iphone\" rel=\"nofollow\">Twitter for iPhone</a>",
    "in_reply_to_status_id": null,
    "in_reply_to_status_id_str": null,
    "in_reply_to_user_id": null,
    "in_reply_to_user_id_str": null,
    "in_reply_to_screen_name": null,
    "user": {
        "id": 808944073197293568,
        "id_str": "808944073197293568",
        "name": "boredhag",
        "screen_name": "boredhog",
        "location": "",
        "description": "some of yall bout to be real mad at me, but it must be said",
        "url": null,
        "entities": {
            "description": {
                "urls": []
            }
        },
        "protected": false,
        "followers_count": 8,
        "friends_count": 16,
        "listed_count": 0,
        "created_at": "Wed Dec 14 07:57:51 +0000 2016",
        "favourites_count": 11285,
        "utc_offset": null,
        "time_zone": null,
        "geo_enabled": true,
        "verified": false,
        "statuses_count": 4307,
        "lang": "en",
        "contributors_enabled": false,
        "is_translator": false,
        "is_translation_enabled": false,
        "profile_background_color": "000000",
        "profile_background_image_url": "http://abs.twimg.com/images/themes/theme1/bg.png",
        "profile_background_image_url_https": "https://abs.twimg.com/images/themes/theme1/bg.png",
        "profile_background_tile": false,
        "profile_image_url": "http://pbs.twimg.com/profile_images/1104532892070248448/ISRnI0xP_normal.jpg",
        "profile_image_url_https": "https://pbs.twimg.com/profile_images/1104532892070248448/ISRnI0xP_normal.jpg",
        "profile_banner_url": "https://pbs.twimg.com/profile_banners/808944073197293568/1552456182",
        "profile_link_color": "F58EA8",
        "profile_sidebar_border_color": "000000",
        "profile_sidebar_fill_color": "000000",
        "profile_text_color": "000000",
        "profile_use_background_image": false,
        "has_extended_profile": true,
        "default_profile": false,
        "default_profile_image": false,
        "following": null,
        "follow_request_sent": null,
        "notifications": null,
        "translator_type": "none"
    },
    "geo": null,
    "coordinates": null,
    "place": null,
    "contributors": null,
    "is_quote_status": false,
    "retweet_count": 0,
    "favorite_count": 0,
    "favorited": false,
    "retweeted": false,
    "lang": "en"
}