{
    "created_at": "Wed Mar 13 20:18:01 +0000 2019",
    "id": 1105926005305327622,
    "id_str": "1105926005305327622",
    "text": "URBAN DECAY Vice Lipstick LIAR (Cream) NIB Be Inspired! $12.99 https://t.co/nSfq4loQxA",
    "truncated": false,
    "entities": {
        "hashtags": [],
        "symbols": [],
        "user_mentions": [],
        "urls": [
            {
                "url": "https://t.co/nSfq4loQxA",
                "expanded_url": "https://ebay.to/2VOrolV",
                "display_url": "ebay.to/2VOrolV",
                "indices": [
                    63,
                    86
                ]
            }
        ]
    },
    "metadata": {
        "iso_language_code": "en",
        "result_type": "recent"
    },
    "source": "<a href=\"https://www.tweet-eye.com/\" rel=\"nofollow\">Tweet Eye Scheduler</a>",
    "in_reply_to_status_id": null,
    "in_reply_to_status_id_str": null,
    "in_reply_to_user_id": null,
    "in_reply_to_user_id_str": null,
    "in_reply_to_screen_name": null,
    "user": {
        "id": 794300842077659136,
        "id_str": "794300842077659136",
        "name": "Zipse Haus Boutique",
        "screen_name": "ZipseHaus",
        "location": "Colorado, USA",
        "description": "Deals on fashion, beauty, home, & more! (Posts may have affiliate links).",
        "url": "https://t.co/u9C4zYcMYr",
        "entities": {
            "url": {
                "urls": [
                    {
                        "url": "https://t.co/u9C4zYcMYr",
                        "expanded_url": "http://bit.ly/2TEz3WE",
                        "display_url": "bit.ly/2TEz3WE",
                        "indices": [
                            0,
                            23
                        ]
                    }
                ]
            },
            "description": {
                "urls": []
            }
        },
        "protected": false,
        "followers_count": 3769,
        "friends_count": 4111,
        "listed_count": 20,
        "created_at": "Thu Nov 03 22:10:52 +0000 2016",
        "favourites_count": 2407,
        "utc_offset": null,
        "time_zone": null,
        "geo_enabled": false,
        "verified": false,
        "statuses_count": 42307,
        "lang": "en",
        "contributors_enabled": false,
        "is_translator": false,
        "is_translation_enabled": false,
        "profile_background_color": "000000",
        "profile_background_image_url": "http://abs.twimg.com/images/themes/theme1/bg.png",
        "profile_background_image_url_https": "https://abs.twimg.com/images/themes/theme1/bg.png",
        "profile_background_tile": false,
        "profile_image_url": "http://pbs.twimg.com/profile_images/1082077644424806400/xRYf8pXq_normal.jpg",
        "profile_image_url_https": "https://pbs.twimg.com/profile_images/1082077644424806400/xRYf8pXq_normal.jpg",
        "profile_banner_url": "https://pbs.twimg.com/profile_banners/794300842077659136/1491949149",
        "profile_link_color": "1B95E0",
        "profile_sidebar_border_color": "000000",
        "profile_sidebar_fill_color": "000000",
        "profile_text_color": "000000",
        "profile_use_background_image": false,
        "has_extended_profile": false,
        "default_profile": false,
        "default_profile_image": false,
        "following": null,
        "follow_request_sent": null,
        "notifications": null,
        "translator_type": "none"
    },
    "geo": null,
    "coordinates": null,
    "place": null,
    "contributors": null,
    "is_quote_status": false,
    "retweet_count": 0,
    "favorite_count": 0,
    "favorited": false,
    "retweeted": false,
    "possibly_sensitive": false,
    "lang": "en"
}