{
    "created_at": "Wed Mar 13 18:06:08 +0000 2019",
    "id": 1105892817472311296,
    "id_str": "1105892817472311296",
    "text": "@hereruha Urban decay is definitely not bad but actually too faced makes the best eyeshadows in my opinion",
    "truncated": false,
    "entities": {
        "hashtags": [],
        "symbols": [],
        "user_mentions": [
            {
                "screen_name": "hereruha",
                "name": "@blueminshee \u2661",
                "id": 2744805180,
                "id_str": "2744805180",
                "indices": [
                    0,
                    9
                ]
            }
        ],
        "urls": []
    },
    "metadata": {
        "iso_language_code": "en",
        "result_type": "recent"
    },
    "source": "<a href=\"http://twitter.com/download/iphone\" rel=\"nofollow\">Twitter for iPhone</a>",
    "in_reply_to_status_id": 1105780502366244866,
    "in_reply_to_status_id_str": "1105780502366244866",
    "in_reply_to_user_id": 2744805180,
    "in_reply_to_user_id_str": "2744805180",
    "in_reply_to_screen_name": "hereruha",
    "user": {
        "id": 1023668698366791680,
        "id_str": "1023668698366791680",
        "name": "@ phase #04 \ud83c\udf1d",
        "screen_name": "calmhyena",
        "location": "",
        "description": "1% v\u7cfb 99% hot gas \u2728 \u1d1b\u029c\u1d07 \u0262\u1d00\u1d22\u1d07\u1d1b\u1d1b\u1d07 \ud83e\udd40 \ud835\udd07\u2019\ud835\udd22\ud835\udd30\ud835\udd2d\ud835\udd1e\ud835\udd26\ud835\udd2f\ud835\udd30\u211c\ud835\udd1e\ud835\udd36 \ud83d\udcab",
        "url": "https://t.co/kmDx0YLN9T",
        "entities": {
            "url": {
                "urls": [
                    {
                        "url": "https://t.co/kmDx0YLN9T",
                        "expanded_url": "http://Instagram.com/calm_hyena",
                        "display_url": "Instagram.com/calm_hyena",
                        "indices": [
                            0,
                            23
                        ]
                    }
                ]
            },
            "description": {
                "urls": []
            }
        },
        "protected": false,
        "followers_count": 182,
        "friends_count": 235,
        "listed_count": 0,
        "created_at": "Sun Jul 29 20:36:51 +0000 2018",
        "favourites_count": 5640,
        "utc_offset": null,
        "time_zone": null,
        "geo_enabled": false,
        "verified": false,
        "statuses_count": 3572,
        "lang": "en",
        "contributors_enabled": false,
        "is_translator": false,
        "is_translation_enabled": false,
        "profile_background_color": "F5F8FA",
        "profile_background_image_url": null,
        "profile_background_image_url_https": null,
        "profile_background_tile": false,
        "profile_image_url": "http://pbs.twimg.com/profile_images/1057914163958296576/0hlgP5TK_normal.jpg",
        "profile_image_url_https": "https://pbs.twimg.com/profile_images/1057914163958296576/0hlgP5TK_normal.jpg",
        "profile_banner_url": "https://pbs.twimg.com/profile_banners/1023668698366791680/1541061468",
        "profile_link_color": "1DA1F2",
        "profile_sidebar_border_color": "C0DEED",
        "profile_sidebar_fill_color": "DDEEF6",
        "profile_text_color": "333333",
        "profile_use_background_image": true,
        "has_extended_profile": false,
        "default_profile": true,
        "default_profile_image": false,
        "following": null,
        "follow_request_sent": null,
        "notifications": null,
        "translator_type": "none"
    },
    "geo": null,
    "coordinates": null,
    "place": null,
    "contributors": null,
    "is_quote_status": false,
    "retweet_count": 0,
    "favorite_count": 1,
    "favorited": false,
    "retweeted": false,
    "lang": "en"
}