{
    "created_at": "Wed Mar 13 18:42:04 +0000 2019",
    "id": 1105901860190330880,
    "id_str": "1105901860190330880",
    "text": "@Midday180 Kentucky's income is championships. \n\nMemphis income is trash, urban decay and homicide",
    "truncated": false,
    "entities": {
        "hashtags": [],
        "symbols": [],
        "user_mentions": [
            {
                "screen_name": "Midday180",
                "name": "The Midday 180",
                "id": 394828982,
                "id_str": "394828982",
                "indices": [
                    0,
                    10
                ]
            }
        ],
        "urls": []
    },
    "metadata": {
        "iso_language_code": "en",
        "result_type": "recent"
    },
    "source": "<a href=\"http://twitter.com/download/android\" rel=\"nofollow\">Twitter for Android</a>",
    "in_reply_to_status_id": null,
    "in_reply_to_status_id_str": null,
    "in_reply_to_user_id": 394828982,
    "in_reply_to_user_id_str": "394828982",
    "in_reply_to_screen_name": "Midday180",
    "user": {
        "id": 43146886,
        "id_str": "43146886",
        "name": "Mister Lebowski",
        "screen_name": "MisterLebowski",
        "location": "Nashville TN",
        "description": "Co-host of @FWordsPod and bacon enthusiast. Tweets are my opinions and/or lies repeated off truck-stop bathroom walls. Retweets are marriage proposals.",
        "url": "https://t.co/pGkY4M2HH8",
        "entities": {
            "url": {
                "urls": [
                    {
                        "url": "https://t.co/pGkY4M2HH8",
                        "expanded_url": "http://salmonofcapistrano.com/",
                        "display_url": "salmonofcapistrano.com",
                        "indices": [
                            0,
                            23
                        ]
                    }
                ]
            },
            "description": {
                "urls": []
            }
        },
        "protected": false,
        "followers_count": 392,
        "friends_count": 578,
        "listed_count": 3,
        "created_at": "Thu May 28 16:51:26 +0000 2009",
        "favourites_count": 6707,
        "utc_offset": null,
        "time_zone": null,
        "geo_enabled": true,
        "verified": false,
        "statuses_count": 5818,
        "lang": "en",
        "contributors_enabled": false,
        "is_translator": false,
        "is_translation_enabled": false,
        "profile_background_color": "131516",
        "profile_background_image_url": "http://abs.twimg.com/images/themes/theme14/bg.gif",
        "profile_background_image_url_https": "https://abs.twimg.com/images/themes/theme14/bg.gif",
        "profile_background_tile": true,
        "profile_image_url": "http://pbs.twimg.com/profile_images/991792761849499652/KUweaHvM_normal.jpg",
        "profile_image_url_https": "https://pbs.twimg.com/profile_images/991792761849499652/KUweaHvM_normal.jpg",
        "profile_banner_url": "https://pbs.twimg.com/profile_banners/43146886/1484532806",
        "profile_link_color": "1B95E0",
        "profile_sidebar_border_color": "FFFFFF",
        "profile_sidebar_fill_color": "EFEFEF",
        "profile_text_color": "333333",
        "profile_use_background_image": true,
        "has_extended_profile": false,
        "default_profile": false,
        "default_profile_image": false,
        "following": null,
        "follow_request_sent": null,
        "notifications": null,
        "translator_type": "none"
    },
    "geo": null,
    "coordinates": null,
    "place": null,
    "contributors": null,
    "is_quote_status": false,
    "retweet_count": 0,
    "favorite_count": 2,
    "favorited": false,
    "retweeted": false,
    "lang": "en"
}