{
    "created_at": "Wed Mar 13 20:02:33 +0000 2019",
    "id": 1105922113154760704,
    "id_str": "1105922113154760704",
    "text": "RT @yahoolifestyle: Urban Decay is launching a Game of Thrones makeup collection in honor of the final season https://t.co/uI0DQ60LDO https\u2026",
    "truncated": false,
    "entities": {
        "hashtags": [],
        "symbols": [],
        "user_mentions": [
            {
                "screen_name": "yahoolifestyle",
                "name": "Yahoo Lifestyle",
                "id": 21320186,
                "id_str": "21320186",
                "indices": [
                    3,
                    18
                ]
            }
        ],
        "urls": [
            {
                "url": "https://t.co/uI0DQ60LDO",
                "expanded_url": "https://yhoo.it/2SY7DLX",
                "display_url": "yhoo.it/2SY7DLX",
                "indices": [
                    110,
                    133
                ]
            }
        ]
    },
    "metadata": {
        "iso_language_code": "en",
        "result_type": "recent"
    },
    "source": "<a href=\"http://twitter.com/download/iphone\" rel=\"nofollow\">Twitter for iPhone</a>",
    "in_reply_to_status_id": null,
    "in_reply_to_status_id_str": null,
    "in_reply_to_user_id": null,
    "in_reply_to_user_id_str": null,
    "in_reply_to_screen_name": null,
    "user": {
        "id": 564954697,
        "id_str": "564954697",
        "name": "Susan Koska",
        "screen_name": "Bkworm2288",
        "location": "",
        "description": "",
        "url": null,
        "entities": {
            "description": {
                "urls": []
            }
        },
        "protected": false,
        "followers_count": 296,
        "friends_count": 306,
        "listed_count": 1,
        "created_at": "Fri Apr 27 22:07:16 +0000 2012",
        "favourites_count": 18932,
        "utc_offset": null,
        "time_zone": null,
        "geo_enabled": true,
        "verified": false,
        "statuses_count": 3952,
        "lang": "en",
        "contributors_enabled": false,
        "is_translator": false,
        "is_translation_enabled": false,
        "profile_background_color": "642D8B",
        "profile_background_image_url": "http://abs.twimg.com/images/themes/theme10/bg.gif",
        "profile_background_image_url_https": "https://abs.twimg.com/images/themes/theme10/bg.gif",
        "profile_background_tile": true,
        "profile_image_url": "http://pbs.twimg.com/profile_images/378800000383461073/394194939d89d99c7afcedccf17b8ca2_normal.png",
        "profile_image_url_https": "https://pbs.twimg.com/profile_images/378800000383461073/394194939d89d99c7afcedccf17b8ca2_normal.png",
        "profile_link_color": "642D8B",
        "profile_sidebar_border_color": "D3D2CF",
        "profile_sidebar_fill_color": "E3E2DE",
        "profile_text_color": "634047",
        "profile_use_background_image": true,
        "has_extended_profile": false,
        "default_profile": false,
        "default_profile_image": false,
        "following": null,
        "follow_request_sent": null,
        "notifications": null,
        "translator_type": "none"
    },
    "geo": null,
    "coordinates": null,
    "place": null,
    "contributors": null,
    "retweeted_status": {
        "created_at": "Fri Feb 22 20:45:05 +0000 2019",
        "id": 1099047445856743424,
        "id_str": "1099047445856743424",
        "text": "Urban Decay is launching a Game of Thrones makeup collection in honor of the final season https://t.co/uI0DQ60LDO https://t.co/AwfGkfRgWu",
        "truncated": false,
        "entities": {
            "hashtags": [],
            "symbols": [],
            "user_mentions": [],
            "urls": [
                {
                    "url": "https://t.co/uI0DQ60LDO",
                    "expanded_url": "https://yhoo.it/2SY7DLX",
                    "display_url": "yhoo.it/2SY7DLX",
                    "indices": [
                        90,
                        113
                    ]
                }
            ],
            "media": [
                {
                    "id": 1099047444254543872,
                    "id_str": "1099047444254543872",
                    "indices": [
                        114,
                        137
                    ],
                    "media_url": "http://pbs.twimg.com/media/D0CZ09oX0AADgvo.jpg",
                    "media_url_https": "https://pbs.twimg.com/media/D0CZ09oX0AADgvo.jpg",
                    "url": "https://t.co/AwfGkfRgWu",
                    "display_url": "pic.twitter.com/AwfGkfRgWu",
                    "expanded_url": "https://twitter.com/yahoolifestyle/status/1099047445856743424/photo/1",
                    "type": "photo",
                    "sizes": {
                        "thumb": {
                            "w": 150,
                            "h": 150,
                            "resize": "crop"
                        },
                        "medium": {
                            "w": 720,
                            "h": 720,
                            "resize": "fit"
                        },
                        "small": {
                            "w": 680,
                            "h": 680,
                            "resize": "fit"
                        },
                        "large": {
                            "w": 720,
                            "h": 720,
                            "resize": "fit"
                        }
                    }
                }
            ]
        },
        "extended_entities": {
            "media": [
                {
                    "id": 1099047444254543872,
                    "id_str": "1099047444254543872",
                    "indices": [
                        114,
                        137
                    ],
                    "media_url": "http://pbs.twimg.com/media/D0CZ09oX0AADgvo.jpg",
                    "media_url_https": "https://pbs.twimg.com/media/D0CZ09oX0AADgvo.jpg",
                    "url": "https://t.co/AwfGkfRgWu",
                    "display_url": "pic.twitter.com/AwfGkfRgWu",
                    "expanded_url": "https://twitter.com/yahoolifestyle/status/1099047445856743424/photo/1",
                    "type": "photo",
                    "sizes": {
                        "thumb": {
                            "w": 150,
                            "h": 150,
                            "resize": "crop"
                        },
                        "medium": {
                            "w": 720,
                            "h": 720,
                            "resize": "fit"
                        },
                        "small": {
                            "w": 680,
                            "h": 680,
                            "resize": "fit"
                        },
                        "large": {
                            "w": 720,
                            "h": 720,
                            "resize": "fit"
                        }
                    }
                }
            ]
        },
        "metadata": {
            "iso_language_code": "en",
            "result_type": "recent"
        },
        "source": "<a href=\"http://www.socialflow.com\" rel=\"nofollow\">SocialFlow</a>",
        "in_reply_to_status_id": null,
        "in_reply_to_status_id_str": null,
        "in_reply_to_user_id": null,
        "in_reply_to_user_id_str": null,
        "in_reply_to_screen_name": null,
        "user": {
            "id": 21320186,
            "id_str": "21320186",
            "name": "Yahoo Lifestyle",
            "screen_name": "yahoolifestyle",
            "location": "New York City",
            "description": "Yahoo Lifestyle is home to the most inspiring and inclusive style, beauty, and wellness stories in your feed.",
            "url": "https://t.co/YitV4ABdpH",
            "entities": {
                "url": {
                    "urls": [
                        {
                            "url": "https://t.co/YitV4ABdpH",
                            "expanded_url": "https://www.yahoo.com/lifestyle",
                            "display_url": "yahoo.com/lifestyle",
                            "indices": [
                                0,
                                23
                            ]
                        }
                    ]
                },
                "description": {
                    "urls": []
                }
            },
            "protected": false,
            "followers_count": 45197,
            "friends_count": 16986,
            "listed_count": 660,
            "created_at": "Thu Feb 19 17:43:28 +0000 2009",
            "favourites_count": 1758,
            "utc_offset": null,
            "time_zone": null,
            "geo_enabled": false,
            "verified": true,
            "statuses_count": 31381,
            "lang": "en",
            "contributors_enabled": false,
            "is_translator": false,
            "is_translation_enabled": false,
            "profile_background_color": "131516",
            "profile_background_image_url": "http://abs.twimg.com/images/themes/theme14/bg.gif",
            "profile_background_image_url_https": "https://abs.twimg.com/images/themes/theme14/bg.gif",
            "profile_background_tile": true,
            "profile_image_url": "http://pbs.twimg.com/profile_images/908436073574916096/O1HhJRTv_normal.jpg",
            "profile_image_url_https": "https://pbs.twimg.com/profile_images/908436073574916096/O1HhJRTv_normal.jpg",
            "profile_banner_url": "https://pbs.twimg.com/profile_banners/21320186/1546348790",
            "profile_link_color": "009999",
            "profile_sidebar_border_color": "EEEEEE",
            "profile_sidebar_fill_color": "EFEFEF",
            "profile_text_color": "333333",
            "profile_use_background_image": true,
            "has_extended_profile": false,
            "default_profile": false,
            "default_profile_image": false,
            "following": null,
            "follow_request_sent": null,
            "notifications": null,
            "translator_type": "none"
        },
        "geo": null,
        "coordinates": null,
        "place": null,
        "contributors": null,
        "is_quote_status": false,
        "retweet_count": 4,
        "favorite_count": 15,
        "favorited": false,
        "retweeted": false,
        "possibly_sensitive": false,
        "lang": "en"
    },
    "is_quote_status": false,
    "retweet_count": 4,
    "favorite_count": 0,
    "favorited": false,
    "retweeted": false,
    "possibly_sensitive": false,
    "lang": "en"
}