{
    "created_at": "Wed Mar 13 16:52:11 +0000 2019",
    "id": 1105874204887576576,
    "id_str": "1105874204887576576",
    "text": "People are so fucking rude, get you think you\u2019re the bees knees cause you work for urban decay but rather than stan\u2026 https://t.co/hdQ8uXDh7f",
    "truncated": true,
    "entities": {
        "hashtags": [],
        "symbols": [],
        "user_mentions": [],
        "urls": [
            {
                "url": "https://t.co/hdQ8uXDh7f",
                "expanded_url": "https://twitter.com/i/web/status/1105874204887576576",
                "display_url": "twitter.com/i/web/status/1\u2026",
                "indices": [
                    117,
                    140
                ]
            }
        ]
    },
    "metadata": {
        "iso_language_code": "en",
        "result_type": "recent"
    },
    "source": "<a href=\"http://twitter.com/download/iphone\" rel=\"nofollow\">Twitter for iPhone</a>",
    "in_reply_to_status_id": null,
    "in_reply_to_status_id_str": null,
    "in_reply_to_user_id": null,
    "in_reply_to_user_id_str": null,
    "in_reply_to_screen_name": null,
    "user": {
        "id": 2939355767,
        "id_str": "2939355767",
        "name": "Stevie Leask",
        "screen_name": "LeaskStevie",
        "location": "",
        "description": "",
        "url": null,
        "entities": {
            "description": {
                "urls": []
            }
        },
        "protected": false,
        "followers_count": 141,
        "friends_count": 368,
        "listed_count": 0,
        "created_at": "Wed Dec 24 10:14:31 +0000 2014",
        "favourites_count": 1398,
        "utc_offset": null,
        "time_zone": null,
        "geo_enabled": false,
        "verified": false,
        "statuses_count": 205,
        "lang": "es",
        "contributors_enabled": false,
        "is_translator": false,
        "is_translation_enabled": false,
        "profile_background_color": "C0DEED",
        "profile_background_image_url": "http://abs.twimg.com/images/themes/theme1/bg.png",
        "profile_background_image_url_https": "https://abs.twimg.com/images/themes/theme1/bg.png",
        "profile_background_tile": false,
        "profile_image_url": "http://pbs.twimg.com/profile_images/1034363740316164096/sQ70TUWV_normal.jpg",
        "profile_image_url_https": "https://pbs.twimg.com/profile_images/1034363740316164096/sQ70TUWV_normal.jpg",
        "profile_banner_url": "https://pbs.twimg.com/profile_banners/2939355767/1535446580",
        "profile_link_color": "1DA1F2",
        "profile_sidebar_border_color": "C0DEED",
        "profile_sidebar_fill_color": "DDEEF6",
        "profile_text_color": "333333",
        "profile_use_background_image": true,
        "has_extended_profile": false,
        "default_profile": true,
        "default_profile_image": false,
        "following": null,
        "follow_request_sent": null,
        "notifications": null,
        "translator_type": "none"
    },
    "geo": null,
    "coordinates": null,
    "place": null,
    "contributors": null,
    "is_quote_status": false,
    "retweet_count": 0,
    "favorite_count": 0,
    "favorited": false,
    "retweeted": false,
    "lang": "en"
}