{
    "created_at": "Wed Mar 13 23:48:00 +0000 2019",
    "id": 1105978851178496001,
    "id_str": "1105978851178496001",
    "text": "I used the @UrbanDecay born to run pallet and let me tell you these colors are PIGMENTED urban decay don\u2019t mess aro\u2026 https://t.co/LPgyenEaTS",
    "truncated": true,
    "entities": {
        "hashtags": [],
        "symbols": [],
        "user_mentions": [
            {
                "screen_name": "UrbanDecay",
                "name": "Urban Decay",
                "id": 18912121,
                "id_str": "18912121",
                "indices": [
                    11,
                    22
                ]
            }
        ],
        "urls": [
            {
                "url": "https://t.co/LPgyenEaTS",
                "expanded_url": "https://twitter.com/i/web/status/1105978851178496001",
                "display_url": "twitter.com/i/web/status/1\u2026",
                "indices": [
                    117,
                    140
                ]
            }
        ]
    },
    "metadata": {
        "iso_language_code": "en",
        "result_type": "recent"
    },
    "source": "<a href=\"http://twitter.com/download/iphone\" rel=\"nofollow\">Twitter for iPhone</a>",
    "in_reply_to_status_id": null,
    "in_reply_to_status_id_str": null,
    "in_reply_to_user_id": null,
    "in_reply_to_user_id_str": null,
    "in_reply_to_screen_name": null,
    "user": {
        "id": 939883140117647365,
        "id_str": "939883140117647365",
        "name": "bm (madi)\u2728",
        "screen_name": "blackkkk_magic",
        "location": "Oklahoma, USA",
        "description": "its ok , you can stalk my profile",
        "url": null,
        "entities": {
            "description": {
                "urls": []
            }
        },
        "protected": false,
        "followers_count": 65,
        "friends_count": 240,
        "listed_count": 0,
        "created_at": "Sun Dec 10 15:42:57 +0000 2017",
        "favourites_count": 213,
        "utc_offset": null,
        "time_zone": null,
        "geo_enabled": false,
        "verified": false,
        "statuses_count": 113,
        "lang": "en",
        "contributors_enabled": false,
        "is_translator": false,
        "is_translation_enabled": false,
        "profile_background_color": "F5F8FA",
        "profile_background_image_url": null,
        "profile_background_image_url_https": null,
        "profile_background_tile": false,
        "profile_image_url": "http://pbs.twimg.com/profile_images/1103435432174514176/Pro8sHfH_normal.jpg",
        "profile_image_url_https": "https://pbs.twimg.com/profile_images/1103435432174514176/Pro8sHfH_normal.jpg",
        "profile_banner_url": "https://pbs.twimg.com/profile_banners/939883140117647365/1551763977",
        "profile_link_color": "1DA1F2",
        "profile_sidebar_border_color": "C0DEED",
        "profile_sidebar_fill_color": "DDEEF6",
        "profile_text_color": "333333",
        "profile_use_background_image": true,
        "has_extended_profile": true,
        "default_profile": true,
        "default_profile_image": false,
        "following": null,
        "follow_request_sent": null,
        "notifications": null,
        "translator_type": "none"
    },
    "geo": null,
    "coordinates": null,
    "place": null,
    "contributors": null,
    "is_quote_status": false,
    "retweet_count": 0,
    "favorite_count": 4,
    "favorited": false,
    "retweeted": false,
    "possibly_sensitive": true,
    "lang": "en"
}