{
    "created_at": "Wed Mar 13 16:22:18 +0000 2019",
    "id": 1105866684282359808,
    "id_str": "1105866684282359808",
    "text": "::REVIEW:: Urban Decay Perversion\u00a0Mascara! https://t.co/ZfFjrmD2QS https://t.co/E4tMzqmTwL",
    "truncated": false,
    "entities": {
        "hashtags": [],
        "symbols": [],
        "user_mentions": [],
        "urls": [
            {
                "url": "https://t.co/ZfFjrmD2QS",
                "expanded_url": "http://hunnyy.com/2019/03/13/review-urban-decay-perversion-mascara/",
                "display_url": "hunnyy.com/2019/03/13/rev\u2026",
                "indices": [
                    43,
                    66
                ]
            }
        ],
        "media": [
            {
                "id": 1105866682432659459,
                "id_str": "1105866682432659459",
                "indices": [
                    67,
                    90
                ],
                "media_url": "http://pbs.twimg.com/media/D1jT43dWoAMcAYu.jpg",
                "media_url_https": "https://pbs.twimg.com/media/D1jT43dWoAMcAYu.jpg",
                "url": "https://t.co/E4tMzqmTwL",
                "display_url": "pic.twitter.com/E4tMzqmTwL",
                "expanded_url": "https://twitter.com/hihunnyy/status/1105866684282359808/photo/1",
                "type": "photo",
                "sizes": {
                    "thumb": {
                        "w": 150,
                        "h": 150,
                        "resize": "crop"
                    },
                    "large": {
                        "w": 1024,
                        "h": 576,
                        "resize": "fit"
                    },
                    "small": {
                        "w": 680,
                        "h": 383,
                        "resize": "fit"
                    },
                    "medium": {
                        "w": 1024,
                        "h": 576,
                        "resize": "fit"
                    }
                }
            }
        ]
    },
    "extended_entities": {
        "media": [
            {
                "id": 1105866682432659459,
                "id_str": "1105866682432659459",
                "indices": [
                    67,
                    90
                ],
                "media_url": "http://pbs.twimg.com/media/D1jT43dWoAMcAYu.jpg",
                "media_url_https": "https://pbs.twimg.com/media/D1jT43dWoAMcAYu.jpg",
                "url": "https://t.co/E4tMzqmTwL",
                "display_url": "pic.twitter.com/E4tMzqmTwL",
                "expanded_url": "https://twitter.com/hihunnyy/status/1105866684282359808/photo/1",
                "type": "photo",
                "sizes": {
                    "thumb": {
                        "w": 150,
                        "h": 150,
                        "resize": "crop"
                    },
                    "large": {
                        "w": 1024,
                        "h": 576,
                        "resize": "fit"
                    },
                    "small": {
                        "w": 680,
                        "h": 383,
                        "resize": "fit"
                    },
                    "medium": {
                        "w": 1024,
                        "h": 576,
                        "resize": "fit"
                    }
                }
            }
        ]
    },
    "metadata": {
        "iso_language_code": "es",
        "result_type": "recent"
    },
    "source": "<a href=\"http://publicize.wp.com/\" rel=\"nofollow\">WordPress.com</a>",
    "in_reply_to_status_id": null,
    "in_reply_to_status_id_str": null,
    "in_reply_to_user_id": null,
    "in_reply_to_user_id_str": null,
    "in_reply_to_screen_name": null,
    "user": {
        "id": 2972545913,
        "id_str": "2972545913",
        "name": "hunnyy\ud83d\udc33",
        "screen_name": "hihunnyy",
        "location": "instagram.com/hey_hunnyy",
        "description": "Certified Makeup Artist | \ud53c\ubd80\ub3c4 \uc2a4\uc717\ud558\uac8c \ud83d\udc9b\ud83d\udc9b \uba54\uc774\ud06c\uc5c5 \uc544\ud2f0\uc2a4\ud2b8\ud83d\udc9b\ud83d\udc9b",
        "url": "https://t.co/ERb5lLLEca",
        "entities": {
            "url": {
                "urls": [
                    {
                        "url": "https://t.co/ERb5lLLEca",
                        "expanded_url": "https://hunnyy.com/",
                        "display_url": "hunnyy.com",
                        "indices": [
                            0,
                            23
                        ]
                    }
                ]
            },
            "description": {
                "urls": []
            }
        },
        "protected": false,
        "followers_count": 5033,
        "friends_count": 4816,
        "listed_count": 12,
        "created_at": "Sun Jan 11 04:33:54 +0000 2015",
        "favourites_count": 5902,
        "utc_offset": null,
        "time_zone": null,
        "geo_enabled": false,
        "verified": false,
        "statuses_count": 4906,
        "lang": "en",
        "contributors_enabled": false,
        "is_translator": false,
        "is_translation_enabled": false,
        "profile_background_color": "000000",
        "profile_background_image_url": "http://abs.twimg.com/images/themes/theme1/bg.png",
        "profile_background_image_url_https": "https://abs.twimg.com/images/themes/theme1/bg.png",
        "profile_background_tile": false,
        "profile_image_url": "http://pbs.twimg.com/profile_images/876449296115089409/vIgvZDbU_normal.jpg",
        "profile_image_url_https": "https://pbs.twimg.com/profile_images/876449296115089409/vIgvZDbU_normal.jpg",
        "profile_banner_url": "https://pbs.twimg.com/profile_banners/2972545913/1497796810",
        "profile_link_color": "FF8500",
        "profile_sidebar_border_color": "000000",
        "profile_sidebar_fill_color": "000000",
        "profile_text_color": "000000",
        "profile_use_background_image": false,
        "has_extended_profile": false,
        "default_profile": false,
        "default_profile_image": false,
        "following": null,
        "follow_request_sent": null,
        "notifications": null,
        "translator_type": "none"
    },
    "geo": null,
    "coordinates": null,
    "place": null,
    "contributors": null,
    "is_quote_status": false,
    "retweet_count": 0,
    "favorite_count": 0,
    "favorited": false,
    "retweeted": false,
    "possibly_sensitive": false,
    "lang": "es"
}