{
    "created_at": "Wed Mar 13 23:55:48 +0000 2019",
    "id": 1105980811055153152,
    "id_str": "1105980811055153152",
    "text": "@tsunderestorm there\u2019s also LA girl in clash (silvery blue like bewd!) and urban decay heroine which is just like d\u2026 https://t.co/KsZAkJGHGc",
    "truncated": true,
    "entities": {
        "hashtags": [],
        "symbols": [],
        "user_mentions": [
            {
                "screen_name": "tsunderestorm",
                "name": "jess! (naka kon \ud83d\udd1c)",
                "id": 25217764,
                "id_str": "25217764",
                "indices": [
                    0,
                    14
                ]
            }
        ],
        "urls": [
            {
                "url": "https://t.co/KsZAkJGHGc",
                "expanded_url": "https://twitter.com/i/web/status/1105980811055153152",
                "display_url": "twitter.com/i/web/status/1\u2026",
                "indices": [
                    117,
                    140
                ]
            }
        ]
    },
    "metadata": {
        "iso_language_code": "en",
        "result_type": "recent"
    },
    "source": "<a href=\"http://twitter.com/download/iphone\" rel=\"nofollow\">Twitter for iPhone</a>",
    "in_reply_to_status_id": 1105979151973011457,
    "in_reply_to_status_id_str": "1105979151973011457",
    "in_reply_to_user_id": 25217764,
    "in_reply_to_user_id_str": "25217764",
    "in_reply_to_screen_name": "tsunderestorm",
    "user": {
        "id": 1064709092365795328,
        "id_str": "1064709092365795328",
        "name": "\ud83c\udf38 kaibae \ud83c\udf38",
        "screen_name": "setokaibaes",
        "location": "",
        "description": "\u2728 setokaibaes on tumblr and marshmallons on ao3 \u2728",
        "url": "https://t.co/2wVDJpWdX4",
        "entities": {
            "url": {
                "urls": [
                    {
                        "url": "https://t.co/2wVDJpWdX4",
                        "expanded_url": "https://archiveofourown.org/users/marshmallons/pseuds/marshmallons",
                        "display_url": "archiveofourown.org/users/marshmal\u2026",
                        "indices": [
                            0,
                            23
                        ]
                    }
                ]
            },
            "description": {
                "urls": []
            }
        },
        "protected": false,
        "followers_count": 70,
        "friends_count": 57,
        "listed_count": 5,
        "created_at": "Tue Nov 20 02:36:43 +0000 2018",
        "favourites_count": 940,
        "utc_offset": null,
        "time_zone": null,
        "geo_enabled": false,
        "verified": false,
        "statuses_count": 628,
        "lang": "en",
        "contributors_enabled": false,
        "is_translator": false,
        "is_translation_enabled": false,
        "profile_background_color": "000000",
        "profile_background_image_url": "http://abs.twimg.com/images/themes/theme1/bg.png",
        "profile_background_image_url_https": "https://abs.twimg.com/images/themes/theme1/bg.png",
        "profile_background_tile": false,
        "profile_image_url": "http://pbs.twimg.com/profile_images/1087348554325262339/RbwtkMdU_normal.jpg",
        "profile_image_url_https": "https://pbs.twimg.com/profile_images/1087348554325262339/RbwtkMdU_normal.jpg",
        "profile_banner_url": "https://pbs.twimg.com/profile_banners/1064709092365795328/1552441171",
        "profile_link_color": "91D2FA",
        "profile_sidebar_border_color": "000000",
        "profile_sidebar_fill_color": "000000",
        "profile_text_color": "000000",
        "profile_use_background_image": false,
        "has_extended_profile": false,
        "default_profile": false,
        "default_profile_image": false,
        "following": null,
        "follow_request_sent": null,
        "notifications": null,
        "translator_type": "none"
    },
    "geo": null,
    "coordinates": null,
    "place": null,
    "contributors": null,
    "is_quote_status": false,
    "retweet_count": 0,
    "favorite_count": 0,
    "favorited": false,
    "retweeted": false,
    "lang": "en"
}