{
    "created_at": "Wed Mar 13 15:46:12 +0000 2019",
    "id": 1105857600862576640,
    "id_str": "1105857600862576640",
    "text": "Smokey orange red eye today! \ud83e\udde1\u2764 Used Urban Decay, Sugarpill, Lorac, and MAC eyeshadows. #makeup #beauty #cosmetics\u2026 https://t.co/OUDtowYbK5",
    "truncated": true,
    "entities": {
        "hashtags": [
            {
                "text": "makeup",
                "indices": [
                    88,
                    95
                ]
            },
            {
                "text": "beauty",
                "indices": [
                    96,
                    103
                ]
            },
            {
                "text": "cosmetics",
                "indices": [
                    104,
                    114
                ]
            }
        ],
        "symbols": [],
        "user_mentions": [],
        "urls": [
            {
                "url": "https://t.co/OUDtowYbK5",
                "expanded_url": "https://twitter.com/i/web/status/1105857600862576640",
                "display_url": "twitter.com/i/web/status/1\u2026",
                "indices": [
                    116,
                    139
                ]
            }
        ]
    },
    "metadata": {
        "iso_language_code": "en",
        "result_type": "recent"
    },
    "source": "<a href=\"http://instagram.com\" rel=\"nofollow\">Instagram</a>",
    "in_reply_to_status_id": null,
    "in_reply_to_status_id_str": null,
    "in_reply_to_user_id": null,
    "in_reply_to_user_id_str": null,
    "in_reply_to_screen_name": null,
    "user": {
        "id": 810953788290957312,
        "id_str": "810953788290957312",
        "name": "Rebecca Joy MUA",
        "screen_name": "RebeccaJoyMUA",
        "location": "",
        "description": "\ud83d\udc84\ud83d\udc8eIntuitive Beauty Therapist \ud83d\udc8e\ud83d\udc84Helping Intuitive Artists & Creators who want their visions to come to life with Confidence! FREE Zodiac Download at website",
        "url": "https://t.co/Z4yBnCPbEh",
        "entities": {
            "url": {
                "urls": [
                    {
                        "url": "https://t.co/Z4yBnCPbEh",
                        "expanded_url": "https://www.insideouthealingbeauty.com/",
                        "display_url": "insideouthealingbeauty.com",
                        "indices": [
                            0,
                            23
                        ]
                    }
                ]
            },
            "description": {
                "urls": []
            }
        },
        "protected": false,
        "followers_count": 128,
        "friends_count": 685,
        "listed_count": 2,
        "created_at": "Mon Dec 19 21:03:44 +0000 2016",
        "favourites_count": 421,
        "utc_offset": null,
        "time_zone": null,
        "geo_enabled": false,
        "verified": false,
        "statuses_count": 255,
        "lang": "en",
        "contributors_enabled": false,
        "is_translator": false,
        "is_translation_enabled": false,
        "profile_background_color": "000000",
        "profile_background_image_url": "http://abs.twimg.com/images/themes/theme1/bg.png",
        "profile_background_image_url_https": "https://abs.twimg.com/images/themes/theme1/bg.png",
        "profile_background_tile": false,
        "profile_image_url": "http://pbs.twimg.com/profile_images/1101217999586029568/22o0smrq_normal.jpg",
        "profile_image_url_https": "https://pbs.twimg.com/profile_images/1101217999586029568/22o0smrq_normal.jpg",
        "profile_banner_url": "https://pbs.twimg.com/profile_banners/810953788290957312/1550000350",
        "profile_link_color": "F58EA8",
        "profile_sidebar_border_color": "000000",
        "profile_sidebar_fill_color": "000000",
        "profile_text_color": "000000",
        "profile_use_background_image": false,
        "has_extended_profile": true,
        "default_profile": false,
        "default_profile_image": false,
        "following": null,
        "follow_request_sent": null,
        "notifications": null,
        "translator_type": "none"
    },
    "geo": null,
    "coordinates": null,
    "place": null,
    "contributors": null,
    "is_quote_status": false,
    "retweet_count": 0,
    "favorite_count": 0,
    "favorited": false,
    "retweeted": false,
    "possibly_sensitive": false,
    "lang": "en"
}