{
    "created_at": "Wed Mar 13 23:04:35 +0000 2019",
    "id": 1105967922999185412,
    "id_str": "1105967922999185412",
    "text": "URBAN DECAY ALL NIGHTER LIQUID FOUNDATION:\n\n\u2705waterproof\n\u2705full coverage\n\u2705matte-finish\n\u2705oil-free\n\nperfect foundation\u2026 https://t.co/9OsVSpIGdu",
    "truncated": true,
    "entities": {
        "hashtags": [],
        "symbols": [],
        "user_mentions": [],
        "urls": [
            {
                "url": "https://t.co/9OsVSpIGdu",
                "expanded_url": "https://twitter.com/i/web/status/1105967922999185412",
                "display_url": "twitter.com/i/web/status/1\u2026",
                "indices": [
                    116,
                    139
                ]
            }
        ]
    },
    "metadata": {
        "iso_language_code": "in",
        "result_type": "recent"
    },
    "source": "<a href=\"http://www.facebook.com/twitter\" rel=\"nofollow\">Facebook</a>",
    "in_reply_to_status_id": null,
    "in_reply_to_status_id_str": null,
    "in_reply_to_user_id": null,
    "in_reply_to_user_id_str": null,
    "in_reply_to_screen_name": null,
    "user": {
        "id": 61358570,
        "id_str": "61358570",
        "name": "suraya mokhtar",
        "screen_name": "sya78",
        "location": "sepang, Selangor",
        "description": "Married with 2 lovely daughters, working at MASKargo.",
        "url": "http://t.co/MInhUUvwS0",
        "entities": {
            "url": {
                "urls": [
                    {
                        "url": "http://t.co/MInhUUvwS0",
                        "expanded_url": "http://freedom.ws/sya78",
                        "display_url": "freedom.ws/sya78",
                        "indices": [
                            0,
                            22
                        ]
                    }
                ]
            },
            "description": {
                "urls": []
            }
        },
        "protected": false,
        "followers_count": 172,
        "friends_count": 421,
        "listed_count": 1,
        "created_at": "Thu Jul 30 01:56:11 +0000 2009",
        "favourites_count": 3,
        "utc_offset": null,
        "time_zone": null,
        "geo_enabled": false,
        "verified": false,
        "statuses_count": 3365,
        "lang": "en",
        "contributors_enabled": false,
        "is_translator": false,
        "is_translation_enabled": false,
        "profile_background_color": "BADFCD",
        "profile_background_image_url": "http://abs.twimg.com/images/themes/theme12/bg.gif",
        "profile_background_image_url_https": "https://abs.twimg.com/images/themes/theme12/bg.gif",
        "profile_background_tile": false,
        "profile_image_url": "http://pbs.twimg.com/profile_images/428198440418287617/OXcqJ8g-_normal.jpeg",
        "profile_image_url_https": "https://pbs.twimg.com/profile_images/428198440418287617/OXcqJ8g-_normal.jpeg",
        "profile_link_color": "FF0000",
        "profile_sidebar_border_color": "F2E195",
        "profile_sidebar_fill_color": "FFF7CC",
        "profile_text_color": "0C3E53",
        "profile_use_background_image": true,
        "has_extended_profile": false,
        "default_profile": false,
        "default_profile_image": false,
        "following": null,
        "follow_request_sent": null,
        "notifications": null,
        "translator_type": "none"
    },
    "geo": null,
    "coordinates": null,
    "place": null,
    "contributors": null,
    "is_quote_status": false,
    "retweet_count": 0,
    "favorite_count": 0,
    "favorited": false,
    "retweeted": false,
    "possibly_sensitive": false,
    "lang": "in"
}