{
    "created_at": "Thu Mar 14 03:08:31 +0000 2019",
    "id": 1106029312552112128,
    "id_str": "1106029312552112128",
    "text": "\u201cim so sorry sweetie but theyre korea-\u201c\n*swipes down urban decay* BUT I DONT WANT KPOP MAMA!! THEYRE ALL ROBOTIC BU\u2026 https://t.co/IRTNNeGC17",
    "truncated": true,
    "entities": {
        "hashtags": [],
        "symbols": [],
        "user_mentions": [],
        "urls": [
            {
                "url": "https://t.co/IRTNNeGC17",
                "expanded_url": "https://twitter.com/i/web/status/1106029312552112128",
                "display_url": "twitter.com/i/web/status/1\u2026",
                "indices": [
                    117,
                    140
                ]
            }
        ]
    },
    "metadata": {
        "iso_language_code": "en",
        "result_type": "recent"
    },
    "source": "<a href=\"http://twitter.com/download/iphone\" rel=\"nofollow\">Twitter for iPhone</a>",
    "in_reply_to_status_id": 1106027991942025216,
    "in_reply_to_status_id_str": "1106027991942025216",
    "in_reply_to_user_id": 822684326856953856,
    "in_reply_to_user_id_str": "822684326856953856",
    "in_reply_to_screen_name": "loonarmythworld",
    "user": {
        "id": 822684326856953856,
        "id_str": "822684326856953856",
        "name": "paris-monet READ BIO",
        "screen_name": "loonarmythworld",
        "location": "\ud83d\udc08\ud83d\udc23\ud83d\udc39\ud83d\udc3f /\ud83e\udda2\ud83e\udd87\ud83d\udc38\ud83e\udd8c/rv bp itzy",
        "description": "#YOONMIN: cock! (if this seungri sit. or any topic it may bring up disturb u, pls unfollow or mute me. ill be talking abt it without filter ya dig)",
        "url": "https://t.co/xeOBJFENgW",
        "entities": {
            "url": {
                "urls": [
                    {
                        "url": "https://t.co/xeOBJFENgW",
                        "expanded_url": "http://tropico.carrd.co",
                        "display_url": "tropico.carrd.co",
                        "indices": [
                            0,
                            23
                        ]
                    }
                ]
            },
            "description": {
                "urls": []
            }
        },
        "protected": false,
        "followers_count": 511,
        "friends_count": 441,
        "listed_count": 14,
        "created_at": "Sat Jan 21 05:56:43 +0000 2017",
        "favourites_count": 32399,
        "utc_offset": null,
        "time_zone": null,
        "geo_enabled": true,
        "verified": false,
        "statuses_count": 7561,
        "lang": "en",
        "contributors_enabled": false,
        "is_translator": false,
        "is_translation_enabled": false,
        "profile_background_color": "000000",
        "profile_background_image_url": "http://abs.twimg.com/images/themes/theme1/bg.png",
        "profile_background_image_url_https": "https://abs.twimg.com/images/themes/theme1/bg.png",
        "profile_background_tile": false,
        "profile_image_url": "http://pbs.twimg.com/profile_images/1105591836352135171/Ai3vXDbo_normal.jpg",
        "profile_image_url_https": "https://pbs.twimg.com/profile_images/1105591836352135171/Ai3vXDbo_normal.jpg",
        "profile_banner_url": "https://pbs.twimg.com/profile_banners/822684326856953856/1552571419",
        "profile_link_color": "E799A3",
        "profile_sidebar_border_color": "000000",
        "profile_sidebar_fill_color": "000000",
        "profile_text_color": "000000",
        "profile_use_background_image": false,
        "has_extended_profile": true,
        "default_profile": false,
        "default_profile_image": false,
        "following": null,
        "follow_request_sent": null,
        "notifications": null,
        "translator_type": "none"
    },
    "geo": null,
    "coordinates": null,
    "place": null,
    "contributors": null,
    "is_quote_status": false,
    "retweet_count": 0,
    "favorite_count": 0,
    "favorited": false,
    "retweeted": false,
    "lang": "en"
}