{
    "created_at": "Thu Mar 14 09:15:56 +0000 2019",
    "id": 1106121772796166145,
    "id_str": "1106121772796166145",
    "text": "From the new trailer release to the GOT-inspired Urban Decay collection, the medieval fantasy has seeped from the s\u2026 https://t.co/7xwwpKJpG1",
    "truncated": true,
    "entities": {
        "hashtags": [],
        "symbols": [],
        "user_mentions": [],
        "urls": [
            {
                "url": "https://t.co/7xwwpKJpG1",
                "expanded_url": "https://twitter.com/i/web/status/1106121772796166145",
                "display_url": "twitter.com/i/web/status/1\u2026",
                "indices": [
                    117,
                    140
                ]
            }
        ]
    },
    "metadata": {
        "iso_language_code": "en",
        "result_type": "recent"
    },
    "source": "<a href=\"https://www.echobox.com\" rel=\"nofollow\">Echobox Social</a>",
    "in_reply_to_status_id": null,
    "in_reply_to_status_id_str": null,
    "in_reply_to_user_id": null,
    "in_reply_to_user_id_str": null,
    "in_reply_to_screen_name": null,
    "user": {
        "id": 34258758,
        "id_str": "34258758",
        "name": "British GLAMOUR",
        "screen_name": "GlamourMagUK",
        "location": "London, England",
        "description": "Beauty, style, entertainment & other fabulous things we think you'll like from GLAMOUR HQ. Instagram: glamouruk",
        "url": "https://t.co/HysN36IrZg",
        "entities": {
            "url": {
                "urls": [
                    {
                        "url": "https://t.co/HysN36IrZg",
                        "expanded_url": "http://www.glamourmagazine.co.uk/",
                        "display_url": "glamourmagazine.co.uk",
                        "indices": [
                            0,
                            23
                        ]
                    }
                ]
            },
            "description": {
                "urls": []
            }
        },
        "protected": false,
        "followers_count": 486867,
        "friends_count": 4958,
        "listed_count": 3261,
        "created_at": "Wed Apr 22 12:39:07 +0000 2009",
        "favourites_count": 2987,
        "utc_offset": null,
        "time_zone": null,
        "geo_enabled": true,
        "verified": true,
        "statuses_count": 138153,
        "lang": "en",
        "contributors_enabled": false,
        "is_translator": false,
        "is_translation_enabled": false,
        "profile_background_color": "C6E2EE",
        "profile_background_image_url": "http://abs.twimg.com/images/themes/theme1/bg.png",
        "profile_background_image_url_https": "https://abs.twimg.com/images/themes/theme1/bg.png",
        "profile_background_tile": true,
        "profile_image_url": "http://pbs.twimg.com/profile_images/957637406752198656/oZ-QzViL_normal.jpg",
        "profile_image_url_https": "https://pbs.twimg.com/profile_images/957637406752198656/oZ-QzViL_normal.jpg",
        "profile_banner_url": "https://pbs.twimg.com/profile_banners/34258758/1551874409",
        "profile_link_color": "1F98C7",
        "profile_sidebar_border_color": "FFFFFF",
        "profile_sidebar_fill_color": "DDEEF6",
        "profile_text_color": "0084B4",
        "profile_use_background_image": true,
        "has_extended_profile": false,
        "default_profile": false,
        "default_profile_image": false,
        "following": null,
        "follow_request_sent": null,
        "notifications": null,
        "translator_type": "none"
    },
    "geo": null,
    "coordinates": null,
    "place": null,
    "contributors": null,
    "is_quote_status": false,
    "retweet_count": 0,
    "favorite_count": 2,
    "favorited": false,
    "retweeted": false,
    "possibly_sensitive": false,
    "lang": "en"
}