{
    "created_at": "Thu Mar 14 06:28:31 +0000 2019",
    "id": 1106079644518965248,
    "id_str": "1106079644518965248",
    "text": "RT @pearxredbull: Omg that unblended ass tarte or urban decay eyeshadow and messy ass mascara with that god awful bright red lip https://t.\u2026",
    "truncated": false,
    "entities": {
        "hashtags": [],
        "symbols": [],
        "user_mentions": [
            {
                "screen_name": "pearxredbull",
                "name": "town whore",
                "id": 2922319375,
                "id_str": "2922319375",
                "indices": [
                    3,
                    16
                ]
            }
        ],
        "urls": []
    },
    "metadata": {
        "iso_language_code": "en",
        "result_type": "recent"
    },
    "source": "<a href=\"http://twitter.com/download/iphone\" rel=\"nofollow\">Twitter for iPhone</a>",
    "in_reply_to_status_id": null,
    "in_reply_to_status_id_str": null,
    "in_reply_to_user_id": null,
    "in_reply_to_user_id_str": null,
    "in_reply_to_screen_name": null,
    "user": {
        "id": 953923235124580352,
        "id_str": "953923235124580352",
        "name": "I\u2019m rude",
        "screen_name": "cowboyhelloktty",
        "location": "*\uff0a\u273f\u2740DTX\u2740\u273f\uff0a*",
        "description": "\u2661I have a big head and I'm also strong|20|XXX|G\u2661",
        "url": "https://t.co/4sxHWblPE0",
        "entities": {
            "url": {
                "urls": [
                    {
                        "url": "https://t.co/4sxHWblPE0",
                        "expanded_url": "http://instagram.com/hentaidad",
                        "display_url": "instagram.com/hentaidad",
                        "indices": [
                            0,
                            23
                        ]
                    }
                ]
            },
            "description": {
                "urls": []
            }
        },
        "protected": false,
        "followers_count": 103,
        "friends_count": 89,
        "listed_count": 0,
        "created_at": "Thu Jan 18 09:33:17 +0000 2018",
        "favourites_count": 4653,
        "utc_offset": null,
        "time_zone": null,
        "geo_enabled": true,
        "verified": false,
        "statuses_count": 1356,
        "lang": "en",
        "contributors_enabled": false,
        "is_translator": false,
        "is_translation_enabled": false,
        "profile_background_color": "000000",
        "profile_background_image_url": "http://abs.twimg.com/images/themes/theme1/bg.png",
        "profile_background_image_url_https": "https://abs.twimg.com/images/themes/theme1/bg.png",
        "profile_background_tile": false,
        "profile_image_url": "http://pbs.twimg.com/profile_images/1104678837730844672/K9iNpI7C_normal.jpg",
        "profile_image_url_https": "https://pbs.twimg.com/profile_images/1104678837730844672/K9iNpI7C_normal.jpg",
        "profile_banner_url": "https://pbs.twimg.com/profile_banners/953923235124580352/1550567429",
        "profile_link_color": "F58EA8",
        "profile_sidebar_border_color": "000000",
        "profile_sidebar_fill_color": "000000",
        "profile_text_color": "000000",
        "profile_use_background_image": false,
        "has_extended_profile": true,
        "default_profile": false,
        "default_profile_image": false,
        "following": null,
        "follow_request_sent": null,
        "notifications": null,
        "translator_type": "none"
    },
    "geo": null,
    "coordinates": null,
    "place": null,
    "contributors": null,
    "retweeted_status": {
        "created_at": "Thu Mar 14 02:35:56 +0000 2019",
        "id": 1106021110825537536,
        "id_str": "1106021110825537536",
        "text": "Omg that unblended ass tarte or urban decay eyeshadow and messy ass mascara with that god awful bright red lip https://t.co/EUDExpiUxM",
        "truncated": false,
        "entities": {
            "hashtags": [],
            "symbols": [],
            "user_mentions": [],
            "urls": [
                {
                    "url": "https://t.co/EUDExpiUxM",
                    "expanded_url": "https://twitter.com/dankbonn3t/status/1105560953746280449",
                    "display_url": "twitter.com/dankbonn3t/sta\u2026",
                    "indices": [
                        111,
                        134
                    ]
                }
            ]
        },
        "metadata": {
            "iso_language_code": "en",
            "result_type": "recent"
        },
        "source": "<a href=\"http://twitter.com/download/iphone\" rel=\"nofollow\">Twitter for iPhone</a>",
        "in_reply_to_status_id": null,
        "in_reply_to_status_id_str": null,
        "in_reply_to_user_id": null,
        "in_reply_to_user_id_str": null,
        "in_reply_to_screen_name": null,
        "user": {
            "id": 2922319375,
            "id_str": "2922319375",
            "name": "town whore",
            "screen_name": "pearxredbull",
            "location": "Any pronouns",
            "description": "Tristan 21 a wh*re.....",
            "url": "https://t.co/Kasu53bQhZ",
            "entities": {
                "url": {
                    "urls": [
                        {
                            "url": "https://t.co/Kasu53bQhZ",
                            "expanded_url": "https://cash.me/$vehemently",
                            "display_url": "cash.me/$vehemently",
                            "indices": [
                                0,
                                23
                            ]
                        }
                    ]
                },
                "description": {
                    "urls": []
                }
            },
            "protected": false,
            "followers_count": 232,
            "friends_count": 129,
            "listed_count": 6,
            "created_at": "Mon Dec 08 04:17:37 +0000 2014",
            "favourites_count": 16245,
            "utc_offset": null,
            "time_zone": null,
            "geo_enabled": false,
            "verified": false,
            "statuses_count": 16806,
            "lang": "en",
            "contributors_enabled": false,
            "is_translator": false,
            "is_translation_enabled": false,
            "profile_background_color": "E6E6E6",
            "profile_background_image_url": "http://abs.twimg.com/images/themes/theme1/bg.png",
            "profile_background_image_url_https": "https://abs.twimg.com/images/themes/theme1/bg.png",
            "profile_background_tile": false,
            "profile_image_url": "http://pbs.twimg.com/profile_images/1103488337959112704/iswhyZFP_normal.jpg",
            "profile_image_url_https": "https://pbs.twimg.com/profile_images/1103488337959112704/iswhyZFP_normal.jpg",
            "profile_banner_url": "https://pbs.twimg.com/profile_banners/2922319375/1551079441",
            "profile_link_color": "B22222",
            "profile_sidebar_border_color": "000000",
            "profile_sidebar_fill_color": "000000",
            "profile_text_color": "000000",
            "profile_use_background_image": true,
            "has_extended_profile": true,
            "default_profile": false,
            "default_profile_image": false,
            "following": null,
            "follow_request_sent": null,
            "notifications": null,
            "translator_type": "none"
        },
        "geo": null,
        "coordinates": null,
        "place": null,
        "contributors": null,
        "is_quote_status": true,
        "quoted_status_id": 1105560953746280449,
        "quoted_status_id_str": "1105560953746280449",
        "quoted_status": {
            "created_at": "Tue Mar 12 20:07:26 +0000 2019",
            "id": 1105560953746280449,
            "id_str": "1105560953746280449",
            "text": "some white girls makeup be looking racist as hell you know what I mean?",
            "truncated": false,
            "entities": {
                "hashtags": [],
                "symbols": [],
                "user_mentions": [],
                "urls": []
            },
            "metadata": {
                "iso_language_code": "en",
                "result_type": "recent"
            },
            "source": "<a href=\"http://twitter.com/download/iphone\" rel=\"nofollow\">Twitter for iPhone</a>",
            "in_reply_to_status_id": null,
            "in_reply_to_status_id_str": null,
            "in_reply_to_user_id": null,
            "in_reply_to_user_id_str": null,
            "in_reply_to_screen_name": null,
            "user": {
                "id": 855518740175347714,
                "id_str": "855518740175347714",
                "name": "diet stud",
                "screen_name": "dankbonn3t",
                "location": "purple naked ladies",
                "description": "you crying on my lap.....your mascara gon stain my balmains | ig: khaizania\u2728",
                "url": "https://t.co/SZcZE4pPyP",
                "entities": {
                    "url": {
                        "urls": [
                            {
                                "url": "https://t.co/SZcZE4pPyP",
                                "expanded_url": "https://twitter.com/jeggings/status/1041901172439822337?s=21",
                                "display_url": "twitter.com/jeggings/statu\u2026",
                                "indices": [
                                    0,
                                    23
                                ]
                            }
                        ]
                    },
                    "description": {
                        "urls": []
                    }
                },
                "protected": false,
                "followers_count": 4825,
                "friends_count": 290,
                "listed_count": 38,
                "created_at": "Fri Apr 21 20:28:57 +0000 2017",
                "favourites_count": 36938,
                "utc_offset": null,
                "time_zone": null,
                "geo_enabled": false,
                "verified": false,
                "statuses_count": 23238,
                "lang": "en",
                "contributors_enabled": false,
                "is_translator": false,
                "is_translation_enabled": false,
                "profile_background_color": "000000",
                "profile_background_image_url": "http://abs.twimg.com/images/themes/theme1/bg.png",
                "profile_background_image_url_https": "https://abs.twimg.com/images/themes/theme1/bg.png",
                "profile_background_tile": false,
                "profile_image_url": "http://pbs.twimg.com/profile_images/1102658474876518401/bPim7Tvu_normal.jpg",
                "profile_image_url_https": "https://pbs.twimg.com/profile_images/1102658474876518401/bPim7Tvu_normal.jpg",
                "profile_banner_url": "https://pbs.twimg.com/profile_banners/855518740175347714/1548811724",
                "profile_link_color": "000000",
                "profile_sidebar_border_color": "000000",
                "profile_sidebar_fill_color": "000000",
                "profile_text_color": "000000",
                "profile_use_background_image": false,
                "has_extended_profile": true,
                "default_profile": false,
                "default_profile_image": false,
                "following": null,
                "follow_request_sent": null,
                "notifications": null,
                "translator_type": "none"
            },
            "geo": null,
            "coordinates": null,
            "place": null,
            "contributors": null,
            "is_quote_status": false,
            "retweet_count": 3775,
            "favorite_count": 27827,
            "favorited": false,
            "retweeted": false,
            "lang": "en"
        },
        "retweet_count": 1,
        "favorite_count": 8,
        "favorited": false,
        "retweeted": false,
        "possibly_sensitive": false,
        "lang": "en"
    },
    "is_quote_status": true,
    "quoted_status_id": 1105560953746280449,
    "quoted_status_id_str": "1105560953746280449",
    "retweet_count": 1,
    "favorite_count": 0,
    "favorited": false,
    "retweeted": false,
    "lang": "en"
}