{
    "created_at": "Thu Mar 14 09:43:16 +0000 2019",
    "id": 1106128651349831680,
    "id_str": "1106128651349831680",
    "text": "Je commence \u00e0 d\u00e9sesp\u00e9rer j\u2019ai tester le YSL apr\u00e8s le Urban Decay puis le Marc Jacobs et l\u00e0 je voulais tenter le NAR\u2026 https://t.co/CwaNJWpy0t",
    "truncated": true,
    "entities": {
        "hashtags": [],
        "symbols": [],
        "user_mentions": [],
        "urls": [
            {
                "url": "https://t.co/CwaNJWpy0t",
                "expanded_url": "https://twitter.com/i/web/status/1106128651349831680",
                "display_url": "twitter.com/i/web/status/1\u2026",
                "indices": [
                    117,
                    140
                ]
            }
        ]
    },
    "metadata": {
        "iso_language_code": "fr",
        "result_type": "recent"
    },
    "source": "<a href=\"http://twitter.com/download/iphone\" rel=\"nofollow\">Twitter for iPhone</a>",
    "in_reply_to_status_id": 1106128297510035456,
    "in_reply_to_status_id_str": "1106128297510035456",
    "in_reply_to_user_id": 976878359316783104,
    "in_reply_to_user_id_str": "976878359316783104",
    "in_reply_to_screen_name": "kingrorry",
    "user": {
        "id": 976878359316783104,
        "id_str": "976878359316783104",
        "name": "Rorry",
        "screen_name": "kingrorry",
        "location": "Cannes, France",
        "description": "",
        "url": null,
        "entities": {
            "description": {
                "urls": []
            }
        },
        "protected": false,
        "followers_count": 2,
        "friends_count": 22,
        "listed_count": 0,
        "created_at": "Thu Mar 22 17:48:45 +0000 2018",
        "favourites_count": 265,
        "utc_offset": null,
        "time_zone": null,
        "geo_enabled": false,
        "verified": false,
        "statuses_count": 93,
        "lang": "fr",
        "contributors_enabled": false,
        "is_translator": false,
        "is_translation_enabled": false,
        "profile_background_color": "F5F8FA",
        "profile_background_image_url": null,
        "profile_background_image_url_https": null,
        "profile_background_tile": false,
        "profile_image_url": "http://pbs.twimg.com/profile_images/976879857215864832/o-VuiIM1_normal.jpg",
        "profile_image_url_https": "https://pbs.twimg.com/profile_images/976879857215864832/o-VuiIM1_normal.jpg",
        "profile_link_color": "1DA1F2",
        "profile_sidebar_border_color": "C0DEED",
        "profile_sidebar_fill_color": "DDEEF6",
        "profile_text_color": "333333",
        "profile_use_background_image": true,
        "has_extended_profile": true,
        "default_profile": true,
        "default_profile_image": false,
        "following": null,
        "follow_request_sent": null,
        "notifications": null,
        "translator_type": "none"
    },
    "geo": null,
    "coordinates": null,
    "place": null,
    "contributors": null,
    "is_quote_status": false,
    "retweet_count": 0,
    "favorite_count": 0,
    "favorited": false,
    "retweeted": false,
    "lang": "fr"
}