{
    "created_at": "Thu Mar 14 02:06:18 +0000 2019",
    "id": 1106013651968786432,
    "id_str": "1106013651968786432",
    "text": "@dwncbty For oily skin mamshi, ang pinaka the best kay Urban Decay kaso naay color, dili sya translucent. So mas ni\u2026 https://t.co/35Ni87TvGp",
    "truncated": true,
    "entities": {
        "hashtags": [],
        "symbols": [],
        "user_mentions": [
            {
                "screen_name": "dwncbty",
                "name": "D a w n i c a \u2728",
                "id": 704579311899049984,
                "id_str": "704579311899049984",
                "indices": [
                    0,
                    8
                ]
            }
        ],
        "urls": [
            {
                "url": "https://t.co/35Ni87TvGp",
                "expanded_url": "https://twitter.com/i/web/status/1106013651968786432",
                "display_url": "twitter.com/i/web/status/1\u2026",
                "indices": [
                    117,
                    140
                ]
            }
        ]
    },
    "metadata": {
        "iso_language_code": "tl",
        "result_type": "recent"
    },
    "source": "<a href=\"http://twitter.com/download/iphone\" rel=\"nofollow\">Twitter for iPhone</a>",
    "in_reply_to_status_id": 1105993932230397953,
    "in_reply_to_status_id_str": "1105993932230397953",
    "in_reply_to_user_id": 704579311899049984,
    "in_reply_to_user_id_str": "704579311899049984",
    "in_reply_to_screen_name": "dwncbty",
    "user": {
        "id": 442629929,
        "id_str": "442629929",
        "name": "Kaye Villaver",
        "screen_name": "mklvllvr",
        "location": "Venus?",
        "description": "allergic to people, animals, plants and everything that breathes",
        "url": "https://t.co/TeVqSpFLzO",
        "entities": {
            "url": {
                "urls": [
                    {
                        "url": "https://t.co/TeVqSpFLzO",
                        "expanded_url": "http://Instagram.com/mklvllvr",
                        "display_url": "Instagram.com/mklvllvr",
                        "indices": [
                            0,
                            23
                        ]
                    }
                ]
            },
            "description": {
                "urls": []
            }
        },
        "protected": false,
        "followers_count": 613,
        "friends_count": 198,
        "listed_count": 2,
        "created_at": "Wed Dec 21 09:15:42 +0000 2011",
        "favourites_count": 4781,
        "utc_offset": null,
        "time_zone": null,
        "geo_enabled": true,
        "verified": false,
        "statuses_count": 12169,
        "lang": "en",
        "contributors_enabled": false,
        "is_translator": false,
        "is_translation_enabled": false,
        "profile_background_color": "C6E2EE",
        "profile_background_image_url": "http://abs.twimg.com/images/themes/theme2/bg.gif",
        "profile_background_image_url_https": "https://abs.twimg.com/images/themes/theme2/bg.gif",
        "profile_background_tile": true,
        "profile_image_url": "http://pbs.twimg.com/profile_images/1105843095243898887/gaAtzHQ1_normal.jpg",
        "profile_image_url_https": "https://pbs.twimg.com/profile_images/1105843095243898887/gaAtzHQ1_normal.jpg",
        "profile_banner_url": "https://pbs.twimg.com/profile_banners/442629929/1547573054",
        "profile_link_color": "91D2FA",
        "profile_sidebar_border_color": "C6E2EE",
        "profile_sidebar_fill_color": "DAECF4",
        "profile_text_color": "663B12",
        "profile_use_background_image": true,
        "has_extended_profile": true,
        "default_profile": false,
        "default_profile_image": false,
        "following": null,
        "follow_request_sent": null,
        "notifications": null,
        "translator_type": "none"
    },
    "geo": null,
    "coordinates": null,
    "place": null,
    "contributors": null,
    "is_quote_status": false,
    "retweet_count": 0,
    "favorite_count": 0,
    "favorited": false,
    "retweeted": false,
    "lang": "tl"
}