{
    "created_at": "Thu Mar 14 10:34:43 +0000 2019",
    "id": 1106141602144239616,
    "id_str": "1106141602144239616",
    "text": "The Urban Decay Reloaded palette is perfect for bridal makeup \ud83d\ude0d",
    "truncated": false,
    "entities": {
        "hashtags": [],
        "symbols": [],
        "user_mentions": [],
        "urls": []
    },
    "metadata": {
        "iso_language_code": "en",
        "result_type": "recent"
    },
    "source": "<a href=\"http://twitter.com/download/iphone\" rel=\"nofollow\">Twitter for iPhone</a>",
    "in_reply_to_status_id": null,
    "in_reply_to_status_id_str": null,
    "in_reply_to_user_id": null,
    "in_reply_to_user_id_str": null,
    "in_reply_to_screen_name": null,
    "user": {
        "id": 354299767,
        "id_str": "354299767",
        "name": "Becca",
        "screen_name": "BecxBlogs",
        "location": "Newcastle Upon Tyne, England",
        "description": "\ud83d\udc85\ud83c\udffb MUA @ Becx Beauty \ud83d\udc69\ud83c\udffb\u200d\ud83d\udcbb North East Blogger \ud83d\udc36 Mother of Dogs \ud83d\udcaa\ud83c\udffb Ulcerative Colitis \ud83d\udce7 EMAIL: BecxBlogs@gmail.com \ud83d\udcf9 https://t.co/JW6pACAVMz",
        "url": "https://t.co/SvV1fnVoG5",
        "entities": {
            "url": {
                "urls": [
                    {
                        "url": "https://t.co/SvV1fnVoG5",
                        "expanded_url": "http://www.becxblogs.co.uk",
                        "display_url": "becxblogs.co.uk",
                        "indices": [
                            0,
                            23
                        ]
                    }
                ]
            },
            "description": {
                "urls": [
                    {
                        "url": "https://t.co/JW6pACAVMz",
                        "expanded_url": "http://youtube.com/becx12",
                        "display_url": "youtube.com/becx12",
                        "indices": [
                            115,
                            138
                        ]
                    }
                ]
            }
        },
        "protected": false,
        "followers_count": 1492,
        "friends_count": 662,
        "listed_count": 15,
        "created_at": "Sat Aug 13 13:47:12 +0000 2011",
        "favourites_count": 9093,
        "utc_offset": null,
        "time_zone": null,
        "geo_enabled": true,
        "verified": false,
        "statuses_count": 8203,
        "lang": "en",
        "contributors_enabled": false,
        "is_translator": false,
        "is_translation_enabled": false,
        "profile_background_color": "000000",
        "profile_background_image_url": "http://abs.twimg.com/images/themes/theme8/bg.gif",
        "profile_background_image_url_https": "https://abs.twimg.com/images/themes/theme8/bg.gif",
        "profile_background_tile": false,
        "profile_image_url": "http://pbs.twimg.com/profile_images/1097530257249390593/sv_vGEat_normal.jpg",
        "profile_image_url_https": "https://pbs.twimg.com/profile_images/1097530257249390593/sv_vGEat_normal.jpg",
        "profile_banner_url": "https://pbs.twimg.com/profile_banners/354299767/1548795166",
        "profile_link_color": "981CEB",
        "profile_sidebar_border_color": "000000",
        "profile_sidebar_fill_color": "000000",
        "profile_text_color": "000000",
        "profile_use_background_image": false,
        "has_extended_profile": true,
        "default_profile": false,
        "default_profile_image": false,
        "following": null,
        "follow_request_sent": null,
        "notifications": null,
        "translator_type": "none"
    },
    "geo": null,
    "coordinates": null,
    "place": null,
    "contributors": null,
    "is_quote_status": false,
    "retweet_count": 0,
    "favorite_count": 0,
    "favorited": false,
    "retweeted": false,
    "lang": "en"
}