{
    "created_at": "Thu Mar 14 02:14:49 +0000 2019",
    "id": 1106015796755611648,
    "id_str": "1106015796755611648",
    "text": "19 hour day and my makeup is still semi in tact, god bless urban decay \ud83d\ude07",
    "truncated": false,
    "entities": {
        "hashtags": [],
        "symbols": [],
        "user_mentions": [],
        "urls": []
    },
    "metadata": {
        "iso_language_code": "en",
        "result_type": "recent"
    },
    "source": "<a href=\"http://twitter.com/download/iphone\" rel=\"nofollow\">Twitter for iPhone</a>",
    "in_reply_to_status_id": null,
    "in_reply_to_status_id_str": null,
    "in_reply_to_user_id": null,
    "in_reply_to_user_id_str": null,
    "in_reply_to_screen_name": null,
    "user": {
        "id": 107808428,
        "id_str": "107808428",
        "name": "carli \ud83c\udf38",
        "screen_name": "carlijane10",
        "location": "NCL",
        "description": "god bless the band x",
        "url": null,
        "entities": {
            "description": {
                "urls": []
            }
        },
        "protected": false,
        "followers_count": 1105,
        "friends_count": 753,
        "listed_count": 1,
        "created_at": "Sat Jan 23 20:28:05 +0000 2010",
        "favourites_count": 19806,
        "utc_offset": null,
        "time_zone": null,
        "geo_enabled": true,
        "verified": false,
        "statuses_count": 19674,
        "lang": "en",
        "contributors_enabled": false,
        "is_translator": false,
        "is_translation_enabled": false,
        "profile_background_color": "F9FCFC",
        "profile_background_image_url": "http://abs.twimg.com/images/themes/theme16/bg.gif",
        "profile_background_image_url_https": "https://abs.twimg.com/images/themes/theme16/bg.gif",
        "profile_background_tile": true,
        "profile_image_url": "http://pbs.twimg.com/profile_images/1099363270492913666/t8bUqU5H_normal.jpg",
        "profile_image_url_https": "https://pbs.twimg.com/profile_images/1099363270492913666/t8bUqU5H_normal.jpg",
        "profile_banner_url": "https://pbs.twimg.com/profile_banners/107808428/1546599680",
        "profile_link_color": "030303",
        "profile_sidebar_border_color": "000000",
        "profile_sidebar_fill_color": "DDFFCC",
        "profile_text_color": "333333",
        "profile_use_background_image": false,
        "has_extended_profile": true,
        "default_profile": false,
        "default_profile_image": false,
        "following": null,
        "follow_request_sent": null,
        "notifications": null,
        "translator_type": "none"
    },
    "geo": null,
    "coordinates": null,
    "place": null,
    "contributors": null,
    "is_quote_status": false,
    "retweet_count": 0,
    "favorite_count": 0,
    "favorited": false,
    "retweeted": false,
    "lang": "en"
}