{
    "created_at": "Thu Mar 14 02:53:04 +0000 2019",
    "id": 1106025422255464448,
    "id_str": "1106025422255464448",
    "text": "So instagram is down, let\u2019s answer a question I can\u2019t seem to accomplish. How the hell do I stop makeup transferrin\u2026 https://t.co/fpjB1l9POd",
    "truncated": true,
    "entities": {
        "hashtags": [],
        "symbols": [],
        "user_mentions": [],
        "urls": [
            {
                "url": "https://t.co/fpjB1l9POd",
                "expanded_url": "https://twitter.com/i/web/status/1106025422255464448",
                "display_url": "twitter.com/i/web/status/1\u2026",
                "indices": [
                    117,
                    140
                ]
            }
        ]
    },
    "metadata": {
        "iso_language_code": "en",
        "result_type": "recent"
    },
    "source": "<a href=\"http://twitter.com/download/iphone\" rel=\"nofollow\">Twitter for iPhone</a>",
    "in_reply_to_status_id": null,
    "in_reply_to_status_id_str": null,
    "in_reply_to_user_id": null,
    "in_reply_to_user_id_str": null,
    "in_reply_to_screen_name": null,
    "user": {
        "id": 36194425,
        "id_str": "36194425",
        "name": "Briana Nicole\ud83d\udcab",
        "screen_name": "mylifeas_Brii",
        "location": "Winchester, VA",
        "description": "The ocean is everything I want to be. Beautiful, wild, mysterious, and free. \ud83c\udf0a",
        "url": null,
        "entities": {
            "description": {
                "urls": []
            }
        },
        "protected": false,
        "followers_count": 664,
        "friends_count": 602,
        "listed_count": 1,
        "created_at": "Tue Apr 28 21:49:06 +0000 2009",
        "favourites_count": 36981,
        "utc_offset": null,
        "time_zone": null,
        "geo_enabled": true,
        "verified": false,
        "statuses_count": 23321,
        "lang": "en",
        "contributors_enabled": false,
        "is_translator": false,
        "is_translation_enabled": false,
        "profile_background_color": "000000",
        "profile_background_image_url": "http://abs.twimg.com/images/themes/theme5/bg.gif",
        "profile_background_image_url_https": "https://abs.twimg.com/images/themes/theme5/bg.gif",
        "profile_background_tile": false,
        "profile_image_url": "http://pbs.twimg.com/profile_images/1101667962719817730/dGWD5VDt_normal.jpg",
        "profile_image_url_https": "https://pbs.twimg.com/profile_images/1101667962719817730/dGWD5VDt_normal.jpg",
        "profile_banner_url": "https://pbs.twimg.com/profile_banners/36194425/1551492905",
        "profile_link_color": "DD2E44",
        "profile_sidebar_border_color": "000000",
        "profile_sidebar_fill_color": "000000",
        "profile_text_color": "000000",
        "profile_use_background_image": false,
        "has_extended_profile": true,
        "default_profile": false,
        "default_profile_image": false,
        "following": null,
        "follow_request_sent": null,
        "notifications": null,
        "translator_type": "none"
    },
    "geo": null,
    "coordinates": null,
    "place": null,
    "contributors": null,
    "is_quote_status": false,
    "retweet_count": 0,
    "favorite_count": 1,
    "favorited": false,
    "retweeted": false,
    "lang": "en"
}