{
    "created_at": "Thu Mar 14 04:29:18 +0000 2019",
    "id": 1106049643098656768,
    "id_str": "1106049643098656768",
    "text": "@wallmeko Blending techniques are being perfected. Plus, urban decay all nighter is here for the masses",
    "truncated": false,
    "entities": {
        "hashtags": [],
        "symbols": [],
        "user_mentions": [
            {
                "screen_name": "wallmeko",
                "name": "Okaim",
                "id": 286371474,
                "id_str": "286371474",
                "indices": [
                    0,
                    9
                ]
            }
        ],
        "urls": []
    },
    "metadata": {
        "iso_language_code": "en",
        "result_type": "recent"
    },
    "source": "<a href=\"http://twitter.com/download/iphone\" rel=\"nofollow\">Twitter for iPhone</a>",
    "in_reply_to_status_id": 1105937575150260224,
    "in_reply_to_status_id_str": "1105937575150260224",
    "in_reply_to_user_id": 286371474,
    "in_reply_to_user_id_str": "286371474",
    "in_reply_to_screen_name": "wallmeko",
    "user": {
        "id": 1894038361,
        "id_str": "1894038361",
        "name": "theBlackPearl",
        "screen_name": "ndiAshiri",
        "location": "",
        "description": "breathe \ud83d\udda4",
        "url": null,
        "entities": {
            "description": {
                "urls": []
            }
        },
        "protected": false,
        "followers_count": 370,
        "friends_count": 277,
        "listed_count": 1,
        "created_at": "Sun Sep 22 14:52:45 +0000 2013",
        "favourites_count": 857,
        "utc_offset": null,
        "time_zone": null,
        "geo_enabled": true,
        "verified": false,
        "statuses_count": 2613,
        "lang": "en",
        "contributors_enabled": false,
        "is_translator": false,
        "is_translation_enabled": false,
        "profile_background_color": "A6359E",
        "profile_background_image_url": "http://abs.twimg.com/images/themes/theme6/bg.gif",
        "profile_background_image_url_https": "https://abs.twimg.com/images/themes/theme6/bg.gif",
        "profile_background_tile": true,
        "profile_image_url": "http://pbs.twimg.com/profile_images/1078936874104901632/Rjt_53Fu_normal.jpg",
        "profile_image_url_https": "https://pbs.twimg.com/profile_images/1078936874104901632/Rjt_53Fu_normal.jpg",
        "profile_banner_url": "https://pbs.twimg.com/profile_banners/1894038361/1546073580",
        "profile_link_color": "FF007B",
        "profile_sidebar_border_color": "FFFFFF",
        "profile_sidebar_fill_color": "A0C5C7",
        "profile_text_color": "333333",
        "profile_use_background_image": true,
        "has_extended_profile": true,
        "default_profile": false,
        "default_profile_image": false,
        "following": null,
        "follow_request_sent": null,
        "notifications": null,
        "translator_type": "none"
    },
    "geo": null,
    "coordinates": null,
    "place": null,
    "contributors": null,
    "is_quote_status": false,
    "retweet_count": 0,
    "favorite_count": 1,
    "favorited": false,
    "retweeted": false,
    "lang": "en"
}