{
    "created_at": "Thu Mar 14 04:16:13 +0000 2019",
    "id": 1106046349001154561,
    "id_str": "1106046349001154561",
    "text": "\u2022 \u15ea I \u1515 T O \u1587 T I O \u144e \u2022\n\u2800\u2800\u2800\u2800\u2800\u2800\u2800\u2800\u2800\nUrban Decay Distortion Eyeshadow Palette contains five \u201cduotone shadows\u201d designed\u2026 https://t.co/bW8PGERxar",
    "truncated": true,
    "entities": {
        "hashtags": [],
        "symbols": [],
        "user_mentions": [],
        "urls": [
            {
                "url": "https://t.co/bW8PGERxar",
                "expanded_url": "https://twitter.com/i/web/status/1106046349001154561",
                "display_url": "twitter.com/i/web/status/1\u2026",
                "indices": [
                    117,
                    140
                ]
            }
        ]
    },
    "metadata": {
        "iso_language_code": "en",
        "result_type": "recent"
    },
    "source": "<a href=\"http://instagram.com\" rel=\"nofollow\">Instagram</a>",
    "in_reply_to_status_id": null,
    "in_reply_to_status_id_str": null,
    "in_reply_to_user_id": null,
    "in_reply_to_user_id_str": null,
    "in_reply_to_screen_name": null,
    "user": {
        "id": 833534138,
        "id_str": "833534138",
        "name": "Glitzngiftz Charisma",
        "screen_name": "GlitznglamC",
        "location": "",
        "description": "Facebook : Glitzngiftzcharism Email : gngcharisma@hotmail.com Kik : glitznglamcharisma Instagram : glitzngiftzcharisma",
        "url": "https://t.co/3zhavuPAV4",
        "entities": {
            "url": {
                "urls": [
                    {
                        "url": "https://t.co/3zhavuPAV4",
                        "expanded_url": "https://m.facebook.com/#!/glitz.glam.90?__user=100002780743508",
                        "display_url": "m.facebook.com/#!/glitz.glam.\u2026",
                        "indices": [
                            0,
                            23
                        ]
                    }
                ]
            },
            "description": {
                "urls": []
            }
        },
        "protected": false,
        "followers_count": 65,
        "friends_count": 35,
        "listed_count": 10,
        "created_at": "Wed Sep 19 15:10:17 +0000 2012",
        "favourites_count": 14,
        "utc_offset": null,
        "time_zone": null,
        "geo_enabled": true,
        "verified": false,
        "statuses_count": 1040,
        "lang": "en",
        "contributors_enabled": false,
        "is_translator": false,
        "is_translation_enabled": false,
        "profile_background_color": "C0DEED",
        "profile_background_image_url": "http://abs.twimg.com/images/themes/theme1/bg.png",
        "profile_background_image_url_https": "https://abs.twimg.com/images/themes/theme1/bg.png",
        "profile_background_tile": false,
        "profile_image_url": "http://pbs.twimg.com/profile_images/544864950955417600/epV1H4Ol_normal.jpeg",
        "profile_image_url_https": "https://pbs.twimg.com/profile_images/544864950955417600/epV1H4Ol_normal.jpeg",
        "profile_banner_url": "https://pbs.twimg.com/profile_banners/833534138/1418740903",
        "profile_link_color": "1DA1F2",
        "profile_sidebar_border_color": "C0DEED",
        "profile_sidebar_fill_color": "DDEEF6",
        "profile_text_color": "333333",
        "profile_use_background_image": true,
        "has_extended_profile": false,
        "default_profile": true,
        "default_profile_image": false,
        "following": null,
        "follow_request_sent": null,
        "notifications": null,
        "translator_type": "none"
    },
    "geo": {
        "type": "Point",
        "coordinates": [
            25.1994,
            55.2741
        ]
    },
    "coordinates": {
        "type": "Point",
        "coordinates": [
            55.2741,
            25.1994
        ]
    },
    "place": {
        "id": "001907e868d06e24",
        "url": "https://api.twitter.com/1.1/geo/id/001907e868d06e24.json",
        "place_type": "admin",
        "name": "Dubai",
        "full_name": "Dubai, United Arab Emirates",
        "country_code": "AE",
        "country": "United Arab Emirates",
        "contained_within": [],
        "bounding_box": {
            "type": "Polygon",
            "coordinates": [
                [
                    [
                        54.8939725,
                        24.6182526
                    ],
                    [
                        56.2083722,
                        24.6182526
                    ],
                    [
                        56.2083722,
                        25.3686719
                    ],
                    [
                        54.8939725,
                        25.3686719
                    ]
                ]
            ]
        },
        "attributes": {}
    },
    "contributors": null,
    "is_quote_status": false,
    "retweet_count": 0,
    "favorite_count": 0,
    "favorited": false,
    "retweeted": false,
    "possibly_sensitive": false,
    "lang": "en"
}