{
    "created_at": "Thu Mar 14 11:20:51 +0000 2019",
    "id": 1106153210442645504,
    "id_str": "1106153210442645504",
    "text": "@une_rose_en_feu @MyOwnRiver @ickobel Urban Decay 1993! It's basically an exact match and it's gorgeous!",
    "truncated": false,
    "entities": {
        "hashtags": [],
        "symbols": [],
        "user_mentions": [
            {
                "screen_name": "une_rose_en_feu",
                "name": "hannah moira",
                "id": 523690014,
                "id_str": "523690014",
                "indices": [
                    0,
                    16
                ]
            },
            {
                "screen_name": "MyOwnRiver",
                "name": "\u2730 Miss Misery \u2730",
                "id": 477293340,
                "id_str": "477293340",
                "indices": [
                    17,
                    28
                ]
            },
            {
                "screen_name": "ickobel",
                "name": "\u02d6 \ud83d\udd77\u207a\u2445\u2661",
                "id": 2293582465,
                "id_str": "2293582465",
                "indices": [
                    29,
                    37
                ]
            }
        ],
        "urls": []
    },
    "metadata": {
        "iso_language_code": "en",
        "result_type": "recent"
    },
    "source": "<a href=\"http://twitter.com/download/android\" rel=\"nofollow\">Twitter for Android</a>",
    "in_reply_to_status_id": 1105555840919060480,
    "in_reply_to_status_id_str": "1105555840919060480",
    "in_reply_to_user_id": 523690014,
    "in_reply_to_user_id_str": "523690014",
    "in_reply_to_screen_name": "une_rose_en_feu",
    "user": {
        "id": 878678160,
        "id_str": "878678160",
        "name": "hannah\u264c\ud83e\udd81",
        "screen_name": "hannaheuline",
        "location": "Charlotte, MI",
        "description": "",
        "url": "https://t.co/bOEuCGxrGR",
        "entities": {
            "url": {
                "urls": [
                    {
                        "url": "https://t.co/bOEuCGxrGR",
                        "expanded_url": "https://instagram.com/hannaheuline",
                        "display_url": "instagram.com/hannaheuline",
                        "indices": [
                            0,
                            23
                        ]
                    }
                ]
            },
            "description": {
                "urls": []
            }
        },
        "protected": false,
        "followers_count": 159,
        "friends_count": 730,
        "listed_count": 1,
        "created_at": "Sat Oct 13 20:58:26 +0000 2012",
        "favourites_count": 27626,
        "utc_offset": null,
        "time_zone": null,
        "geo_enabled": true,
        "verified": false,
        "statuses_count": 6224,
        "lang": "en",
        "contributors_enabled": false,
        "is_translator": false,
        "is_translation_enabled": false,
        "profile_background_color": "000000",
        "profile_background_image_url": "http://abs.twimg.com/images/themes/theme1/bg.png",
        "profile_background_image_url_https": "https://abs.twimg.com/images/themes/theme1/bg.png",
        "profile_background_tile": false,
        "profile_image_url": "http://pbs.twimg.com/profile_images/1088613153460703233/iula0PLm_normal.jpg",
        "profile_image_url_https": "https://pbs.twimg.com/profile_images/1088613153460703233/iula0PLm_normal.jpg",
        "profile_banner_url": "https://pbs.twimg.com/profile_banners/878678160/1548380947",
        "profile_link_color": "F58EA8",
        "profile_sidebar_border_color": "000000",
        "profile_sidebar_fill_color": "000000",
        "profile_text_color": "000000",
        "profile_use_background_image": false,
        "has_extended_profile": true,
        "default_profile": false,
        "default_profile_image": false,
        "following": null,
        "follow_request_sent": null,
        "notifications": null,
        "translator_type": "none"
    },
    "geo": null,
    "coordinates": null,
    "place": null,
    "contributors": null,
    "is_quote_status": false,
    "retweet_count": 0,
    "favorite_count": 0,
    "favorited": false,
    "retweeted": false,
    "lang": "en"
}