{
    "created_at": "Thu Mar 14 11:25:13 +0000 2019",
    "id": 1106154308859498496,
    "id_str": "1106154308859498496",
    "text": "Matalan has launched a beauty brand including an \u00a38 Urban Decay Naked palette dupe https://t.co/n6DklrHOcT https://t.co/CGEeUZid5D",
    "truncated": false,
    "entities": {
        "hashtags": [],
        "symbols": [],
        "user_mentions": [],
        "urls": [
            {
                "url": "https://t.co/n6DklrHOcT",
                "expanded_url": "https://www.thesun.co.uk/fabulous/8631788/matalan-launch-beauty-brand-dupe-naked-urban-decay/",
                "display_url": "thesun.co.uk/fabulous/86317\u2026",
                "indices": [
                    83,
                    106
                ]
            }
        ],
        "media": [
            {
                "id": 1106154305080446976,
                "id_str": "1106154305080446976",
                "indices": [
                    107,
                    130
                ],
                "media_url": "http://pbs.twimg.com/media/D1nZetUW0AAlxlm.jpg",
                "media_url_https": "https://pbs.twimg.com/media/D1nZetUW0AAlxlm.jpg",
                "url": "https://t.co/CGEeUZid5D",
                "display_url": "pic.twitter.com/CGEeUZid5D",
                "expanded_url": "https://twitter.com/TheBeccaFlood/status/1106154308859498496/photo/1",
                "type": "photo",
                "sizes": {
                    "thumb": {
                        "w": 150,
                        "h": 150,
                        "resize": "crop"
                    },
                    "medium": {
                        "w": 607,
                        "h": 229,
                        "resize": "fit"
                    },
                    "small": {
                        "w": 607,
                        "h": 229,
                        "resize": "fit"
                    },
                    "large": {
                        "w": 607,
                        "h": 229,
                        "resize": "fit"
                    }
                }
            }
        ]
    },
    "extended_entities": {
        "media": [
            {
                "id": 1106154305080446976,
                "id_str": "1106154305080446976",
                "indices": [
                    107,
                    130
                ],
                "media_url": "http://pbs.twimg.com/media/D1nZetUW0AAlxlm.jpg",
                "media_url_https": "https://pbs.twimg.com/media/D1nZetUW0AAlxlm.jpg",
                "url": "https://t.co/CGEeUZid5D",
                "display_url": "pic.twitter.com/CGEeUZid5D",
                "expanded_url": "https://twitter.com/TheBeccaFlood/status/1106154308859498496/photo/1",
                "type": "photo",
                "sizes": {
                    "thumb": {
                        "w": 150,
                        "h": 150,
                        "resize": "crop"
                    },
                    "medium": {
                        "w": 607,
                        "h": 229,
                        "resize": "fit"
                    },
                    "small": {
                        "w": 607,
                        "h": 229,
                        "resize": "fit"
                    },
                    "large": {
                        "w": 607,
                        "h": 229,
                        "resize": "fit"
                    }
                }
            }
        ]
    },
    "metadata": {
        "iso_language_code": "en",
        "result_type": "recent"
    },
    "source": "<a href=\"https://about.twitter.com/products/tweetdeck\" rel=\"nofollow\">TweetDeck</a>",
    "in_reply_to_status_id": null,
    "in_reply_to_status_id_str": null,
    "in_reply_to_user_id": null,
    "in_reply_to_user_id_str": null,
    "in_reply_to_screen_name": null,
    "user": {
        "id": 221484551,
        "id_str": "221484551",
        "name": "Becca Flood",
        "screen_name": "TheBeccaFlood",
        "location": "London, England",
        "description": "Digital features writer for @TheSun, Fabulous Online. Rebecca.Flood@thesun.co.uk Open DMs! Londoner, very tall, lover of all things spicy. Views my own",
        "url": "https://t.co/PIr46vdxRp",
        "entities": {
            "url": {
                "urls": [
                    {
                        "url": "https://t.co/PIr46vdxRp",
                        "expanded_url": "http://rebeccaflood.portfoliobox.net/",
                        "display_url": "rebeccaflood.portfoliobox.net",
                        "indices": [
                            0,
                            23
                        ]
                    }
                ]
            },
            "description": {
                "urls": []
            }
        },
        "protected": false,
        "followers_count": 1218,
        "friends_count": 1002,
        "listed_count": 40,
        "created_at": "Tue Nov 30 20:02:56 +0000 2010",
        "favourites_count": 610,
        "utc_offset": null,
        "time_zone": null,
        "geo_enabled": true,
        "verified": false,
        "statuses_count": 6502,
        "lang": "en",
        "contributors_enabled": false,
        "is_translator": false,
        "is_translation_enabled": false,
        "profile_background_color": "E012EB",
        "profile_background_image_url": "http://abs.twimg.com/images/themes/theme2/bg.gif",
        "profile_background_image_url_https": "https://abs.twimg.com/images/themes/theme2/bg.gif",
        "profile_background_tile": false,
        "profile_image_url": "http://pbs.twimg.com/profile_images/718363273532424193/WETh8UNN_normal.jpg",
        "profile_image_url_https": "https://pbs.twimg.com/profile_images/718363273532424193/WETh8UNN_normal.jpg",
        "profile_banner_url": "https://pbs.twimg.com/profile_banners/221484551/1362050172",
        "profile_link_color": "1B95E0",
        "profile_sidebar_border_color": "FFFFFF",
        "profile_sidebar_fill_color": "DAECF4",
        "profile_text_color": "663B12",
        "profile_use_background_image": true,
        "has_extended_profile": false,
        "default_profile": false,
        "default_profile_image": false,
        "following": null,
        "follow_request_sent": null,
        "notifications": null,
        "translator_type": "none"
    },
    "geo": null,
    "coordinates": null,
    "place": null,
    "contributors": null,
    "is_quote_status": false,
    "retweet_count": 0,
    "favorite_count": 0,
    "favorited": false,
    "retweeted": false,
    "possibly_sensitive": false,
    "lang": "en"
}