{
    "created_at": "Thu Mar 14 08:32:44 +0000 2019",
    "id": 1106110901101432832,
    "id_str": "1106110901101432832",
    "text": "A bit of urban decay and nature pushing back taken while walking to work this week. https://t.co/WKkSn2oJJL",
    "truncated": false,
    "entities": {
        "hashtags": [],
        "symbols": [],
        "user_mentions": [],
        "urls": [],
        "media": [
            {
                "id": 1106110887902044160,
                "id_str": "1106110887902044160",
                "indices": [
                    84,
                    107
                ],
                "media_url": "http://pbs.twimg.com/media/D1mx_fuX4AAkC5h.jpg",
                "media_url_https": "https://pbs.twimg.com/media/D1mx_fuX4AAkC5h.jpg",
                "url": "https://t.co/WKkSn2oJJL",
                "display_url": "pic.twitter.com/WKkSn2oJJL",
                "expanded_url": "https://twitter.com/FujiFreak/status/1106110901101432832/photo/1",
                "type": "photo",
                "sizes": {
                    "thumb": {
                        "w": 150,
                        "h": 150,
                        "resize": "crop"
                    },
                    "large": {
                        "w": 2048,
                        "h": 2048,
                        "resize": "fit"
                    },
                    "medium": {
                        "w": 1200,
                        "h": 1200,
                        "resize": "fit"
                    },
                    "small": {
                        "w": 680,
                        "h": 680,
                        "resize": "fit"
                    }
                }
            }
        ]
    },
    "extended_entities": {
        "media": [
            {
                "id": 1106110887902044160,
                "id_str": "1106110887902044160",
                "indices": [
                    84,
                    107
                ],
                "media_url": "http://pbs.twimg.com/media/D1mx_fuX4AAkC5h.jpg",
                "media_url_https": "https://pbs.twimg.com/media/D1mx_fuX4AAkC5h.jpg",
                "url": "https://t.co/WKkSn2oJJL",
                "display_url": "pic.twitter.com/WKkSn2oJJL",
                "expanded_url": "https://twitter.com/FujiFreak/status/1106110901101432832/photo/1",
                "type": "photo",
                "sizes": {
                    "thumb": {
                        "w": 150,
                        "h": 150,
                        "resize": "crop"
                    },
                    "large": {
                        "w": 2048,
                        "h": 2048,
                        "resize": "fit"
                    },
                    "medium": {
                        "w": 1200,
                        "h": 1200,
                        "resize": "fit"
                    },
                    "small": {
                        "w": 680,
                        "h": 680,
                        "resize": "fit"
                    }
                }
            }
        ]
    },
    "metadata": {
        "iso_language_code": "en",
        "result_type": "recent"
    },
    "source": "<a href=\"https://mobile.twitter.com\" rel=\"nofollow\">Twitter Web App</a>",
    "in_reply_to_status_id": null,
    "in_reply_to_status_id_str": null,
    "in_reply_to_user_id": null,
    "in_reply_to_user_id_str": null,
    "in_reply_to_screen_name": null,
    "user": {
        "id": 53701635,
        "id_str": "53701635",
        "name": "Robin Hunter \ud83c\uddea\ud83c\uddfa",
        "screen_name": "FujiFreak",
        "location": "",
        "description": "North East based amateur photographer, Fujifilm obsessive, gadget lover and for my sins a camera salesman for over thirty years.",
        "url": null,
        "entities": {
            "description": {
                "urls": []
            }
        },
        "protected": false,
        "followers_count": 161,
        "friends_count": 624,
        "listed_count": 2,
        "created_at": "Sat Jul 04 16:17:47 +0000 2009",
        "favourites_count": 1509,
        "utc_offset": null,
        "time_zone": null,
        "geo_enabled": true,
        "verified": false,
        "statuses_count": 1437,
        "lang": "en",
        "contributors_enabled": false,
        "is_translator": false,
        "is_translation_enabled": false,
        "profile_background_color": "000000",
        "profile_background_image_url": "http://abs.twimg.com/images/themes/theme9/bg.gif",
        "profile_background_image_url_https": "https://abs.twimg.com/images/themes/theme9/bg.gif",
        "profile_background_tile": false,
        "profile_image_url": "http://pbs.twimg.com/profile_images/1061209947088846848/O8UMWFWK_normal.jpg",
        "profile_image_url_https": "https://pbs.twimg.com/profile_images/1061209947088846848/O8UMWFWK_normal.jpg",
        "profile_banner_url": "https://pbs.twimg.com/profile_banners/53701635/1541847143",
        "profile_link_color": "666666",
        "profile_sidebar_border_color": "000000",
        "profile_sidebar_fill_color": "000000",
        "profile_text_color": "000000",
        "profile_use_background_image": false,
        "has_extended_profile": true,
        "default_profile": false,
        "default_profile_image": false,
        "following": null,
        "follow_request_sent": null,
        "notifications": null,
        "translator_type": "none"
    },
    "geo": null,
    "coordinates": null,
    "place": null,
    "contributors": null,
    "is_quote_status": false,
    "retweet_count": 0,
    "favorite_count": 2,
    "favorited": false,
    "retweeted": false,
    "possibly_sensitive": false,
    "lang": "en"
}