{
    "created_at": "Thu Mar 14 10:12:52 +0000 2019",
    "id": 1106136101494886401,
    "id_str": "1106136101494886401",
    "text": "@ColdCowde Ils sont chers non ? Je voulais prendre celui d'urban Decay mais pareil il co\u00fbte..",
    "truncated": false,
    "entities": {
        "hashtags": [],
        "symbols": [],
        "user_mentions": [
            {
                "screen_name": "ColdCowde",
                "name": "namu's cowde",
                "id": 1077111545694470144,
                "id_str": "1077111545694470144",
                "indices": [
                    0,
                    10
                ]
            }
        ],
        "urls": []
    },
    "metadata": {
        "iso_language_code": "fr",
        "result_type": "recent"
    },
    "source": "<a href=\"http://twitter.com/download/android\" rel=\"nofollow\">Twitter for Android</a>",
    "in_reply_to_status_id": 1106132385895194624,
    "in_reply_to_status_id_str": "1106132385895194624",
    "in_reply_to_user_id": 1077111545694470144,
    "in_reply_to_user_id_str": "1077111545694470144",
    "in_reply_to_screen_name": "ColdCowde",
    "user": {
        "id": 755476390942806016,
        "id_str": "755476390942806016",
        "name": "emo ysl\u2122",
        "screen_name": "ssamdelicious",
        "location": "\ud83c\udf19",
        "description": "aomg+mkit;\ngolden trash & flop",
        "url": "https://t.co/I6FFqg2yY4",
        "entities": {
            "url": {
                "urls": [
                    {
                        "url": "https://t.co/I6FFqg2yY4",
                        "expanded_url": "http://instagram.com/tr4sht3st",
                        "display_url": "instagram.com/tr4sht3st",
                        "indices": [
                            0,
                            23
                        ]
                    }
                ]
            },
            "description": {
                "urls": []
            }
        },
        "protected": false,
        "followers_count": 184,
        "friends_count": 146,
        "listed_count": 21,
        "created_at": "Tue Jul 19 18:56:22 +0000 2016",
        "favourites_count": 49398,
        "utc_offset": null,
        "time_zone": null,
        "geo_enabled": true,
        "verified": false,
        "statuses_count": 61073,
        "lang": "fr",
        "contributors_enabled": false,
        "is_translator": false,
        "is_translation_enabled": false,
        "profile_background_color": "F5F8FA",
        "profile_background_image_url": null,
        "profile_background_image_url_https": null,
        "profile_background_tile": false,
        "profile_image_url": "http://pbs.twimg.com/profile_images/1103743428561637378/BmInk_xe_normal.jpg",
        "profile_image_url_https": "https://pbs.twimg.com/profile_images/1103743428561637378/BmInk_xe_normal.jpg",
        "profile_banner_url": "https://pbs.twimg.com/profile_banners/755476390942806016/1551987913",
        "profile_link_color": "1DA1F2",
        "profile_sidebar_border_color": "C0DEED",
        "profile_sidebar_fill_color": "DDEEF6",
        "profile_text_color": "333333",
        "profile_use_background_image": true,
        "has_extended_profile": true,
        "default_profile": true,
        "default_profile_image": false,
        "following": null,
        "follow_request_sent": null,
        "notifications": null,
        "translator_type": "none"
    },
    "geo": null,
    "coordinates": null,
    "place": null,
    "contributors": null,
    "is_quote_status": false,
    "retweet_count": 0,
    "favorite_count": 0,
    "favorited": false,
    "retweeted": false,
    "lang": "fr"
}