{
    "created_at": "Thu Mar 14 13:26:10 +0000 2019",
    "id": 1106184747242262529,
    "id_str": "1106184747242262529",
    "text": "@bbyqhairina @twt_kecantikann Okay sgtttt. Dah pernah try foundation mac,urban decay but nars still the best! Tambah2 utk DRY SKIN\u2728",
    "truncated": false,
    "entities": {
        "hashtags": [],
        "symbols": [],
        "user_mentions": [
            {
                "screen_name": "bbyqhairina",
                "name": "naaaaaaa .",
                "id": 1072715130998157312,
                "id_str": "1072715130998157312",
                "indices": [
                    0,
                    12
                ]
            },
            {
                "screen_name": "twt_kecantikann",
                "name": "twtkecantikan",
                "id": 710846590596984832,
                "id_str": "710846590596984832",
                "indices": [
                    13,
                    29
                ]
            }
        ],
        "urls": []
    },
    "metadata": {
        "iso_language_code": "in",
        "result_type": "recent"
    },
    "source": "<a href=\"http://twitter.com/download/iphone\" rel=\"nofollow\">Twitter for iPhone</a>",
    "in_reply_to_status_id": 1106120352369766400,
    "in_reply_to_status_id_str": "1106120352369766400",
    "in_reply_to_user_id": 1072715130998157312,
    "in_reply_to_user_id_str": "1072715130998157312",
    "in_reply_to_screen_name": "bbyqhairina",
    "user": {
        "id": 774630820627689477,
        "id_str": "774630820627689477",
        "name": "Fai\ud83e\udd40",
        "screen_name": "iamfaiiii",
        "location": "Penang",
        "description": "",
        "url": "https://t.co/SjsnxQ6vZ4",
        "entities": {
            "url": {
                "urls": [
                    {
                        "url": "https://t.co/SjsnxQ6vZ4",
                        "expanded_url": "https://sayat.me/fairusdaud",
                        "display_url": "sayat.me/fairusdaud",
                        "indices": [
                            0,
                            23
                        ]
                    }
                ]
            },
            "description": {
                "urls": []
            }
        },
        "protected": false,
        "followers_count": 45,
        "friends_count": 102,
        "listed_count": 0,
        "created_at": "Sat Sep 10 15:29:14 +0000 2016",
        "favourites_count": 1422,
        "utc_offset": null,
        "time_zone": null,
        "geo_enabled": true,
        "verified": false,
        "statuses_count": 9127,
        "lang": "en",
        "contributors_enabled": false,
        "is_translator": false,
        "is_translation_enabled": false,
        "profile_background_color": "F5F8FA",
        "profile_background_image_url": null,
        "profile_background_image_url_https": null,
        "profile_background_tile": false,
        "profile_image_url": "http://pbs.twimg.com/profile_images/1094639523017850880/VDmxVk9q_normal.jpg",
        "profile_image_url_https": "https://pbs.twimg.com/profile_images/1094639523017850880/VDmxVk9q_normal.jpg",
        "profile_link_color": "1DA1F2",
        "profile_sidebar_border_color": "C0DEED",
        "profile_sidebar_fill_color": "DDEEF6",
        "profile_text_color": "333333",
        "profile_use_background_image": true,
        "has_extended_profile": true,
        "default_profile": true,
        "default_profile_image": false,
        "following": null,
        "follow_request_sent": null,
        "notifications": null,
        "translator_type": "none"
    },
    "geo": null,
    "coordinates": null,
    "place": null,
    "contributors": null,
    "is_quote_status": false,
    "retweet_count": 0,
    "favorite_count": 1,
    "favorited": false,
    "retweeted": false,
    "lang": "in"
}