{
    "created_at": "Thu Mar 14 02:28:40 +0000 2019",
    "id": 1106019284348690432,
    "id_str": "1106019284348690432",
    "text": "@captstudmuffin Urban Decay. I got the Naked Reloaded (that\u2019s what it\u2019s called? Well the new one) palette. But ther\u2026 https://t.co/HcEPJl6XkG",
    "truncated": true,
    "entities": {
        "hashtags": [],
        "symbols": [],
        "user_mentions": [
            {
                "screen_name": "captstudmuffin",
                "name": "Liz \ud83c\udfb8\ud83c\udfb6\ud83c\udf77\u2764\ufe0f\u2728",
                "id": 3453504138,
                "id_str": "3453504138",
                "indices": [
                    0,
                    15
                ]
            }
        ],
        "urls": [
            {
                "url": "https://t.co/HcEPJl6XkG",
                "expanded_url": "https://twitter.com/i/web/status/1106019284348690432",
                "display_url": "twitter.com/i/web/status/1\u2026",
                "indices": [
                    117,
                    140
                ]
            }
        ]
    },
    "metadata": {
        "iso_language_code": "en",
        "result_type": "recent"
    },
    "source": "<a href=\"http://twitter.com/download/iphone\" rel=\"nofollow\">Twitter for iPhone</a>",
    "in_reply_to_status_id": 1106018650002087936,
    "in_reply_to_status_id_str": "1106018650002087936",
    "in_reply_to_user_id": 3453504138,
    "in_reply_to_user_id_str": "3453504138",
    "in_reply_to_screen_name": "captstudmuffin",
    "user": {
        "id": 3044557238,
        "id_str": "3044557238",
        "name": "\u2740jess\u2740",
        "screen_name": "eph_jess",
        "location": "orange county, ca",
        "description": "me.",
        "url": null,
        "entities": {
            "description": {
                "urls": []
            }
        },
        "protected": false,
        "followers_count": 388,
        "friends_count": 317,
        "listed_count": 20,
        "created_at": "Thu Feb 26 20:12:41 +0000 2015",
        "favourites_count": 30198,
        "utc_offset": null,
        "time_zone": null,
        "geo_enabled": true,
        "verified": false,
        "statuses_count": 18397,
        "lang": "en",
        "contributors_enabled": false,
        "is_translator": false,
        "is_translation_enabled": false,
        "profile_background_color": "000000",
        "profile_background_image_url": "http://abs.twimg.com/images/themes/theme1/bg.png",
        "profile_background_image_url_https": "https://abs.twimg.com/images/themes/theme1/bg.png",
        "profile_background_tile": false,
        "profile_image_url": "http://pbs.twimg.com/profile_images/1096936872968740864/QKJ4H-Qt_normal.jpg",
        "profile_image_url_https": "https://pbs.twimg.com/profile_images/1096936872968740864/QKJ4H-Qt_normal.jpg",
        "profile_banner_url": "https://pbs.twimg.com/profile_banners/3044557238/1542339312",
        "profile_link_color": "981CEB",
        "profile_sidebar_border_color": "000000",
        "profile_sidebar_fill_color": "000000",
        "profile_text_color": "000000",
        "profile_use_background_image": false,
        "has_extended_profile": true,
        "default_profile": false,
        "default_profile_image": false,
        "following": null,
        "follow_request_sent": null,
        "notifications": null,
        "translator_type": "none"
    },
    "geo": null,
    "coordinates": null,
    "place": null,
    "contributors": null,
    "is_quote_status": false,
    "retweet_count": 0,
    "favorite_count": 1,
    "favorited": false,
    "retweeted": false,
    "lang": "en"
}