{
    "created_at": "Thu Mar 14 02:34:06 +0000 2019",
    "id": 1106020651125624832,
    "id_str": "1106020651125624832",
    "text": "@bedboundbabe Peak: package from Urban Decay (Naked Cherry palette squeee)\n\nPit: new pain in foot\ud83e\udd37\ud83c\udffb\u200d\u2640\ufe0f how did I hurt it in my sleep???\ud83d\ude44",
    "truncated": false,
    "entities": {
        "hashtags": [],
        "symbols": [],
        "user_mentions": [
            {
                "screen_name": "bedboundbabe",
                "name": "Melanie, #chrillfest host \ud83d\udd76\ud83e\udd28",
                "id": 4821851031,
                "id_str": "4821851031",
                "indices": [
                    0,
                    13
                ]
            }
        ],
        "urls": []
    },
    "metadata": {
        "iso_language_code": "en",
        "result_type": "recent"
    },
    "source": "<a href=\"http://twitter.com/download/android\" rel=\"nofollow\">Twitter for Android</a>",
    "in_reply_to_status_id": 1105970550608818177,
    "in_reply_to_status_id_str": "1105970550608818177",
    "in_reply_to_user_id": 4821851031,
    "in_reply_to_user_id_str": "4821851031",
    "in_reply_to_screen_name": "bedboundbabe",
    "user": {
        "id": 6166402,
        "id_str": "6166402",
        "name": "March of the Rainbow Zebra",
        "screen_name": "MrsRainbowZebra",
        "location": "In a galaxy far far away",
        "description": "She/Her Wife/Mom/Furmom/MedZebra\u267f  \ud83d\udde1#UCF '92\ud83c\udfc8\n    \n\u26a1#GoBolts\n#MarchforOurLives\n#BlackLivesMatter \nFat, Disabled & Queer\ud83c\udff3\ufe0f\u200d\ud83c\udf08Too Fab To Blend In\n\ud83d\udc95\ud83d\udc18\ud83d\udc95",
        "url": "https://t.co/pNijFTBAxX",
        "entities": {
            "url": {
                "urls": [
                    {
                        "url": "https://t.co/pNijFTBAxX",
                        "expanded_url": "http://www.togetherrising.org/donate",
                        "display_url": "togetherrising.org/donate",
                        "indices": [
                            0,
                            23
                        ]
                    }
                ]
            },
            "description": {
                "urls": []
            }
        },
        "protected": false,
        "followers_count": 1784,
        "friends_count": 1699,
        "listed_count": 42,
        "created_at": "Sat May 19 20:38:01 +0000 2007",
        "favourites_count": 88857,
        "utc_offset": null,
        "time_zone": null,
        "geo_enabled": false,
        "verified": false,
        "statuses_count": 37965,
        "lang": "en",
        "contributors_enabled": false,
        "is_translator": false,
        "is_translation_enabled": false,
        "profile_background_color": "9031DE",
        "profile_background_image_url": "http://abs.twimg.com/images/themes/theme10/bg.gif",
        "profile_background_image_url_https": "https://abs.twimg.com/images/themes/theme10/bg.gif",
        "profile_background_tile": true,
        "profile_image_url": "http://pbs.twimg.com/profile_images/1100966774617583617/rffRFz0e_normal.jpg",
        "profile_image_url_https": "https://pbs.twimg.com/profile_images/1100966774617583617/rffRFz0e_normal.jpg",
        "profile_banner_url": "https://pbs.twimg.com/profile_banners/6166402/1551327097",
        "profile_link_color": "3B94D9",
        "profile_sidebar_border_color": "FFFFFF",
        "profile_sidebar_fill_color": "6C1975",
        "profile_text_color": "D13292",
        "profile_use_background_image": true,
        "has_extended_profile": true,
        "default_profile": false,
        "default_profile_image": false,
        "following": null,
        "follow_request_sent": null,
        "notifications": null,
        "translator_type": "none"
    },
    "geo": null,
    "coordinates": null,
    "place": null,
    "contributors": null,
    "is_quote_status": false,
    "retweet_count": 0,
    "favorite_count": 2,
    "favorited": false,
    "retweeted": false,
    "lang": "en"
}