{
    "created_at": "Thu Mar 14 02:15:33 +0000 2019",
    "id": 1106015981497929728,
    "id_str": "1106015981497929728",
    "text": "Eyesores: Areas of city still dealing with blight problem, urban decay https://t.co/PLSnjfneEP",
    "truncated": false,
    "entities": {
        "hashtags": [],
        "symbols": [],
        "user_mentions": [],
        "urls": [
            {
                "url": "https://t.co/PLSnjfneEP",
                "expanded_url": "https://lagniappemobile.com/eyesores-areas-of-city-still-dealing-with-blight-problem-urban-decay/",
                "display_url": "lagniappemobile.com/eyesores-areas\u2026",
                "indices": [
                    71,
                    94
                ]
            }
        ]
    },
    "metadata": {
        "iso_language_code": "en",
        "result_type": "recent"
    },
    "source": "<a href=\"http://twitter.com\" rel=\"nofollow\">Twitter Web Client</a>",
    "in_reply_to_status_id": null,
    "in_reply_to_status_id_str": null,
    "in_reply_to_user_id": null,
    "in_reply_to_user_id_str": null,
    "in_reply_to_screen_name": null,
    "user": {
        "id": 746401003,
        "id_str": "746401003",
        "name": "ChristyGustin1",
        "screen_name": "ChristyGustin1",
        "location": "Mobile, AL",
        "description": "Love historic homes, my family, and my city of #MobileAL #RealEstate #OpinionsMyOwn #LifeLibertyAndThePursuitofHappiness",
        "url": null,
        "entities": {
            "description": {
                "urls": []
            }
        },
        "protected": false,
        "followers_count": 821,
        "friends_count": 536,
        "listed_count": 29,
        "created_at": "Thu Aug 09 02:44:41 +0000 2012",
        "favourites_count": 8176,
        "utc_offset": null,
        "time_zone": null,
        "geo_enabled": true,
        "verified": false,
        "statuses_count": 14821,
        "lang": "en",
        "contributors_enabled": false,
        "is_translator": false,
        "is_translation_enabled": false,
        "profile_background_color": "C0DEED",
        "profile_background_image_url": "http://abs.twimg.com/images/themes/theme1/bg.png",
        "profile_background_image_url_https": "https://abs.twimg.com/images/themes/theme1/bg.png",
        "profile_background_tile": false,
        "profile_image_url": "http://pbs.twimg.com/profile_images/1006487463517478912/k5a0kc76_normal.jpg",
        "profile_image_url_https": "https://pbs.twimg.com/profile_images/1006487463517478912/k5a0kc76_normal.jpg",
        "profile_banner_url": "https://pbs.twimg.com/profile_banners/746401003/1547576304",
        "profile_link_color": "1DA1F2",
        "profile_sidebar_border_color": "C0DEED",
        "profile_sidebar_fill_color": "DDEEF6",
        "profile_text_color": "333333",
        "profile_use_background_image": true,
        "has_extended_profile": false,
        "default_profile": true,
        "default_profile_image": false,
        "following": null,
        "follow_request_sent": null,
        "notifications": null,
        "translator_type": "none"
    },
    "geo": null,
    "coordinates": null,
    "place": null,
    "contributors": null,
    "is_quote_status": false,
    "retweet_count": 1,
    "favorite_count": 1,
    "favorited": false,
    "retweeted": false,
    "possibly_sensitive": false,
    "lang": "en"
}