{
    "created_at": "Thu Mar 14 06:00:35 +0000 2019",
    "id": 1106072611828760577,
    "id_str": "1106072611828760577",
    "text": "Sin after glow palette Urban Decay #maquillaje #belleza #blogger  https://t.co/GkhS4r5Och https://t.co/kMMaIyhOPf",
    "truncated": false,
    "entities": {
        "hashtags": [
            {
                "text": "maquillaje",
                "indices": [
                    35,
                    46
                ]
            },
            {
                "text": "belleza",
                "indices": [
                    47,
                    55
                ]
            },
            {
                "text": "blogger",
                "indices": [
                    56,
                    64
                ]
            }
        ],
        "symbols": [],
        "user_mentions": [],
        "urls": [
            {
                "url": "https://t.co/GkhS4r5Och",
                "expanded_url": "http://blgs.co/W9LT28",
                "display_url": "blgs.co/W9LT28",
                "indices": [
                    66,
                    89
                ]
            }
        ],
        "media": [
            {
                "id": 1106072610289434624,
                "id_str": "1106072610289434624",
                "indices": [
                    90,
                    113
                ],
                "media_url": "http://pbs.twimg.com/media/D1mPLcgXQAA-rJI.jpg",
                "media_url_https": "https://pbs.twimg.com/media/D1mPLcgXQAA-rJI.jpg",
                "url": "https://t.co/kMMaIyhOPf",
                "display_url": "pic.twitter.com/kMMaIyhOPf",
                "expanded_url": "https://twitter.com/Lapruebatodo/status/1106072611828760577/photo/1",
                "type": "photo",
                "sizes": {
                    "large": {
                        "w": 1125,
                        "h": 1402,
                        "resize": "fit"
                    },
                    "thumb": {
                        "w": 150,
                        "h": 150,
                        "resize": "crop"
                    },
                    "medium": {
                        "w": 963,
                        "h": 1200,
                        "resize": "fit"
                    },
                    "small": {
                        "w": 546,
                        "h": 680,
                        "resize": "fit"
                    }
                }
            }
        ]
    },
    "extended_entities": {
        "media": [
            {
                "id": 1106072610289434624,
                "id_str": "1106072610289434624",
                "indices": [
                    90,
                    113
                ],
                "media_url": "http://pbs.twimg.com/media/D1mPLcgXQAA-rJI.jpg",
                "media_url_https": "https://pbs.twimg.com/media/D1mPLcgXQAA-rJI.jpg",
                "url": "https://t.co/kMMaIyhOPf",
                "display_url": "pic.twitter.com/kMMaIyhOPf",
                "expanded_url": "https://twitter.com/Lapruebatodo/status/1106072611828760577/photo/1",
                "type": "photo",
                "sizes": {
                    "large": {
                        "w": 1125,
                        "h": 1402,
                        "resize": "fit"
                    },
                    "thumb": {
                        "w": 150,
                        "h": 150,
                        "resize": "crop"
                    },
                    "medium": {
                        "w": 963,
                        "h": 1200,
                        "resize": "fit"
                    },
                    "small": {
                        "w": 546,
                        "h": 680,
                        "resize": "fit"
                    }
                }
            }
        ]
    },
    "metadata": {
        "iso_language_code": "en",
        "result_type": "recent"
    },
    "source": "<a href=\"https://blogsterapp.com\" rel=\"nofollow\">BlogsterApp</a>",
    "in_reply_to_status_id": null,
    "in_reply_to_status_id_str": null,
    "in_reply_to_user_id": null,
    "in_reply_to_user_id_str": null,
    "in_reply_to_screen_name": null,
    "user": {
        "id": 440349621,
        "id_str": "440349621",
        "name": "Beautyandblogger",
        "screen_name": "Lapruebatodo",
        "location": "Espa\u00f1a",
        "description": "Mar\u00eda. #beautyblogger #makeup #beauty #makeupjunkie #makeuplover Instagram: https://t.co/6WwcxnYVGJ\ud83d\udce8mariahernandeztebar@gmail.com",
        "url": "https://t.co/6WwcxnYVGJ",
        "entities": {
            "url": {
                "urls": [
                    {
                        "url": "https://t.co/6WwcxnYVGJ",
                        "expanded_url": "https://www.instagram.com/tebarmaria_makeup_",
                        "display_url": "instagram.com/tebarmaria_mak\u2026",
                        "indices": [
                            0,
                            23
                        ]
                    }
                ]
            },
            "description": {
                "urls": [
                    {
                        "url": "https://t.co/6WwcxnYVGJ",
                        "expanded_url": "https://www.instagram.com/tebarmaria_makeup_",
                        "display_url": "instagram.com/tebarmaria_mak\u2026",
                        "indices": [
                            76,
                            99
                        ]
                    }
                ]
            }
        },
        "protected": false,
        "followers_count": 3262,
        "friends_count": 597,
        "listed_count": 171,
        "created_at": "Sun Dec 18 21:55:42 +0000 2011",
        "favourites_count": 21718,
        "utc_offset": null,
        "time_zone": null,
        "geo_enabled": true,
        "verified": false,
        "statuses_count": 34424,
        "lang": "es",
        "contributors_enabled": false,
        "is_translator": false,
        "is_translation_enabled": false,
        "profile_background_color": "EEF2F1",
        "profile_background_image_url": "http://abs.twimg.com/images/themes/theme3/bg.gif",
        "profile_background_image_url_https": "https://abs.twimg.com/images/themes/theme3/bg.gif",
        "profile_background_tile": true,
        "profile_image_url": "http://pbs.twimg.com/profile_images/883820889867001856/R00twuo4_normal.jpg",
        "profile_image_url_https": "https://pbs.twimg.com/profile_images/883820889867001856/R00twuo4_normal.jpg",
        "profile_banner_url": "https://pbs.twimg.com/profile_banners/440349621/1464438451",
        "profile_link_color": "F5ABB5",
        "profile_sidebar_border_color": "FFFFFF",
        "profile_sidebar_fill_color": "876854",
        "profile_text_color": "EFC595",
        "profile_use_background_image": true,
        "has_extended_profile": true,
        "default_profile": false,
        "default_profile_image": false,
        "following": null,
        "follow_request_sent": null,
        "notifications": null,
        "translator_type": "none"
    },
    "geo": null,
    "coordinates": null,
    "place": null,
    "contributors": null,
    "is_quote_status": false,
    "retweet_count": 0,
    "favorite_count": 0,
    "favorited": false,
    "retweeted": false,
    "possibly_sensitive": false,
    "lang": "en"
}