{
    "created_at": "Thu Mar 14 11:02:15 +0000 2019",
    "id": 1106148529439948800,
    "id_str": "1106148529439948800",
    "text": "@JimdiGriz1 @Ubisoft @VirtuaCam_ @WeArePSLovers @Urban_Tentacles @PS4shareGIF @gametographers Yes!!! I am as well,\u2026 https://t.co/5bccVCeJJw",
    "truncated": true,
    "entities": {
        "hashtags": [],
        "symbols": [],
        "user_mentions": [
            {
                "screen_name": "JimdiGriz1",
                "name": "Stainless Steel Dudeist Priest",
                "id": 624000263,
                "id_str": "624000263",
                "indices": [
                    0,
                    11
                ]
            },
            {
                "screen_name": "Ubisoft",
                "name": "Ubisoft",
                "id": 14922225,
                "id_str": "14922225",
                "indices": [
                    12,
                    20
                ]
            },
            {
                "screen_name": "VirtuaCam_",
                "name": "VirtuaCam",
                "id": 985212450445328384,
                "id_str": "985212450445328384",
                "indices": [
                    21,
                    32
                ]
            },
            {
                "screen_name": "WeArePSLovers",
                "name": "PS_Lovers",
                "id": 874365606811881473,
                "id_str": "874365606811881473",
                "indices": [
                    33,
                    47
                ]
            },
            {
                "screen_name": "Urban_Tentacles",
                "name": "UrbanTentacles",
                "id": 4026364876,
                "id_str": "4026364876",
                "indices": [
                    48,
                    64
                ]
            },
            {
                "screen_name": "PS4shareGIF",
                "name": "#PS4share",
                "id": 2216212933,
                "id_str": "2216212933",
                "indices": [
                    65,
                    77
                ]
            },
            {
                "screen_name": "gametographers",
                "name": "The Gametographers",
                "id": 934841194202398731,
                "id_str": "934841194202398731",
                "indices": [
                    78,
                    93
                ]
            }
        ],
        "urls": [
            {
                "url": "https://t.co/5bccVCeJJw",
                "expanded_url": "https://twitter.com/i/web/status/1106148529439948800",
                "display_url": "twitter.com/i/web/status/1\u2026",
                "indices": [
                    116,
                    139
                ]
            }
        ]
    },
    "metadata": {
        "iso_language_code": "en",
        "result_type": "recent"
    },
    "source": "<a href=\"http://twitter.com/download/android\" rel=\"nofollow\">Twitter for Android</a>",
    "in_reply_to_status_id": 1106079183455830017,
    "in_reply_to_status_id_str": "1106079183455830017",
    "in_reply_to_user_id": 624000263,
    "in_reply_to_user_id_str": "624000263",
    "in_reply_to_screen_name": "JimdiGriz1",
    "user": {
        "id": 2422691074,
        "id_str": "2422691074",
        "name": "The Art of Virtual Worlds",
        "screen_name": "JordanMcneese",
        "location": "United States",
        "description": "An SVP Founder. Sharing the art of videogames with my virtual photography, always original, going well beyond just games with photo modes.",
        "url": "https://t.co/4rrnulw34n",
        "entities": {
            "url": {
                "urls": [
                    {
                        "url": "https://t.co/4rrnulw34n",
                        "expanded_url": "https://www.instagram.com/The.Art.of.Virtual.Worlds/",
                        "display_url": "instagram.com/The.Art.of.Vir\u2026",
                        "indices": [
                            0,
                            23
                        ]
                    }
                ]
            },
            "description": {
                "urls": []
            }
        },
        "protected": false,
        "followers_count": 361,
        "friends_count": 699,
        "listed_count": 5,
        "created_at": "Wed Mar 19 14:36:41 +0000 2014",
        "favourites_count": 7388,
        "utc_offset": null,
        "time_zone": null,
        "geo_enabled": true,
        "verified": false,
        "statuses_count": 2408,
        "lang": "en",
        "contributors_enabled": false,
        "is_translator": false,
        "is_translation_enabled": false,
        "profile_background_color": "C0DEED",
        "profile_background_image_url": "http://abs.twimg.com/images/themes/theme1/bg.png",
        "profile_background_image_url_https": "https://abs.twimg.com/images/themes/theme1/bg.png",
        "profile_background_tile": false,
        "profile_image_url": "http://pbs.twimg.com/profile_images/863419583079886849/RKZlnOpe_normal.jpg",
        "profile_image_url_https": "https://pbs.twimg.com/profile_images/863419583079886849/RKZlnOpe_normal.jpg",
        "profile_banner_url": "https://pbs.twimg.com/profile_banners/2422691074/1510876066",
        "profile_link_color": "1DA1F2",
        "profile_sidebar_border_color": "C0DEED",
        "profile_sidebar_fill_color": "DDEEF6",
        "profile_text_color": "333333",
        "profile_use_background_image": true,
        "has_extended_profile": false,
        "default_profile": true,
        "default_profile_image": false,
        "following": null,
        "follow_request_sent": null,
        "notifications": null,
        "translator_type": "none"
    },
    "geo": null,
    "coordinates": null,
    "place": null,
    "contributors": null,
    "is_quote_status": false,
    "retweet_count": 0,
    "favorite_count": 1,
    "favorited": false,
    "retweeted": false,
    "lang": "en"
}