{
    "created_at": "Thu Mar 14 05:28:12 +0000 2019",
    "id": 1106064465458536448,
    "id_str": "1106064465458536448",
    "text": "@iamkamiam_ And get the velvetizer from urban decay! You mix that into any foundation and it makes it more full coverage",
    "truncated": false,
    "entities": {
        "hashtags": [],
        "symbols": [],
        "user_mentions": [
            {
                "screen_name": "iamkamiam_",
                "name": "Kam I Am",
                "id": 795895787213438976,
                "id_str": "795895787213438976",
                "indices": [
                    0,
                    11
                ]
            }
        ],
        "urls": []
    },
    "metadata": {
        "iso_language_code": "en",
        "result_type": "recent"
    },
    "source": "<a href=\"http://twitter.com/download/android\" rel=\"nofollow\">Twitter for Android</a>",
    "in_reply_to_status_id": 1106064124935573505,
    "in_reply_to_status_id_str": "1106064124935573505",
    "in_reply_to_user_id": 181668398,
    "in_reply_to_user_id_str": "181668398",
    "in_reply_to_screen_name": "tracyfrancinee",
    "user": {
        "id": 181668398,
        "id_str": "181668398",
        "name": "Tracy Gonzales",
        "screen_name": "tracyfrancinee",
        "location": "San Antonio ",
        "description": "Trombone \ud83c\udfb6\nMusic Education \ud83c\udfb6\ud83c\udfbc\ud83c\udfb9\ud83d\udcda\ud83d\udc69\ud83c\udffd\u200d\ud83c\udf93\nBernie \ud83d\udc95 3/27/15 \ud83d\udc91\ud83d\udc6b\ud83c\udffd\ud83d\udc8d\ud83e\udd35\ud83c\udffd\ud83d\udc70\ud83c\udffd\nBB-8 & R2-D2 \ud83d\ude3b\ud83d\udc31\ud83d\udc08",
        "url": null,
        "entities": {
            "description": {
                "urls": []
            }
        },
        "protected": false,
        "followers_count": 186,
        "friends_count": 155,
        "listed_count": 0,
        "created_at": "Sun Aug 22 19:43:05 +0000 2010",
        "favourites_count": 2374,
        "utc_offset": null,
        "time_zone": null,
        "geo_enabled": false,
        "verified": false,
        "statuses_count": 1633,
        "lang": "en",
        "contributors_enabled": false,
        "is_translator": false,
        "is_translation_enabled": false,
        "profile_background_color": "59472F",
        "profile_background_image_url": "http://abs.twimg.com/images/themes/theme1/bg.png",
        "profile_background_image_url_https": "https://abs.twimg.com/images/themes/theme1/bg.png",
        "profile_background_tile": false,
        "profile_image_url": "http://pbs.twimg.com/profile_images/1097254595905159168/QiInsfxo_normal.jpg",
        "profile_image_url_https": "https://pbs.twimg.com/profile_images/1097254595905159168/QiInsfxo_normal.jpg",
        "profile_banner_url": "https://pbs.twimg.com/profile_banners/181668398/1541049221",
        "profile_link_color": "52555C",
        "profile_sidebar_border_color": "000515",
        "profile_sidebar_fill_color": "061127",
        "profile_text_color": "827972",
        "profile_use_background_image": true,
        "has_extended_profile": true,
        "default_profile": false,
        "default_profile_image": false,
        "following": null,
        "follow_request_sent": null,
        "notifications": null,
        "translator_type": "none"
    },
    "geo": null,
    "coordinates": null,
    "place": null,
    "contributors": null,
    "is_quote_status": false,
    "retweet_count": 0,
    "favorite_count": 0,
    "favorited": false,
    "retweeted": false,
    "lang": "en"
}