{
    "created_at": "Thu Mar 14 12:03:36 +0000 2019",
    "id": 1106163968148758528,
    "id_str": "1106163968148758528",
    "text": "Matalan has launched its own beauty brand and it includes an \u00a38 dupe of Urban Decay's Naked palette\u2026 https://t.co/YWAt9IoVet",
    "truncated": true,
    "entities": {
        "hashtags": [],
        "symbols": [],
        "user_mentions": [],
        "urls": [
            {
                "url": "https://t.co/YWAt9IoVet",
                "expanded_url": "https://twitter.com/i/web/status/1106163968148758528",
                "display_url": "twitter.com/i/web/status/1\u2026",
                "indices": [
                    101,
                    124
                ]
            }
        ]
    },
    "metadata": {
        "iso_language_code": "en",
        "result_type": "recent"
    },
    "source": "<a href=\"https://www.echobox.com\" rel=\"nofollow\">Echobox Social</a>",
    "in_reply_to_status_id": null,
    "in_reply_to_status_id_str": null,
    "in_reply_to_user_id": null,
    "in_reply_to_user_id_str": null,
    "in_reply_to_screen_name": null,
    "user": {
        "id": 22635549,
        "id_str": "22635549",
        "name": "Fabulous",
        "screen_name": "Fabulousmag",
        "location": "London",
        "description": "Follow us for fashion, beauty, celeb and lifestyle news that's fabulous with a capital F \ud83d\udc81",
        "url": "https://t.co/jkENCsjPVQ",
        "entities": {
            "url": {
                "urls": [
                    {
                        "url": "https://t.co/jkENCsjPVQ",
                        "expanded_url": "https://www.thesun.co.uk/fabulous/6700503/",
                        "display_url": "thesun.co.uk/fabulous/67005\u2026",
                        "indices": [
                            0,
                            23
                        ]
                    }
                ]
            },
            "description": {
                "urls": []
            }
        },
        "protected": false,
        "followers_count": 86593,
        "friends_count": 2348,
        "listed_count": 531,
        "created_at": "Tue Mar 03 15:38:50 +0000 2009",
        "favourites_count": 2983,
        "utc_offset": null,
        "time_zone": null,
        "geo_enabled": true,
        "verified": true,
        "statuses_count": 42183,
        "lang": "en",
        "contributors_enabled": false,
        "is_translator": false,
        "is_translation_enabled": false,
        "profile_background_color": "C0DEED",
        "profile_background_image_url": "http://abs.twimg.com/images/themes/theme1/bg.png",
        "profile_background_image_url_https": "https://abs.twimg.com/images/themes/theme1/bg.png",
        "profile_background_tile": true,
        "profile_image_url": "http://pbs.twimg.com/profile_images/1006543035369390080/sWmS9F5Q_normal.jpg",
        "profile_image_url_https": "https://pbs.twimg.com/profile_images/1006543035369390080/sWmS9F5Q_normal.jpg",
        "profile_banner_url": "https://pbs.twimg.com/profile_banners/22635549/1551982866",
        "profile_link_color": "0084B4",
        "profile_sidebar_border_color": "FFFFFF",
        "profile_sidebar_fill_color": "F6F6F6",
        "profile_text_color": "333333",
        "profile_use_background_image": true,
        "has_extended_profile": false,
        "default_profile": false,
        "default_profile_image": false,
        "following": null,
        "follow_request_sent": null,
        "notifications": null,
        "translator_type": "none"
    },
    "geo": null,
    "coordinates": null,
    "place": null,
    "contributors": null,
    "is_quote_status": false,
    "retweet_count": 0,
    "favorite_count": 0,
    "favorited": false,
    "retweeted": false,
    "possibly_sensitive": false,
    "lang": "en"
}