{
    "created_at": "Thu Mar 14 04:44:48 +0000 2019",
    "id": 1106053540391325696,
    "id_str": "1106053540391325696",
    "text": "Urban Decay All Nighter Long-Lasting Makeup Setting\u00a0Spray https://t.co/NCLtmSHoDP https://t.co/SqeLZnHpYm",
    "truncated": false,
    "entities": {
        "hashtags": [],
        "symbols": [],
        "user_mentions": [],
        "urls": [
            {
                "url": "https://t.co/NCLtmSHoDP",
                "expanded_url": "https://www.makeupholicworld.com/2019/03/urban-decay-all-nighter-long-lasting-makeup-setting-spray/",
                "display_url": "makeupholicworld.com/2019/03/urban-\u2026",
                "indices": [
                    58,
                    81
                ]
            }
        ],
        "media": [
            {
                "id": 1106053538516484096,
                "id_str": "1106053538516484096",
                "indices": [
                    82,
                    105
                ],
                "media_url": "http://pbs.twimg.com/media/D1l91UnWwAAqykt.jpg",
                "media_url_https": "https://pbs.twimg.com/media/D1l91UnWwAAqykt.jpg",
                "url": "https://t.co/SqeLZnHpYm",
                "display_url": "pic.twitter.com/SqeLZnHpYm",
                "expanded_url": "https://twitter.com/RenjiAnooj/status/1106053540391325696/photo/1",
                "type": "photo",
                "sizes": {
                    "large": {
                        "w": 1024,
                        "h": 1928,
                        "resize": "fit"
                    },
                    "thumb": {
                        "w": 150,
                        "h": 150,
                        "resize": "crop"
                    },
                    "small": {
                        "w": 361,
                        "h": 680,
                        "resize": "fit"
                    },
                    "medium": {
                        "w": 637,
                        "h": 1200,
                        "resize": "fit"
                    }
                }
            }
        ]
    },
    "extended_entities": {
        "media": [
            {
                "id": 1106053538516484096,
                "id_str": "1106053538516484096",
                "indices": [
                    82,
                    105
                ],
                "media_url": "http://pbs.twimg.com/media/D1l91UnWwAAqykt.jpg",
                "media_url_https": "https://pbs.twimg.com/media/D1l91UnWwAAqykt.jpg",
                "url": "https://t.co/SqeLZnHpYm",
                "display_url": "pic.twitter.com/SqeLZnHpYm",
                "expanded_url": "https://twitter.com/RenjiAnooj/status/1106053540391325696/photo/1",
                "type": "photo",
                "sizes": {
                    "large": {
                        "w": 1024,
                        "h": 1928,
                        "resize": "fit"
                    },
                    "thumb": {
                        "w": 150,
                        "h": 150,
                        "resize": "crop"
                    },
                    "small": {
                        "w": 361,
                        "h": 680,
                        "resize": "fit"
                    },
                    "medium": {
                        "w": 637,
                        "h": 1200,
                        "resize": "fit"
                    }
                }
            }
        ]
    },
    "metadata": {
        "iso_language_code": "en",
        "result_type": "recent"
    },
    "source": "<a href=\"http://publicize.wp.com/\" rel=\"nofollow\">WordPress.com</a>",
    "in_reply_to_status_id": null,
    "in_reply_to_status_id_str": null,
    "in_reply_to_user_id": null,
    "in_reply_to_user_id_str": null,
    "in_reply_to_screen_name": null,
    "user": {
        "id": 63954361,
        "id_str": "63954361",
        "name": "Makeupholic World",
        "screen_name": "RenjiAnooj",
        "location": "Auckland Central, New Zealand",
        "description": "Luxury makeup, skincare & lifestyle blogger :) Day Dreamer, Makeup Obsessed. \n \u00a9All \ud83d\udcf7 are mine. tag @renjianooj & https://t.co/kn8xwTtsRb for retweets",
        "url": "http://t.co/kn8xwTtsRb",
        "entities": {
            "url": {
                "urls": [
                    {
                        "url": "http://t.co/kn8xwTtsRb",
                        "expanded_url": "http://www.makeupholicworld.com",
                        "display_url": "makeupholicworld.com",
                        "indices": [
                            0,
                            22
                        ]
                    }
                ]
            },
            "description": {
                "urls": [
                    {
                        "url": "https://t.co/kn8xwTtsRb",
                        "expanded_url": "http://www.makeupholicworld.com",
                        "display_url": "makeupholicworld.com",
                        "indices": [
                            114,
                            137
                        ]
                    }
                ]
            }
        },
        "protected": false,
        "followers_count": 1328,
        "friends_count": 693,
        "listed_count": 16,
        "created_at": "Sat Aug 08 11:56:10 +0000 2009",
        "favourites_count": 56,
        "utc_offset": null,
        "time_zone": null,
        "geo_enabled": false,
        "verified": false,
        "statuses_count": 4991,
        "lang": "en",
        "contributors_enabled": false,
        "is_translator": false,
        "is_translation_enabled": false,
        "profile_background_color": "000000",
        "profile_background_image_url": "http://abs.twimg.com/images/themes/theme4/bg.gif",
        "profile_background_image_url_https": "https://abs.twimg.com/images/themes/theme4/bg.gif",
        "profile_background_tile": false,
        "profile_image_url": "http://pbs.twimg.com/profile_images/961128257415516160/TAcwuOkd_normal.jpg",
        "profile_image_url_https": "https://pbs.twimg.com/profile_images/961128257415516160/TAcwuOkd_normal.jpg",
        "profile_banner_url": "https://pbs.twimg.com/profile_banners/63954361/1517985833",
        "profile_link_color": "94D487",
        "profile_sidebar_border_color": "000000",
        "profile_sidebar_fill_color": "000000",
        "profile_text_color": "000000",
        "profile_use_background_image": false,
        "has_extended_profile": true,
        "default_profile": false,
        "default_profile_image": false,
        "following": null,
        "follow_request_sent": null,
        "notifications": null,
        "translator_type": "none"
    },
    "geo": null,
    "coordinates": null,
    "place": null,
    "contributors": null,
    "is_quote_status": false,
    "retweet_count": 0,
    "favorite_count": 0,
    "favorited": false,
    "retweeted": false,
    "possibly_sensitive": false,
    "lang": "en"
}