{
    "created_at": "Thu Mar 14 10:04:32 +0000 2019",
    "id": 1106134004250669057,
    "id_str": "1106134004250669057",
    "text": "Voc\u00eas j\u00e1 viram bem a nova paleta da urban decay? Bem.... parece que algu\u00e9m vai dar o rabiosque p intendente",
    "truncated": false,
    "entities": {
        "hashtags": [],
        "symbols": [],
        "user_mentions": [],
        "urls": []
    },
    "metadata": {
        "iso_language_code": "pt",
        "result_type": "recent"
    },
    "source": "<a href=\"http://twitter.com/download/iphone\" rel=\"nofollow\">Twitter for iPhone</a>",
    "in_reply_to_status_id": null,
    "in_reply_to_status_id_str": null,
    "in_reply_to_user_id": null,
    "in_reply_to_user_id_str": null,
    "in_reply_to_screen_name": null,
    "user": {
        "id": 2685179791,
        "id_str": "2685179791",
        "name": "Beatriz",
        "screen_name": "xxd23xxd",
        "location": "",
        "description": "se h\u00e1 drama a gente pinta",
        "url": "https://t.co/Svp6bQs8oo",
        "entities": {
            "url": {
                "urls": [
                    {
                        "url": "https://t.co/Svp6bQs8oo",
                        "expanded_url": "http://Instagram.com/beatriz23bb",
                        "display_url": "Instagram.com/beatriz23bb",
                        "indices": [
                            0,
                            23
                        ]
                    }
                ]
            },
            "description": {
                "urls": []
            }
        },
        "protected": false,
        "followers_count": 213,
        "friends_count": 115,
        "listed_count": 1,
        "created_at": "Sun Jul 27 14:09:56 +0000 2014",
        "favourites_count": 4237,
        "utc_offset": null,
        "time_zone": null,
        "geo_enabled": true,
        "verified": false,
        "statuses_count": 30871,
        "lang": "pt",
        "contributors_enabled": false,
        "is_translator": false,
        "is_translation_enabled": false,
        "profile_background_color": "000000",
        "profile_background_image_url": "http://abs.twimg.com/images/themes/theme1/bg.png",
        "profile_background_image_url_https": "https://abs.twimg.com/images/themes/theme1/bg.png",
        "profile_background_tile": true,
        "profile_image_url": "http://pbs.twimg.com/profile_images/1100324265168158720/gjsUp2vb_normal.jpg",
        "profile_image_url_https": "https://pbs.twimg.com/profile_images/1100324265168158720/gjsUp2vb_normal.jpg",
        "profile_banner_url": "https://pbs.twimg.com/profile_banners/2685179791/1548687517",
        "profile_link_color": "000000",
        "profile_sidebar_border_color": "000000",
        "profile_sidebar_fill_color": "000000",
        "profile_text_color": "000000",
        "profile_use_background_image": true,
        "has_extended_profile": false,
        "default_profile": false,
        "default_profile_image": false,
        "following": null,
        "follow_request_sent": null,
        "notifications": null,
        "translator_type": "none"
    },
    "geo": null,
    "coordinates": null,
    "place": null,
    "contributors": null,
    "is_quote_status": false,
    "retweet_count": 0,
    "favorite_count": 0,
    "favorited": false,
    "retweeted": false,
    "lang": "pt"
}