{
    "created_at": "Thu Mar 14 03:41:49 +0000 2019",
    "id": 1106037690032640000,
    "id_str": "1106037690032640000",
    "text": "@NalexusP I love Urban decay",
    "truncated": false,
    "entities": {
        "hashtags": [],
        "symbols": [],
        "user_mentions": [
            {
                "screen_name": "NalexusP",
                "name": "Lexy Lex. \ud83c\udf39",
                "id": 1099224722687049728,
                "id_str": "1099224722687049728",
                "indices": [
                    0,
                    9
                ]
            }
        ],
        "urls": []
    },
    "metadata": {
        "iso_language_code": "en",
        "result_type": "recent"
    },
    "source": "<a href=\"http://twitter.com/download/iphone\" rel=\"nofollow\">Twitter for iPhone</a>",
    "in_reply_to_status_id": 1106030043552272384,
    "in_reply_to_status_id_str": "1106030043552272384",
    "in_reply_to_user_id": 1099224722687049728,
    "in_reply_to_user_id_str": "1099224722687049728",
    "in_reply_to_screen_name": "NalexusP",
    "user": {
        "id": 101160747,
        "id_str": "101160747",
        "name": "#Deez\ud83d\udc8e",
        "screen_name": "Reaaaalest",
        "location": "In my own lane ",
        "description": "Self made\ud83e\udd17\ud83d\udc96\ud83d\udc81\ud83c\udffd",
        "url": null,
        "entities": {
            "description": {
                "urls": []
            }
        },
        "protected": false,
        "followers_count": 1784,
        "friends_count": 636,
        "listed_count": 5,
        "created_at": "Sat Jan 02 06:57:58 +0000 2010",
        "favourites_count": 3816,
        "utc_offset": null,
        "time_zone": null,
        "geo_enabled": false,
        "verified": false,
        "statuses_count": 65119,
        "lang": "en",
        "contributors_enabled": false,
        "is_translator": false,
        "is_translation_enabled": false,
        "profile_background_color": "FFFFFF",
        "profile_background_image_url": "http://abs.twimg.com/images/themes/theme1/bg.png",
        "profile_background_image_url_https": "https://abs.twimg.com/images/themes/theme1/bg.png",
        "profile_background_tile": false,
        "profile_image_url": "http://pbs.twimg.com/profile_images/1103523236778835969/ZnxqkLv4_normal.jpg",
        "profile_image_url_https": "https://pbs.twimg.com/profile_images/1103523236778835969/ZnxqkLv4_normal.jpg",
        "profile_banner_url": "https://pbs.twimg.com/profile_banners/101160747/1551907890",
        "profile_link_color": "000000",
        "profile_sidebar_border_color": "FFFFFF",
        "profile_sidebar_fill_color": "F48ABC",
        "profile_text_color": "222222",
        "profile_use_background_image": true,
        "has_extended_profile": true,
        "default_profile": false,
        "default_profile_image": false,
        "following": null,
        "follow_request_sent": null,
        "notifications": null,
        "translator_type": "none"
    },
    "geo": null,
    "coordinates": null,
    "place": null,
    "contributors": null,
    "is_quote_status": false,
    "retweet_count": 0,
    "favorite_count": 0,
    "favorited": false,
    "retweeted": false,
    "lang": "en"
}