{
    "created_at": "Thu Mar 14 08:51:40 +0000 2019",
    "id": 1106115665813954560,
    "id_str": "1106115665813954560",
    "text": "RT @ling_wrsc: \u0e27\u0e34\u0e18\u0e35\u0e40\u0e02\u0e35\u0e22\u0e19\u0e04\u0e34\u0e49\u0e27\u0e17\u0e35\u0e48\u0e40\u0e23\u0e32\u0e40\u0e02\u0e35\u0e22\u0e19\u0e17\u0e38\u0e01\u0e27\u0e31\u0e19\n- \u0e43\u0e0a\u0e49\u0e14\u0e34\u0e19\u0e2a\u0e2d\u0e40\u0e02\u0e35\u0e22\u0e19\u0e04\u0e34\u0e49\u0e27\u0e2b\u0e31\u0e27\u0e40\u0e25\u0e47\u0e01\u0e27\u0e32\u0e14\u0e17\u0e49\u0e2d\u0e07\u0e04\u0e34\u0e49\u0e27\n- \u0e43\u0e0a\u0e49\u0e14\u0e34\u0e19\u0e2a\u0e2d\u0e02\u0e35\u0e14\u0e42\u0e04\u0e23\u0e07\u0e14\u0e49\u0e32\u0e19\u0e1a\u0e19\u0e41\u0e25\u0e49\u0e27\u0e2b\u0e31\u0e01\u0e25\u0e07\u0e44\u0e1b\u0e17\u0e35\u0e48\u0e2b\u0e32\u0e07\n- \u0e43\u0e0a\u0e49\u0e17\u0e35\u0e48\u0e40\u0e02\u0e35\u0e22\u0e19\u2026",
    "truncated": false,
    "entities": {
        "hashtags": [],
        "symbols": [],
        "user_mentions": [
            {
                "screen_name": "ling_wrsc",
                "name": "\u0e2b\u0e25\u0e34\u0e07\u0e2b\u0e25\u0e34\u0e07",
                "id": 61928296,
                "id_str": "61928296",
                "indices": [
                    3,
                    13
                ]
            }
        ],
        "urls": []
    },
    "metadata": {
        "iso_language_code": "th",
        "result_type": "recent"
    },
    "source": "<a href=\"http://twitter.com/download/android\" rel=\"nofollow\">Twitter for Android</a>",
    "in_reply_to_status_id": null,
    "in_reply_to_status_id_str": null,
    "in_reply_to_user_id": null,
    "in_reply_to_user_id_str": null,
    "in_reply_to_screen_name": null,
    "user": {
        "id": 812292468909559808,
        "id_str": "812292468909559808",
        "name": "\u0e40\u0e19\u0e22\u0e40\u0e19\u0e48\u0e22\u0e40\u0e19\u0e49\u0e22\u0e40\u0e19\u0e4a\u0e22\u0e40\u0e19\u0e4b\u0e22",
        "screen_name": "nnoeyy_kkhangg",
        "location": "\u0e0a\u0e25\u0e1a\u0e38\u0e23\u0e35, \u0e1b\u0e23\u0e30\u0e40\u0e17\u0e28\u0e44\u0e17\u0e22",
        "description": "",
        "url": null,
        "entities": {
            "description": {
                "urls": []
            }
        },
        "protected": false,
        "followers_count": 7,
        "friends_count": 68,
        "listed_count": 0,
        "created_at": "Fri Dec 23 13:43:11 +0000 2016",
        "favourites_count": 8,
        "utc_offset": null,
        "time_zone": null,
        "geo_enabled": false,
        "verified": false,
        "statuses_count": 60,
        "lang": "th",
        "contributors_enabled": false,
        "is_translator": false,
        "is_translation_enabled": false,
        "profile_background_color": "F5F8FA",
        "profile_background_image_url": null,
        "profile_background_image_url_https": null,
        "profile_background_tile": false,
        "profile_image_url": "http://pbs.twimg.com/profile_images/1104248051579809793/7pxIrlZq_normal.jpg",
        "profile_image_url_https": "https://pbs.twimg.com/profile_images/1104248051579809793/7pxIrlZq_normal.jpg",
        "profile_link_color": "1DA1F2",
        "profile_sidebar_border_color": "C0DEED",
        "profile_sidebar_fill_color": "DDEEF6",
        "profile_text_color": "333333",
        "profile_use_background_image": true,
        "has_extended_profile": true,
        "default_profile": true,
        "default_profile_image": false,
        "following": null,
        "follow_request_sent": null,
        "notifications": null,
        "translator_type": "none"
    },
    "geo": null,
    "coordinates": null,
    "place": null,
    "contributors": null,
    "retweeted_status": {
        "created_at": "Sun Dec 03 18:26:26 +0000 2017",
        "id": 937387567304998912,
        "id_str": "937387567304998912",
        "text": "\u0e27\u0e34\u0e18\u0e35\u0e40\u0e02\u0e35\u0e22\u0e19\u0e04\u0e34\u0e49\u0e27\u0e17\u0e35\u0e48\u0e40\u0e23\u0e32\u0e40\u0e02\u0e35\u0e22\u0e19\u0e17\u0e38\u0e01\u0e27\u0e31\u0e19\n- \u0e43\u0e0a\u0e49\u0e14\u0e34\u0e19\u0e2a\u0e2d\u0e40\u0e02\u0e35\u0e22\u0e19\u0e04\u0e34\u0e49\u0e27\u0e2b\u0e31\u0e27\u0e40\u0e25\u0e47\u0e01\u0e27\u0e32\u0e14\u0e17\u0e49\u0e2d\u0e07\u0e04\u0e34\u0e49\u0e27\n- \u0e43\u0e0a\u0e49\u0e14\u0e34\u0e19\u0e2a\u0e2d\u0e02\u0e35\u0e14\u0e42\u0e04\u0e23\u0e07\u0e14\u0e49\u0e32\u0e19\u0e1a\u0e19\u0e41\u0e25\u0e49\u0e27\u0e2b\u0e31\u0e01\u0e25\u0e07\u0e44\u0e1b\u0e17\u0e35\u0e48\u0e2b\u0e32\u0e07\n- \u0e43\u0e0a\u0e49\u2026 https://t.co/y8ht6ctZKX",
        "truncated": true,
        "entities": {
            "hashtags": [],
            "symbols": [],
            "user_mentions": [],
            "urls": [
                {
                    "url": "https://t.co/y8ht6ctZKX",
                    "expanded_url": "https://twitter.com/i/web/status/937387567304998912",
                    "display_url": "twitter.com/i/web/status/9\u2026",
                    "indices": [
                        117,
                        140
                    ]
                }
            ]
        },
        "metadata": {
            "iso_language_code": "th",
            "result_type": "recent"
        },
        "source": "<a href=\"http://twitter.com/download/iphone\" rel=\"nofollow\">Twitter for iPhone</a>",
        "in_reply_to_status_id": null,
        "in_reply_to_status_id_str": null,
        "in_reply_to_user_id": null,
        "in_reply_to_user_id_str": null,
        "in_reply_to_screen_name": null,
        "user": {
            "id": 61928296,
            "id_str": "61928296",
            "name": "\u0e2b\u0e25\u0e34\u0e07\u0e2b\u0e25\u0e34\u0e07",
            "screen_name": "ling_wrsc",
            "location": "bkk, thailand.",
            "description": "1995. FB : lingling, IG : ling_wrsc \ud83c\udf1e",
            "url": "https://t.co/oCFQafqUFS",
            "entities": {
                "url": {
                    "urls": [
                        {
                            "url": "https://t.co/oCFQafqUFS",
                            "expanded_url": "http://www.linglingstyle.com/",
                            "display_url": "linglingstyle.com",
                            "indices": [
                                0,
                                23
                            ]
                        }
                    ]
                },
                "description": {
                    "urls": []
                }
            },
            "protected": false,
            "followers_count": 69180,
            "friends_count": 395,
            "listed_count": 29,
            "created_at": "Sat Aug 01 01:35:51 +0000 2009",
            "favourites_count": 808,
            "utc_offset": null,
            "time_zone": null,
            "geo_enabled": true,
            "verified": false,
            "statuses_count": 25452,
            "lang": "en",
            "contributors_enabled": false,
            "is_translator": false,
            "is_translation_enabled": false,
            "profile_background_color": "1A1B1F",
            "profile_background_image_url": "http://abs.twimg.com/images/themes/theme9/bg.gif",
            "profile_background_image_url_https": "https://abs.twimg.com/images/themes/theme9/bg.gif",
            "profile_background_tile": false,
            "profile_image_url": "http://pbs.twimg.com/profile_images/1078726416642977793/cWqVEZy9_normal.jpg",
            "profile_image_url_https": "https://pbs.twimg.com/profile_images/1078726416642977793/cWqVEZy9_normal.jpg",
            "profile_banner_url": "https://pbs.twimg.com/profile_banners/61928296/1529331517",
            "profile_link_color": "2FC2EF",
            "profile_sidebar_border_color": "181A1E",
            "profile_sidebar_fill_color": "252429",
            "profile_text_color": "666666",
            "profile_use_background_image": false,
            "has_extended_profile": true,
            "default_profile": false,
            "default_profile_image": false,
            "following": null,
            "follow_request_sent": null,
            "notifications": null,
            "translator_type": "none"
        },
        "geo": null,
        "coordinates": null,
        "place": null,
        "contributors": null,
        "is_quote_status": false,
        "retweet_count": 34450,
        "favorite_count": 14707,
        "favorited": false,
        "retweeted": false,
        "possibly_sensitive": false,
        "lang": "th"
    },
    "is_quote_status": false,
    "retweet_count": 34450,
    "favorite_count": 0,
    "favorited": false,
    "retweeted": false,
    "lang": "th"
}