{
    "created_at": "Thu Mar 14 12:12:24 +0000 2019",
    "id": 1106166184716713985,
    "id_str": "1106166184716713985",
    "text": "@ssamdelicious Mac la base. Urban decay c'est bien mais c'est ch\u00e8re",
    "truncated": false,
    "entities": {
        "hashtags": [],
        "symbols": [],
        "user_mentions": [
            {
                "screen_name": "ssamdelicious",
                "name": "emo ysl\u2122",
                "id": 755476390942806016,
                "id_str": "755476390942806016",
                "indices": [
                    0,
                    14
                ]
            }
        ],
        "urls": []
    },
    "metadata": {
        "iso_language_code": "fr",
        "result_type": "recent"
    },
    "source": "<a href=\"http://twitter.com/download/android\" rel=\"nofollow\">Twitter for Android</a>",
    "in_reply_to_status_id": 1106118303779614722,
    "in_reply_to_status_id_str": "1106118303779614722",
    "in_reply_to_user_id": 755476390942806016,
    "in_reply_to_user_id_str": "755476390942806016",
    "in_reply_to_screen_name": "ssamdelicious",
    "user": {
        "id": 1083095230725922817,
        "id_str": "1083095230725922817",
        "name": "China// \uff8c\u3072\u5200\u30e0\u30ba\u306e\u306e\u30ba'\u4e02 W\uff89\uff77\u4e47",
        "screen_name": "Petty__Jeon",
        "location": "",
        "description": "\ud835\udc11\ud835\udc2e\ud835\udc25\ud835\udc1e \ud835\udc27\ud835\udc2e\ud835\udc26\ud835\udc1b\ud835\udc1e\ud835\udc2b \ud835\udc28\ud835\udc27\ud835\udc1e: \ud835\udc05\ud835\udc28\ud835\udc25\ud835\udc25\ud835\udc28\ud835\udc30 \ud835\udc2d\ud835\udc21\ud835\udc1e \ud835\udc1a\ud835\udc1c\ud835\udc1c\ud835\udc28\ud835\udc2e\ud835\udc27\ud835\udc2d. \ud83d\udcab\n\ud835\ude52\ud835\ude56\ud835\ude5e\ud835\ude69 \ud835\ude56\ud835\ude63\ud835\ude59 \ud835\ude68\ud835\ude5a\ud835\ude5a: \ud835\udc18\ud835\udc28\ud835\udc2e'\ud835\udc25\ud835\udc25 \ud835\udc25\ud835\udc22\ud835\udc24\ud835\udc1e \ud835\udc22\ud835\udc2d.@taehyunci\ud83e\udd70.\n\ud835\ude7c\ud835\udea2 \ud835\ude7f\ud835\ude79\ud835\ude7c @shitsumaki\ud83d\udc49\ud83c\udffe",
        "url": "https://t.co/dPCHnF76Cu",
        "entities": {
            "url": {
                "urls": [
                    {
                        "url": "https://t.co/dPCHnF76Cu",
                        "expanded_url": "http://credit.com",
                        "display_url": "credit.com",
                        "indices": [
                            0,
                            23
                        ]
                    }
                ]
            },
            "description": {
                "urls": []
            }
        },
        "protected": false,
        "followers_count": 511,
        "friends_count": 494,
        "listed_count": 5,
        "created_at": "Wed Jan 09 20:16:40 +0000 2019",
        "favourites_count": 13096,
        "utc_offset": null,
        "time_zone": null,
        "geo_enabled": false,
        "verified": false,
        "statuses_count": 6360,
        "lang": "fr",
        "contributors_enabled": false,
        "is_translator": false,
        "is_translation_enabled": false,
        "profile_background_color": "F5F8FA",
        "profile_background_image_url": null,
        "profile_background_image_url_https": null,
        "profile_background_tile": false,
        "profile_image_url": "http://pbs.twimg.com/profile_images/1103746608074768385/rjm0Oi8s_normal.jpg",
        "profile_image_url_https": "https://pbs.twimg.com/profile_images/1103746608074768385/rjm0Oi8s_normal.jpg",
        "profile_banner_url": "https://pbs.twimg.com/profile_banners/1083095230725922817/1552493944",
        "profile_link_color": "1DA1F2",
        "profile_sidebar_border_color": "C0DEED",
        "profile_sidebar_fill_color": "DDEEF6",
        "profile_text_color": "333333",
        "profile_use_background_image": true,
        "has_extended_profile": true,
        "default_profile": true,
        "default_profile_image": false,
        "following": null,
        "follow_request_sent": null,
        "notifications": null,
        "translator_type": "none"
    },
    "geo": null,
    "coordinates": null,
    "place": null,
    "contributors": null,
    "is_quote_status": false,
    "retweet_count": 0,
    "favorite_count": 0,
    "favorited": false,
    "retweeted": false,
    "lang": "fr"
}