{
    "created_at": "Thu Mar 14 13:27:11 +0000 2019",
    "id": 1106185002646044672,
    "id_str": "1106185002646044672",
    "text": "im kinda tempted to order urban decay's chill setting spray but i need options kasi it's really pricey huhu",
    "truncated": false,
    "entities": {
        "hashtags": [],
        "symbols": [],
        "user_mentions": [],
        "urls": []
    },
    "metadata": {
        "iso_language_code": "en",
        "result_type": "recent"
    },
    "source": "<a href=\"https://mobile.twitter.com\" rel=\"nofollow\">Twitter Web App</a>",
    "in_reply_to_status_id": 1106180476765560832,
    "in_reply_to_status_id_str": "1106180476765560832",
    "in_reply_to_user_id": 327413188,
    "in_reply_to_user_id_str": "327413188",
    "in_reply_to_screen_name": "jak0ltimelow",
    "user": {
        "id": 327413188,
        "id_str": "327413188",
        "name": "PEACHY B0I #DEFENDPRESSFREEDOM",
        "screen_name": "jak0ltimelow",
        "location": "behind you",
        "description": "Aspiring millenial goth Katipunera \ud83d\udda4\nhttps://t.co/9bCpUEXMg6",
        "url": "https://t.co/hXyv3qOCXl",
        "entities": {
            "url": {
                "urls": [
                    {
                        "url": "https://t.co/hXyv3qOCXl",
                        "expanded_url": "http://curiouscat.me/hailkingodri666",
                        "display_url": "curiouscat.me/hailkingodri666",
                        "indices": [
                            0,
                            23
                        ]
                    }
                ]
            },
            "description": {
                "urls": [
                    {
                        "url": "https://t.co/9bCpUEXMg6",
                        "expanded_url": "http://paypal.me/fantomecurieux",
                        "display_url": "paypal.me/fantomecurieux",
                        "indices": [
                            37,
                            60
                        ]
                    }
                ]
            }
        },
        "protected": false,
        "followers_count": 1583,
        "friends_count": 2541,
        "listed_count": 14,
        "created_at": "Fri Jul 01 14:39:57 +0000 2011",
        "favourites_count": 119434,
        "utc_offset": null,
        "time_zone": null,
        "geo_enabled": true,
        "verified": false,
        "statuses_count": 123677,
        "lang": "en",
        "contributors_enabled": false,
        "is_translator": false,
        "is_translation_enabled": false,
        "profile_background_color": "1A1B1F",
        "profile_background_image_url": "http://abs.twimg.com/images/themes/theme9/bg.gif",
        "profile_background_image_url_https": "https://abs.twimg.com/images/themes/theme9/bg.gif",
        "profile_background_tile": true,
        "profile_image_url": "http://pbs.twimg.com/profile_images/1104224912422498305/25vnOL7d_normal.jpg",
        "profile_image_url_https": "https://pbs.twimg.com/profile_images/1104224912422498305/25vnOL7d_normal.jpg",
        "profile_banner_url": "https://pbs.twimg.com/profile_banners/327413188/1540107852",
        "profile_link_color": "103642",
        "profile_sidebar_border_color": "000000",
        "profile_sidebar_fill_color": "252429",
        "profile_text_color": "666666",
        "profile_use_background_image": true,
        "has_extended_profile": true,
        "default_profile": false,
        "default_profile_image": false,
        "following": null,
        "follow_request_sent": null,
        "notifications": null,
        "translator_type": "none"
    },
    "geo": null,
    "coordinates": null,
    "place": null,
    "contributors": null,
    "is_quote_status": false,
    "retweet_count": 0,
    "favorite_count": 0,
    "favorited": false,
    "retweeted": false,
    "lang": "en"
}