{
    "created_at": "Thu Mar 14 05:05:45 +0000 2019",
    "id": 1106058814564913153,
    "id_str": "1106058814564913153",
    "text": "Sepenggal Jaraknya\n\n#urban  #urbanart  #urbanoutfitters  #urbandecay  #urbangangfamily  #urbanexploration  #urbano\u2026 https://t.co/fW6XAl7guN",
    "truncated": true,
    "entities": {
        "hashtags": [
            {
                "text": "urban",
                "indices": [
                    20,
                    26
                ]
            },
            {
                "text": "urbanart",
                "indices": [
                    28,
                    37
                ]
            },
            {
                "text": "urbanoutfitters",
                "indices": [
                    39,
                    55
                ]
            },
            {
                "text": "urbandecay",
                "indices": [
                    57,
                    68
                ]
            },
            {
                "text": "urbangangfamily",
                "indices": [
                    70,
                    86
                ]
            },
            {
                "text": "urbanexploration",
                "indices": [
                    88,
                    105
                ]
            },
            {
                "text": "urbano",
                "indices": [
                    107,
                    114
                ]
            }
        ],
        "symbols": [],
        "user_mentions": [],
        "urls": [
            {
                "url": "https://t.co/fW6XAl7guN",
                "expanded_url": "https://twitter.com/i/web/status/1106058814564913153",
                "display_url": "twitter.com/i/web/status/1\u2026",
                "indices": [
                    116,
                    139
                ]
            }
        ]
    },
    "metadata": {
        "iso_language_code": "in",
        "result_type": "recent"
    },
    "source": "<a href=\"http://twitter.com/download/android\" rel=\"nofollow\">Twitter for Android</a>",
    "in_reply_to_status_id": null,
    "in_reply_to_status_id_str": null,
    "in_reply_to_user_id": null,
    "in_reply_to_user_id_str": null,
    "in_reply_to_screen_name": null,
    "user": {
        "id": 1106049692196958210,
        "id_str": "1106049692196958210",
        "name": "Razez",
        "screen_name": "Razez8",
        "location": "Delanggu, Indonesia",
        "description": "\u0661\u0660 \u0630\u0648 \u0627\u0644\u062d\u062c\u0629 \u0661\u0664\u0662\u0662\n\nIbadah,Mangan,Mekaryo",
        "url": null,
        "entities": {
            "description": {
                "urls": []
            }
        },
        "protected": false,
        "followers_count": 3,
        "friends_count": 6,
        "listed_count": 0,
        "created_at": "Thu Mar 14 04:29:30 +0000 2019",
        "favourites_count": 1,
        "utc_offset": null,
        "time_zone": null,
        "geo_enabled": true,
        "verified": false,
        "statuses_count": 3,
        "lang": "id",
        "contributors_enabled": false,
        "is_translator": false,
        "is_translation_enabled": false,
        "profile_background_color": "F5F8FA",
        "profile_background_image_url": null,
        "profile_background_image_url_https": null,
        "profile_background_tile": false,
        "profile_image_url": "http://pbs.twimg.com/profile_images/1106052882170671110/kb_aarKr_normal.jpg",
        "profile_image_url_https": "https://pbs.twimg.com/profile_images/1106052882170671110/kb_aarKr_normal.jpg",
        "profile_banner_url": "https://pbs.twimg.com/profile_banners/1106049692196958210/1552538194",
        "profile_link_color": "1DA1F2",
        "profile_sidebar_border_color": "C0DEED",
        "profile_sidebar_fill_color": "DDEEF6",
        "profile_text_color": "333333",
        "profile_use_background_image": true,
        "has_extended_profile": false,
        "default_profile": true,
        "default_profile_image": false,
        "following": null,
        "follow_request_sent": null,
        "notifications": null,
        "translator_type": "none"
    },
    "geo": null,
    "coordinates": null,
    "place": {
        "id": "07d9ed8652c85001",
        "url": "https://api.twitter.com/1.1/geo/id/07d9ed8652c85001.json",
        "place_type": "poi",
        "name": "New Selo",
        "full_name": "New Selo",
        "country_code": "ID",
        "country": "Indonesia",
        "contained_within": [],
        "bounding_box": {
            "type": "Polygon",
            "coordinates": [
                [
                    [
                        110.45274496078491,
                        -7.515789329540877
                    ],
                    [
                        110.45274496078491,
                        -7.515789329540877
                    ],
                    [
                        110.45274496078491,
                        -7.515789329540877
                    ],
                    [
                        110.45274496078491,
                        -7.515789329540877
                    ]
                ]
            ]
        },
        "attributes": {}
    },
    "contributors": null,
    "is_quote_status": false,
    "retweet_count": 0,
    "favorite_count": 0,
    "favorited": false,
    "retweeted": false,
    "possibly_sensitive": false,
    "lang": "in"
}