{
    "created_at": "Thu Mar 14 02:40:48 +0000 2019",
    "id": 1106022336275243009,
    "id_str": "1106022336275243009",
    "text": "Check out what I just added to my closet on Poshmark: Urban Decay Setting Spray &amp; Smashbox Primer Duo.\u2026 https://t.co/TnnDN9Zdk3",
    "truncated": true,
    "entities": {
        "hashtags": [],
        "symbols": [],
        "user_mentions": [],
        "urls": [
            {
                "url": "https://t.co/TnnDN9Zdk3",
                "expanded_url": "https://twitter.com/i/web/status/1106022336275243009",
                "display_url": "twitter.com/i/web/status/1\u2026",
                "indices": [
                    108,
                    131
                ]
            }
        ]
    },
    "metadata": {
        "iso_language_code": "en",
        "result_type": "recent"
    },
    "source": "<a href=\"http://poshmark.com/\" rel=\"nofollow\">Poshmark</a>",
    "in_reply_to_status_id": null,
    "in_reply_to_status_id_str": null,
    "in_reply_to_user_id": null,
    "in_reply_to_user_id_str": null,
    "in_reply_to_screen_name": null,
    "user": {
        "id": 714547012197302272,
        "id_str": "714547012197302272",
        "name": "Liana Veronica",
        "screen_name": "LooksByLi",
        "location": "New York, USA",
        "description": "Blogger and Arbonne Consultant / Youtuber at Liana Veronica / IG: @libutterfly / Poshmark closet: libutterfly / shop my store @ https://t.co/HTDG2b1YTV",
        "url": "https://t.co/HTDG2b1YTV",
        "entities": {
            "url": {
                "urls": [
                    {
                        "url": "https://t.co/HTDG2b1YTV",
                        "expanded_url": "http://lianaroa.arbonne.com",
                        "display_url": "lianaroa.arbonne.com",
                        "indices": [
                            0,
                            23
                        ]
                    }
                ]
            },
            "description": {
                "urls": [
                    {
                        "url": "https://t.co/HTDG2b1YTV",
                        "expanded_url": "http://lianaroa.arbonne.com",
                        "display_url": "lianaroa.arbonne.com",
                        "indices": [
                            128,
                            151
                        ]
                    }
                ]
            }
        },
        "protected": false,
        "followers_count": 1358,
        "friends_count": 2474,
        "listed_count": 55,
        "created_at": "Mon Mar 28 20:17:38 +0000 2016",
        "favourites_count": 2160,
        "utc_offset": null,
        "time_zone": null,
        "geo_enabled": false,
        "verified": false,
        "statuses_count": 13147,
        "lang": "en",
        "contributors_enabled": false,
        "is_translator": false,
        "is_translation_enabled": false,
        "profile_background_color": "000000",
        "profile_background_image_url": "http://abs.twimg.com/images/themes/theme1/bg.png",
        "profile_background_image_url_https": "https://abs.twimg.com/images/themes/theme1/bg.png",
        "profile_background_tile": false,
        "profile_image_url": "http://pbs.twimg.com/profile_images/881170586222952448/d_k1wat5_normal.jpg",
        "profile_image_url_https": "https://pbs.twimg.com/profile_images/881170586222952448/d_k1wat5_normal.jpg",
        "profile_banner_url": "https://pbs.twimg.com/profile_banners/714547012197302272/1461776406",
        "profile_link_color": "F58EA8",
        "profile_sidebar_border_color": "000000",
        "profile_sidebar_fill_color": "000000",
        "profile_text_color": "000000",
        "profile_use_background_image": false,
        "has_extended_profile": false,
        "default_profile": false,
        "default_profile_image": false,
        "following": null,
        "follow_request_sent": null,
        "notifications": null,
        "translator_type": "none"
    },
    "geo": null,
    "coordinates": null,
    "place": null,
    "contributors": null,
    "is_quote_status": false,
    "retweet_count": 0,
    "favorite_count": 0,
    "favorited": false,
    "retweeted": false,
    "possibly_sensitive": false,
    "lang": "en"
}