{
    "created_at": "Thu Mar 14 13:04:52 +0000 2019",
    "id": 1106179387513282560,
    "id_str": "1106179387513282560",
    "text": "RT @VixenKing: Vos rois avait fond de teint, talons et perruques et personne ne disait qu'ils ressemblaient \u00e0 des femmes.\nIl porte maquilla\u2026",
    "truncated": false,
    "entities": {
        "hashtags": [],
        "symbols": [],
        "user_mentions": [
            {
                "screen_name": "VixenKing",
                "name": "Horny dieu ni ma\u00eetre.",
                "id": 2181988699,
                "id_str": "2181988699",
                "indices": [
                    3,
                    13
                ]
            }
        ],
        "urls": []
    },
    "metadata": {
        "iso_language_code": "fr",
        "result_type": "recent"
    },
    "source": "<a href=\"http://twitter.com/download/iphone\" rel=\"nofollow\">Twitter for iPhone</a>",
    "in_reply_to_status_id": null,
    "in_reply_to_status_id_str": null,
    "in_reply_to_user_id": null,
    "in_reply_to_user_id_str": null,
    "in_reply_to_screen_name": null,
    "user": {
        "id": 554721733,
        "id_str": "554721733",
        "name": "thunderstorm \u26a1\ufe0f",
        "screen_name": "_avadakedevra",
        "location": "\ud83c\udff4\udb40\udc67\udb40\udc62\udb40\udc77\udb40\udc6c\udb40\udc73\udb40\udc7f\ud83c\udff3\ufe0f\u200d\ud83c\udf08\ud83c\uddeb\ud83c\uddf7",
        "description": "\u2192 french | english student | 20yo | take super hot showers to practice burning in hell | winamour \ud83d\udc98; sheriarty's nerds\ud83c\udf4d",
        "url": "https://t.co/5381dzzZ8t",
        "entities": {
            "url": {
                "urls": [
                    {
                        "url": "https://t.co/5381dzzZ8t",
                        "expanded_url": "http://avadakedevra.tumblr.com/",
                        "display_url": "avadakedevra.tumblr.com",
                        "indices": [
                            0,
                            23
                        ]
                    }
                ]
            },
            "description": {
                "urls": []
            }
        },
        "protected": false,
        "followers_count": 672,
        "friends_count": 391,
        "listed_count": 1,
        "created_at": "Sun Apr 15 23:48:47 +0000 2012",
        "favourites_count": 15520,
        "utc_offset": null,
        "time_zone": null,
        "geo_enabled": false,
        "verified": false,
        "statuses_count": 24107,
        "lang": "fr",
        "contributors_enabled": false,
        "is_translator": false,
        "is_translation_enabled": false,
        "profile_background_color": "EAEAEA",
        "profile_background_image_url": "http://abs.twimg.com/images/themes/theme1/bg.png",
        "profile_background_image_url_https": "https://abs.twimg.com/images/themes/theme1/bg.png",
        "profile_background_tile": true,
        "profile_image_url": "http://pbs.twimg.com/profile_images/1102767656279650304/i1NsCXGi_normal.png",
        "profile_image_url_https": "https://pbs.twimg.com/profile_images/1102767656279650304/i1NsCXGi_normal.png",
        "profile_banner_url": "https://pbs.twimg.com/profile_banners/554721733/1547835219",
        "profile_link_color": "7FDBB6",
        "profile_sidebar_border_color": "FFFFFF",
        "profile_sidebar_fill_color": "DDEEF6",
        "profile_text_color": "333333",
        "profile_use_background_image": true,
        "has_extended_profile": false,
        "default_profile": false,
        "default_profile_image": false,
        "following": null,
        "follow_request_sent": null,
        "notifications": null,
        "translator_type": "regular"
    },
    "geo": null,
    "coordinates": null,
    "place": null,
    "contributors": null,
    "retweeted_status": {
        "created_at": "Tue Jan 29 18:31:35 +0000 2019",
        "id": 1090316543718772738,
        "id_str": "1090316543718772738",
        "text": "Vos rois avait fond de teint, talons et perruques et personne ne disait qu'ils ressemblaient \u00e0 des femmes.\nIl porte\u2026 https://t.co/eRl87VwNqa",
        "truncated": true,
        "entities": {
            "hashtags": [],
            "symbols": [],
            "user_mentions": [],
            "urls": [
                {
                    "url": "https://t.co/eRl87VwNqa",
                    "expanded_url": "https://twitter.com/i/web/status/1090316543718772738",
                    "display_url": "twitter.com/i/web/status/1\u2026",
                    "indices": [
                        117,
                        140
                    ]
                }
            ]
        },
        "metadata": {
            "iso_language_code": "fr",
            "result_type": "recent"
        },
        "source": "<a href=\"http://twitter.com/download/android\" rel=\"nofollow\">Twitter for Android</a>",
        "in_reply_to_status_id": null,
        "in_reply_to_status_id_str": null,
        "in_reply_to_user_id": null,
        "in_reply_to_user_id_str": null,
        "in_reply_to_screen_name": null,
        "user": {
            "id": 2181988699,
            "id_str": "2181988699",
            "name": "Horny dieu ni ma\u00eetre.",
            "screen_name": "VixenKing",
            "location": "Hit sunt dracones",
            "description": "Rapha\u00ebl, animal & trans activist, fox enthusiast \ud83e\udd8a Le beau p\u00e8re queer de ta TL. \n[ pp par @Cannibanouk !]",
            "url": "https://t.co/8S5ZKNL9jE",
            "entities": {
                "url": {
                    "urls": [
                        {
                            "url": "https://t.co/8S5ZKNL9jE",
                            "expanded_url": "https://curiouscat.me/VixenKing",
                            "display_url": "curiouscat.me/VixenKing",
                            "indices": [
                                0,
                                23
                            ]
                        }
                    ]
                },
                "description": {
                    "urls": []
                }
            },
            "protected": false,
            "followers_count": 1284,
            "friends_count": 252,
            "listed_count": 77,
            "created_at": "Fri Nov 08 11:03:31 +0000 2013",
            "favourites_count": 43463,
            "utc_offset": null,
            "time_zone": null,
            "geo_enabled": false,
            "verified": false,
            "statuses_count": 94685,
            "lang": "fr",
            "contributors_enabled": false,
            "is_translator": false,
            "is_translation_enabled": false,
            "profile_background_color": "3B94D9",
            "profile_background_image_url": "http://abs.twimg.com/images/themes/theme1/bg.png",
            "profile_background_image_url_https": "https://abs.twimg.com/images/themes/theme1/bg.png",
            "profile_background_tile": true,
            "profile_image_url": "http://pbs.twimg.com/profile_images/1099056003465789441/4RbqG6Hw_normal.jpg",
            "profile_image_url_https": "https://pbs.twimg.com/profile_images/1099056003465789441/4RbqG6Hw_normal.jpg",
            "profile_banner_url": "https://pbs.twimg.com/profile_banners/2181988699/1551645453",
            "profile_link_color": "FF691F",
            "profile_sidebar_border_color": "000000",
            "profile_sidebar_fill_color": "0E0E0E",
            "profile_text_color": "29476B",
            "profile_use_background_image": true,
            "has_extended_profile": true,
            "default_profile": false,
            "default_profile_image": false,
            "following": null,
            "follow_request_sent": null,
            "notifications": null,
            "translator_type": "none"
        },
        "geo": null,
        "coordinates": null,
        "place": null,
        "contributors": null,
        "is_quote_status": true,
        "quoted_status_id": 1090239620229541888,
        "quoted_status_id_str": "1090239620229541888",
        "quoted_status": {
            "created_at": "Tue Jan 29 13:25:55 +0000 2019",
            "id": 1090239620229541888,
            "id_str": "1090239620229541888",
            "text": "@franceinfo Son homosexualit\u00e9 ne nous d\u00e9range pas ! Mais alors pourquoi se d\u00e9guiser en Femme ?  L'homosexualit\u00e9 par\u2026 https://t.co/etX5Y3Mdpi",
            "truncated": true,
            "entities": {
                "hashtags": [],
                "symbols": [],
                "user_mentions": [
                    {
                        "screen_name": "franceinfo",
                        "name": "franceinfo",
                        "id": 38395124,
                        "id_str": "38395124",
                        "indices": [
                            0,
                            11
                        ]
                    }
                ],
                "urls": [
                    {
                        "url": "https://t.co/etX5Y3Mdpi",
                        "expanded_url": "https://twitter.com/i/web/status/1090239620229541888",
                        "display_url": "twitter.com/i/web/status/1\u2026",
                        "indices": [
                            117,
                            140
                        ]
                    }
                ]
            },
            "metadata": {
                "iso_language_code": "fr",
                "result_type": "recent"
            },
            "source": "<a href=\"http://twitter.com\" rel=\"nofollow\">Twitter Web Client</a>",
            "in_reply_to_status_id": 1090231082983641088,
            "in_reply_to_status_id_str": "1090231082983641088",
            "in_reply_to_user_id": 38395124,
            "in_reply_to_user_id_str": "38395124",
            "in_reply_to_screen_name": "franceinfo",
            "user": {
                "id": 1068521930112651264,
                "id_str": "1068521930112651264",
                "name": "SETA  Maurice",
                "screen_name": "SetaMaurice",
                "location": "Ajaccio, France",
                "description": "",
                "url": null,
                "entities": {
                    "description": {
                        "urls": []
                    }
                },
                "protected": false,
                "followers_count": 8,
                "friends_count": 14,
                "listed_count": 0,
                "created_at": "Fri Nov 30 15:07:35 +0000 2018",
                "favourites_count": 231,
                "utc_offset": null,
                "time_zone": null,
                "geo_enabled": false,
                "verified": false,
                "statuses_count": 438,
                "lang": "fr",
                "contributors_enabled": false,
                "is_translator": false,
                "is_translation_enabled": false,
                "profile_background_color": "000000",
                "profile_background_image_url": "http://abs.twimg.com/images/themes/theme1/bg.png",
                "profile_background_image_url_https": "https://abs.twimg.com/images/themes/theme1/bg.png",
                "profile_background_tile": false,
                "profile_image_url": "http://pbs.twimg.com/profile_images/1068622656705040384/LcnC8s4s_normal.jpg",
                "profile_image_url_https": "https://pbs.twimg.com/profile_images/1068622656705040384/LcnC8s4s_normal.jpg",
                "profile_banner_url": "https://pbs.twimg.com/profile_banners/1068521930112651264/1543614912",
                "profile_link_color": "19CF86",
                "profile_sidebar_border_color": "000000",
                "profile_sidebar_fill_color": "000000",
                "profile_text_color": "000000",
                "profile_use_background_image": false,
                "has_extended_profile": true,
                "default_profile": false,
                "default_profile_image": false,
                "following": null,
                "follow_request_sent": null,
                "notifications": null,
                "translator_type": "none"
            },
            "geo": null,
            "coordinates": null,
            "place": null,
            "contributors": null,
            "is_quote_status": false,
            "retweet_count": 0,
            "favorite_count": 2,
            "favorited": false,
            "retweeted": false,
            "lang": "fr"
        },
        "retweet_count": 770,
        "favorite_count": 1806,
        "favorited": false,
        "retweeted": false,
        "possibly_sensitive": false,
        "lang": "fr"
    },
    "is_quote_status": true,
    "quoted_status_id": 1090239620229541888,
    "quoted_status_id_str": "1090239620229541888",
    "retweet_count": 770,
    "favorite_count": 0,
    "favorited": false,
    "retweeted": false,
    "lang": "fr"
}