{
    "created_at": "Thu Mar 14 06:26:01 +0000 2019",
    "id": 1106079013196439552,
    "id_str": "1106079013196439552",
    "text": "RT @lauracrda: @so_mkb URBAN DECAY - ASOS (mais souvent + cher que la marque sur le site off)",
    "truncated": false,
    "entities": {
        "hashtags": [],
        "symbols": [],
        "user_mentions": [
            {
                "screen_name": "lauracrda",
                "name": "Laura \ud83c\udf6c",
                "id": 1076852706130780161,
                "id_str": "1076852706130780161",
                "indices": [
                    3,
                    13
                ]
            },
            {
                "screen_name": "so_mkb",
                "name": "ALG\u00c9RIEN  \u270c \u262a",
                "id": 2309828010,
                "id_str": "2309828010",
                "indices": [
                    15,
                    22
                ]
            }
        ],
        "urls": []
    },
    "metadata": {
        "iso_language_code": "fr",
        "result_type": "recent"
    },
    "source": "<a href=\"http://twitter.com/download/iphone\" rel=\"nofollow\">Twitter for iPhone</a>",
    "in_reply_to_status_id": null,
    "in_reply_to_status_id_str": null,
    "in_reply_to_user_id": null,
    "in_reply_to_user_id_str": null,
    "in_reply_to_screen_name": null,
    "user": {
        "id": 748861284104433664,
        "id_str": "748861284104433664",
        "name": "G.O.A.T Lothbrock.",
        "screen_name": "MarloDembouz",
        "location": "Winchester dans le Wessex",
        "description": "De Baltimore \ud83c\uddfa\ud83c\uddf8 \u00e0 Touba \ud83c\uddec\ud83c\uddf3",
        "url": null,
        "entities": {
            "description": {
                "urls": []
            }
        },
        "protected": false,
        "followers_count": 141,
        "friends_count": 197,
        "listed_count": 6,
        "created_at": "Fri Jul 01 12:50:18 +0000 2016",
        "favourites_count": 10964,
        "utc_offset": null,
        "time_zone": null,
        "geo_enabled": true,
        "verified": false,
        "statuses_count": 11131,
        "lang": "fr",
        "contributors_enabled": false,
        "is_translator": false,
        "is_translation_enabled": false,
        "profile_background_color": "F5F8FA",
        "profile_background_image_url": null,
        "profile_background_image_url_https": null,
        "profile_background_tile": false,
        "profile_image_url": "http://pbs.twimg.com/profile_images/1089528493115916288/BWl0hXBd_normal.jpg",
        "profile_image_url_https": "https://pbs.twimg.com/profile_images/1089528493115916288/BWl0hXBd_normal.jpg",
        "profile_banner_url": "https://pbs.twimg.com/profile_banners/748861284104433664/1549971850",
        "profile_link_color": "1DA1F2",
        "profile_sidebar_border_color": "C0DEED",
        "profile_sidebar_fill_color": "DDEEF6",
        "profile_text_color": "333333",
        "profile_use_background_image": true,
        "has_extended_profile": true,
        "default_profile": true,
        "default_profile_image": false,
        "following": null,
        "follow_request_sent": null,
        "notifications": null,
        "translator_type": "none"
    },
    "geo": null,
    "coordinates": null,
    "place": null,
    "contributors": null,
    "retweeted_status": {
        "created_at": "Wed Mar 13 21:56:24 +0000 2019",
        "id": 1105950763686260742,
        "id_str": "1105950763686260742",
        "text": "@so_mkb URBAN DECAY - ASOS (mais souvent + cher que la marque sur le site off)",
        "truncated": false,
        "entities": {
            "hashtags": [],
            "symbols": [],
            "user_mentions": [
                {
                    "screen_name": "so_mkb",
                    "name": "ALG\u00c9RIEN  \u270c \u262a",
                    "id": 2309828010,
                    "id_str": "2309828010",
                    "indices": [
                        0,
                        7
                    ]
                }
            ],
            "urls": []
        },
        "metadata": {
            "iso_language_code": "fr",
            "result_type": "recent"
        },
        "source": "<a href=\"http://twitter.com/download/iphone\" rel=\"nofollow\">Twitter for iPhone</a>",
        "in_reply_to_status_id": 1105944895146156033,
        "in_reply_to_status_id_str": "1105944895146156033",
        "in_reply_to_user_id": 2309828010,
        "in_reply_to_user_id_str": "2309828010",
        "in_reply_to_screen_name": "so_mkb",
        "user": {
            "id": 1076852706130780161,
            "id_str": "1076852706130780161",
            "name": "Laura \ud83c\udf6c",
            "screen_name": "lauracrda",
            "location": "Lyon, France",
            "description": "aussi sucr\u00e9e qu\u2019un bonbec",
            "url": null,
            "entities": {
                "description": {
                    "urls": []
                }
            },
            "protected": false,
            "followers_count": 119,
            "friends_count": 184,
            "listed_count": 0,
            "created_at": "Sun Dec 23 14:51:06 +0000 2018",
            "favourites_count": 583,
            "utc_offset": null,
            "time_zone": null,
            "geo_enabled": true,
            "verified": false,
            "statuses_count": 855,
            "lang": "en",
            "contributors_enabled": false,
            "is_translator": false,
            "is_translation_enabled": false,
            "profile_background_color": "F5F8FA",
            "profile_background_image_url": null,
            "profile_background_image_url_https": null,
            "profile_background_tile": false,
            "profile_image_url": "http://pbs.twimg.com/profile_images/1103785731246485507/QAyfp2cQ_normal.jpg",
            "profile_image_url_https": "https://pbs.twimg.com/profile_images/1103785731246485507/QAyfp2cQ_normal.jpg",
            "profile_banner_url": "https://pbs.twimg.com/profile_banners/1076852706130780161/1550963753",
            "profile_link_color": "1DA1F2",
            "profile_sidebar_border_color": "C0DEED",
            "profile_sidebar_fill_color": "DDEEF6",
            "profile_text_color": "333333",
            "profile_use_background_image": true,
            "has_extended_profile": true,
            "default_profile": true,
            "default_profile_image": false,
            "following": null,
            "follow_request_sent": null,
            "notifications": null,
            "translator_type": "none"
        },
        "geo": null,
        "coordinates": null,
        "place": null,
        "contributors": null,
        "is_quote_status": false,
        "retweet_count": 1,
        "favorite_count": 3,
        "favorited": false,
        "retweeted": false,
        "lang": "fr"
    },
    "is_quote_status": false,
    "retweet_count": 1,
    "favorite_count": 0,
    "favorited": false,
    "retweeted": false,
    "lang": "fr"
}