{
    "created_at": "Thu Mar 14 13:01:31 +0000 2019",
    "id": 1106178546576297984,
    "id_str": "1106178546576297984",
    "text": "Had a solid amount of makeup related puns at DnD last night - this is my space and I will force these grown ass man\u2026 https://t.co/UgEbbfzN8F",
    "truncated": true,
    "entities": {
        "hashtags": [],
        "symbols": [],
        "user_mentions": [],
        "urls": [
            {
                "url": "https://t.co/UgEbbfzN8F",
                "expanded_url": "https://twitter.com/i/web/status/1106178546576297984",
                "display_url": "twitter.com/i/web/status/1\u2026",
                "indices": [
                    117,
                    140
                ]
            }
        ]
    },
    "metadata": {
        "iso_language_code": "en",
        "result_type": "recent"
    },
    "source": "<a href=\"http://twitter.com/download/android\" rel=\"nofollow\">Twitter for Android</a>",
    "in_reply_to_status_id": null,
    "in_reply_to_status_id_str": null,
    "in_reply_to_user_id": null,
    "in_reply_to_user_id_str": null,
    "in_reply_to_screen_name": null,
    "user": {
        "id": 913797250324852737,
        "id_str": "913797250324852737",
        "name": "Abbey",
        "screen_name": "battlereadybard",
        "location": "Ypsilanti, MI",
        "description": "Bold of you to assume I know what's going on",
        "url": null,
        "entities": {
            "description": {
                "urls": []
            }
        },
        "protected": false,
        "followers_count": 25,
        "friends_count": 94,
        "listed_count": 0,
        "created_at": "Fri Sep 29 16:06:56 +0000 2017",
        "favourites_count": 205,
        "utc_offset": null,
        "time_zone": null,
        "geo_enabled": true,
        "verified": false,
        "statuses_count": 868,
        "lang": "en",
        "contributors_enabled": false,
        "is_translator": false,
        "is_translation_enabled": false,
        "profile_background_color": "F5F8FA",
        "profile_background_image_url": null,
        "profile_background_image_url_https": null,
        "profile_background_tile": false,
        "profile_image_url": "http://pbs.twimg.com/profile_images/1097614800765550600/i-dFlaP8_normal.png",
        "profile_image_url_https": "https://pbs.twimg.com/profile_images/1097614800765550600/i-dFlaP8_normal.png",
        "profile_banner_url": "https://pbs.twimg.com/profile_banners/913797250324852737/1550526530",
        "profile_link_color": "1DA1F2",
        "profile_sidebar_border_color": "C0DEED",
        "profile_sidebar_fill_color": "DDEEF6",
        "profile_text_color": "333333",
        "profile_use_background_image": true,
        "has_extended_profile": true,
        "default_profile": true,
        "default_profile_image": false,
        "following": null,
        "follow_request_sent": null,
        "notifications": null,
        "translator_type": "none"
    },
    "geo": null,
    "coordinates": null,
    "place": null,
    "contributors": null,
    "is_quote_status": false,
    "retweet_count": 0,
    "favorite_count": 1,
    "favorited": false,
    "retweeted": false,
    "lang": "en"
}