{
    "created_at": "Thu Mar 14 09:39:36 +0000 2019",
    "id": 1106127732197548032,
    "id_str": "1106127732197548032",
    "text": "#urban #streetphotography #urbanart #streetart #art #photography #urbanphotography #architecture #urbandecay\u2026 https://t.co/e2GmjNodvW",
    "truncated": true,
    "entities": {
        "hashtags": [
            {
                "text": "urban",
                "indices": [
                    0,
                    6
                ]
            },
            {
                "text": "streetphotography",
                "indices": [
                    7,
                    25
                ]
            },
            {
                "text": "urbanart",
                "indices": [
                    26,
                    35
                ]
            },
            {
                "text": "streetart",
                "indices": [
                    36,
                    46
                ]
            },
            {
                "text": "art",
                "indices": [
                    47,
                    51
                ]
            },
            {
                "text": "photography",
                "indices": [
                    52,
                    64
                ]
            },
            {
                "text": "urbanphotography",
                "indices": [
                    65,
                    82
                ]
            },
            {
                "text": "architecture",
                "indices": [
                    83,
                    96
                ]
            },
            {
                "text": "urbandecay",
                "indices": [
                    97,
                    108
                ]
            }
        ],
        "symbols": [],
        "user_mentions": [],
        "urls": [
            {
                "url": "https://t.co/e2GmjNodvW",
                "expanded_url": "https://twitter.com/i/web/status/1106127732197548032",
                "display_url": "twitter.com/i/web/status/1\u2026",
                "indices": [
                    110,
                    133
                ]
            }
        ]
    },
    "metadata": {
        "iso_language_code": "und",
        "result_type": "recent"
    },
    "source": "<a href=\"http://instagram.com\" rel=\"nofollow\">Instagram</a>",
    "in_reply_to_status_id": null,
    "in_reply_to_status_id_str": null,
    "in_reply_to_user_id": null,
    "in_reply_to_user_id_str": null,
    "in_reply_to_screen_name": null,
    "user": {
        "id": 16236089,
        "id_str": "16236089",
        "name": "Koyashle",
        "screen_name": "Koyashle",
        "location": "St.Petersburg",
        "description": "professional musician... Any Idea?",
        "url": null,
        "entities": {
            "description": {
                "urls": []
            }
        },
        "protected": false,
        "followers_count": 177,
        "friends_count": 941,
        "listed_count": 49,
        "created_at": "Thu Sep 11 07:58:35 +0000 2008",
        "favourites_count": 496,
        "utc_offset": null,
        "time_zone": null,
        "geo_enabled": true,
        "verified": false,
        "statuses_count": 6774,
        "lang": "en",
        "contributors_enabled": false,
        "is_translator": false,
        "is_translation_enabled": false,
        "profile_background_color": "131516",
        "profile_background_image_url": "http://abs.twimg.com/images/themes/theme14/bg.gif",
        "profile_background_image_url_https": "https://abs.twimg.com/images/themes/theme14/bg.gif",
        "profile_background_tile": true,
        "profile_image_url": "http://pbs.twimg.com/profile_images/1274459482/0_27d4f_30cc0379_L_normal.jpg",
        "profile_image_url_https": "https://pbs.twimg.com/profile_images/1274459482/0_27d4f_30cc0379_L_normal.jpg",
        "profile_banner_url": "https://pbs.twimg.com/profile_banners/16236089/1361682728",
        "profile_link_color": "009999",
        "profile_sidebar_border_color": "EEEEEE",
        "profile_sidebar_fill_color": "EFEFEF",
        "profile_text_color": "333333",
        "profile_use_background_image": true,
        "has_extended_profile": false,
        "default_profile": false,
        "default_profile_image": false,
        "following": null,
        "follow_request_sent": null,
        "notifications": null,
        "translator_type": "none"
    },
    "geo": null,
    "coordinates": null,
    "place": null,
    "contributors": null,
    "is_quote_status": false,
    "retweet_count": 0,
    "favorite_count": 1,
    "favorited": false,
    "retweeted": false,
    "possibly_sensitive": false,
    "lang": "und"
}