{
    "created_at": "Thu Mar 14 13:00:12 +0000 2019",
    "id": 1106178214932549633,
    "id_str": "1106178214932549633",
    "text": "Funny how I was so calm when I lost my Urban Decay Vice Liquid Lipstick but when I (thought) lost my Clio Mad Matte\u2026 https://t.co/vKpWQ9q8rn",
    "truncated": true,
    "entities": {
        "hashtags": [],
        "symbols": [],
        "user_mentions": [],
        "urls": [
            {
                "url": "https://t.co/vKpWQ9q8rn",
                "expanded_url": "https://twitter.com/i/web/status/1106178214932549633",
                "display_url": "twitter.com/i/web/status/1\u2026",
                "indices": [
                    117,
                    140
                ]
            }
        ]
    },
    "metadata": {
        "iso_language_code": "en",
        "result_type": "recent"
    },
    "source": "<a href=\"http://twitter.com/download/android\" rel=\"nofollow\">Twitter for Android</a>",
    "in_reply_to_status_id": null,
    "in_reply_to_status_id_str": null,
    "in_reply_to_user_id": null,
    "in_reply_to_user_id_str": null,
    "in_reply_to_screen_name": null,
    "user": {
        "id": 833703488798482432,
        "id_str": "833703488798482432",
        "name": "a nugget.",
        "screen_name": "aug24th",
        "location": "Fan & Personal Account.",
        "description": "\u2661 EXO, Krystal, Blackpink, SM's girlgroups' protector. \u2661",
        "url": null,
        "entities": {
            "description": {
                "urls": []
            }
        },
        "protected": false,
        "followers_count": 551,
        "friends_count": 485,
        "listed_count": 1,
        "created_at": "Mon Feb 20 15:42:55 +0000 2017",
        "favourites_count": 13777,
        "utc_offset": null,
        "time_zone": null,
        "geo_enabled": false,
        "verified": false,
        "statuses_count": 28840,
        "lang": "en",
        "contributors_enabled": false,
        "is_translator": false,
        "is_translation_enabled": false,
        "profile_background_color": "F5F8FA",
        "profile_background_image_url": null,
        "profile_background_image_url_https": null,
        "profile_background_tile": false,
        "profile_image_url": "http://pbs.twimg.com/profile_images/1106032858848595968/oAOptW-0_normal.jpg",
        "profile_image_url_https": "https://pbs.twimg.com/profile_images/1106032858848595968/oAOptW-0_normal.jpg",
        "profile_banner_url": "https://pbs.twimg.com/profile_banners/833703488798482432/1552317673",
        "profile_link_color": "1DA1F2",
        "profile_sidebar_border_color": "C0DEED",
        "profile_sidebar_fill_color": "DDEEF6",
        "profile_text_color": "333333",
        "profile_use_background_image": true,
        "has_extended_profile": true,
        "default_profile": true,
        "default_profile_image": false,
        "following": null,
        "follow_request_sent": null,
        "notifications": null,
        "translator_type": "none"
    },
    "geo": null,
    "coordinates": null,
    "place": null,
    "contributors": null,
    "is_quote_status": false,
    "retweet_count": 0,
    "favorite_count": 0,
    "favorited": false,
    "retweeted": false,
    "lang": "en"
}