{
    "created_at": "Thu Mar 14 06:55:41 +0000 2019",
    "id": 1106086480466739200,
    "id_str": "1106086480466739200",
    "text": "I mean I was talking about the undertones,Beige is the shade not an undertones&amp;yes I was once a fool who bought tho\u2026 https://t.co/Rk6gTlg1Kl",
    "truncated": true,
    "entities": {
        "hashtags": [],
        "symbols": [],
        "user_mentions": [],
        "urls": [
            {
                "url": "https://t.co/Rk6gTlg1Kl",
                "expanded_url": "https://twitter.com/i/web/status/1106086480466739200",
                "display_url": "twitter.com/i/web/status/1\u2026",
                "indices": [
                    121,
                    144
                ]
            }
        ]
    },
    "metadata": {
        "iso_language_code": "en",
        "result_type": "recent"
    },
    "source": "<a href=\"http://twitter.com/download/android\" rel=\"nofollow\">Twitter for Android</a>",
    "in_reply_to_status_id": null,
    "in_reply_to_status_id_str": null,
    "in_reply_to_user_id": null,
    "in_reply_to_user_id_str": null,
    "in_reply_to_screen_name": null,
    "user": {
        "id": 1700526398,
        "id_str": "1700526398",
        "name": "Khani.",
        "screen_name": "MarrySubhi",
        "location": "In Cosmos under Microscope",
        "description": "My tweets only tell you about  .000000000000000000000000000000000000001% of my life, now do the math, what kinda person I might be out side of the Twitter?",
        "url": null,
        "entities": {
            "description": {
                "urls": []
            }
        },
        "protected": false,
        "followers_count": 2362,
        "friends_count": 97,
        "listed_count": 15,
        "created_at": "Mon Aug 26 00:32:41 +0000 2013",
        "favourites_count": 12450,
        "utc_offset": null,
        "time_zone": null,
        "geo_enabled": true,
        "verified": false,
        "statuses_count": 50298,
        "lang": "en",
        "contributors_enabled": false,
        "is_translator": false,
        "is_translation_enabled": false,
        "profile_background_color": "FAB81E",
        "profile_background_image_url": "http://abs.twimg.com/images/themes/theme13/bg.gif",
        "profile_background_image_url_https": "https://abs.twimg.com/images/themes/theme13/bg.gif",
        "profile_background_tile": true,
        "profile_image_url": "http://pbs.twimg.com/profile_images/1106069352770473984/wwE7tJx3_normal.jpg",
        "profile_image_url_https": "https://pbs.twimg.com/profile_images/1106069352770473984/wwE7tJx3_normal.jpg",
        "profile_banner_url": "https://pbs.twimg.com/profile_banners/1700526398/1550045227",
        "profile_link_color": "19CF86",
        "profile_sidebar_border_color": "D9B17E",
        "profile_sidebar_fill_color": "EADEAA",
        "profile_text_color": "333333",
        "profile_use_background_image": true,
        "has_extended_profile": false,
        "default_profile": false,
        "default_profile_image": false,
        "following": null,
        "follow_request_sent": null,
        "notifications": null,
        "translator_type": "none"
    },
    "geo": null,
    "coordinates": null,
    "place": null,
    "contributors": null,
    "is_quote_status": true,
    "quoted_status_id": 1106084588017934336,
    "quoted_status_id_str": "1106084588017934336",
    "quoted_status": {
        "created_at": "Thu Mar 14 06:48:10 +0000 2019",
        "id": 1106084588017934336,
        "id_str": "1106084588017934336",
        "text": "@MarrySubhi Nothing covers grey better then beige shades of foundation for us . So far Channel and Givenchy has the\u2026 https://t.co/O3fWqriGeH",
        "truncated": true,
        "entities": {
            "hashtags": [],
            "symbols": [],
            "user_mentions": [
                {
                    "screen_name": "MarrySubhi",
                    "name": "Khani.",
                    "id": 1700526398,
                    "id_str": "1700526398",
                    "indices": [
                        0,
                        11
                    ]
                }
            ],
            "urls": [
                {
                    "url": "https://t.co/O3fWqriGeH",
                    "expanded_url": "https://twitter.com/i/web/status/1106084588017934336",
                    "display_url": "twitter.com/i/web/status/1\u2026",
                    "indices": [
                        117,
                        140
                    ]
                }
            ]
        },
        "metadata": {
            "iso_language_code": "en",
            "result_type": "recent"
        },
        "source": "<a href=\"http://twitter.com/download/iphone\" rel=\"nofollow\">Twitter for iPhone</a>",
        "in_reply_to_status_id": 1105917143030382597,
        "in_reply_to_status_id_str": "1105917143030382597",
        "in_reply_to_user_id": 1700526398,
        "in_reply_to_user_id_str": "1700526398",
        "in_reply_to_screen_name": "MarrySubhi",
        "user": {
            "id": 4285921643,
            "id_str": "4285921643",
            "name": "Saba Waheed",
            "screen_name": "larhakibilli",
            "location": "Lives in a symphony  of Mozart",
            "description": "ban\u0101 kar faq\u012bro\u00f1 k\u0101 ham bhes '\u0121h\u0101lib\u2019 ' tam\u0101sh\u0101-e-ahl-e-karam dekhte hai\u00f1 \u201ceverybody in the world knows I\u2019m a little twisted, twisted \u201c!!",
            "url": null,
            "entities": {
                "description": {
                    "urls": []
                }
            },
            "protected": false,
            "followers_count": 469,
            "friends_count": 492,
            "listed_count": 1,
            "created_at": "Thu Nov 26 13:56:29 +0000 2015",
            "favourites_count": 8722,
            "utc_offset": null,
            "time_zone": null,
            "geo_enabled": false,
            "verified": false,
            "statuses_count": 5454,
            "lang": "en",
            "contributors_enabled": false,
            "is_translator": false,
            "is_translation_enabled": false,
            "profile_background_color": "C0DEED",
            "profile_background_image_url": "http://abs.twimg.com/images/themes/theme1/bg.png",
            "profile_background_image_url_https": "https://abs.twimg.com/images/themes/theme1/bg.png",
            "profile_background_tile": false,
            "profile_image_url": "http://pbs.twimg.com/profile_images/1100504829980491776/-EOvAM5M_normal.jpg",
            "profile_image_url_https": "https://pbs.twimg.com/profile_images/1100504829980491776/-EOvAM5M_normal.jpg",
            "profile_banner_url": "https://pbs.twimg.com/profile_banners/4285921643/1548328807",
            "profile_link_color": "1DA1F2",
            "profile_sidebar_border_color": "C0DEED",
            "profile_sidebar_fill_color": "DDEEF6",
            "profile_text_color": "333333",
            "profile_use_background_image": true,
            "has_extended_profile": true,
            "default_profile": true,
            "default_profile_image": false,
            "following": null,
            "follow_request_sent": null,
            "notifications": null,
            "translator_type": "none"
        },
        "geo": null,
        "coordinates": null,
        "place": null,
        "contributors": null,
        "is_quote_status": false,
        "retweet_count": 0,
        "favorite_count": 1,
        "favorited": false,
        "retweeted": false,
        "lang": "en"
    },
    "retweet_count": 0,
    "favorite_count": 0,
    "favorited": false,
    "retweeted": false,
    "possibly_sensitive": false,
    "lang": "en"
}