{
    "created_at": "Thu Mar 14 03:06:27 +0000 2019",
    "id": 1106028791053340673,
    "id_str": "1106028791053340673",
    "text": "AWESOME DEAL \ud83d\udd25\ud83d\udd25\ud83d\udd25#Urbandecay #highlighter #oalette #makeup #beauty #gliw  Urban Decay After Glow Highlighter Palette\u2026 https://t.co/RS25l1zXhC",
    "truncated": true,
    "entities": {
        "hashtags": [
            {
                "text": "Urbandecay",
                "indices": [
                    16,
                    27
                ]
            },
            {
                "text": "highlighter",
                "indices": [
                    28,
                    40
                ]
            },
            {
                "text": "oalette",
                "indices": [
                    41,
                    49
                ]
            },
            {
                "text": "makeup",
                "indices": [
                    50,
                    57
                ]
            },
            {
                "text": "beauty",
                "indices": [
                    58,
                    65
                ]
            },
            {
                "text": "gliw",
                "indices": [
                    66,
                    71
                ]
            }
        ],
        "symbols": [],
        "user_mentions": [],
        "urls": [
            {
                "url": "https://t.co/RS25l1zXhC",
                "expanded_url": "https://twitter.com/i/web/status/1106028791053340673",
                "display_url": "twitter.com/i/web/status/1\u2026",
                "indices": [
                    117,
                    140
                ]
            }
        ]
    },
    "metadata": {
        "iso_language_code": "en",
        "result_type": "recent"
    },
    "source": "<a href=\"http://twitter.com/download/iphone\" rel=\"nofollow\">Twitter for iPhone</a>",
    "in_reply_to_status_id": null,
    "in_reply_to_status_id_str": null,
    "in_reply_to_user_id": null,
    "in_reply_to_user_id_str": null,
    "in_reply_to_screen_name": null,
    "user": {
        "id": 1021060441659904000,
        "id_str": "1021060441659904000",
        "name": "Wee Products",
        "screen_name": "WeeProducts",
        "location": "United States",
        "description": "we're a little store... with Awesome Travel Size Products & Books for SALE! Find us on Ebay! #Beauty #Books #Travelsize #Mini #Cosmetics #Makeup #Face",
        "url": "https://t.co/aBwFZnGSUu",
        "entities": {
            "url": {
                "urls": [
                    {
                        "url": "https://t.co/aBwFZnGSUu",
                        "expanded_url": "https://www.ebay.com/str/anitaabril",
                        "display_url": "ebay.com/str/anitaabril",
                        "indices": [
                            0,
                            23
                        ]
                    }
                ]
            },
            "description": {
                "urls": []
            }
        },
        "protected": false,
        "followers_count": 1259,
        "friends_count": 2666,
        "listed_count": 1,
        "created_at": "Sun Jul 22 15:52:34 +0000 2018",
        "favourites_count": 2608,
        "utc_offset": null,
        "time_zone": null,
        "geo_enabled": true,
        "verified": false,
        "statuses_count": 4107,
        "lang": "en",
        "contributors_enabled": false,
        "is_translator": false,
        "is_translation_enabled": false,
        "profile_background_color": "F5F8FA",
        "profile_background_image_url": null,
        "profile_background_image_url_https": null,
        "profile_background_tile": false,
        "profile_image_url": "http://pbs.twimg.com/profile_images/1052981966855921665/zEqr5H3N_normal.jpg",
        "profile_image_url_https": "https://pbs.twimg.com/profile_images/1052981966855921665/zEqr5H3N_normal.jpg",
        "profile_banner_url": "https://pbs.twimg.com/profile_banners/1021060441659904000/1539886482",
        "profile_link_color": "1DA1F2",
        "profile_sidebar_border_color": "C0DEED",
        "profile_sidebar_fill_color": "DDEEF6",
        "profile_text_color": "333333",
        "profile_use_background_image": true,
        "has_extended_profile": false,
        "default_profile": true,
        "default_profile_image": false,
        "following": null,
        "follow_request_sent": null,
        "notifications": null,
        "translator_type": "none"
    },
    "geo": null,
    "coordinates": null,
    "place": null,
    "contributors": null,
    "is_quote_status": false,
    "retweet_count": 0,
    "favorite_count": 1,
    "favorited": false,
    "retweeted": false,
    "possibly_sensitive": false,
    "lang": "en"
}