{
    "created_at": "Thu Mar 14 11:01:43 +0000 2019",
    "id": 1106148394421104640,
    "id_str": "1106148394421104640",
    "text": "@ProSolveProduct @SquideoVideo @BlueDiamondSTL @pksafetyuk @ValencyImpact @Jason_Culleton @beastonishing_\u2026 https://t.co/O6JhpaJvpl",
    "truncated": true,
    "entities": {
        "hashtags": [],
        "symbols": [],
        "user_mentions": [
            {
                "screen_name": "ProSolveProduct",
                "name": "ProSolveProducts",
                "id": 932972041443139584,
                "id_str": "932972041443139584",
                "indices": [
                    0,
                    16
                ]
            },
            {
                "screen_name": "SquideoVideo",
                "name": "Squideo",
                "id": 956828678129930240,
                "id_str": "956828678129930240",
                "indices": [
                    17,
                    30
                ]
            },
            {
                "screen_name": "BlueDiamondSTL",
                "name": "Blue Diamond STL",
                "id": 711910716337496064,
                "id_str": "711910716337496064",
                "indices": [
                    31,
                    46
                ]
            },
            {
                "screen_name": "pksafetyuk",
                "name": "PK Safety",
                "id": 3165991073,
                "id_str": "3165991073",
                "indices": [
                    47,
                    58
                ]
            },
            {
                "screen_name": "ValencyImpact",
                "name": "Valency",
                "id": 1067416352422539264,
                "id_str": "1067416352422539264",
                "indices": [
                    59,
                    73
                ]
            },
            {
                "screen_name": "Jason_Culleton",
                "name": "Jason Culleton (AgencyCentral)",
                "id": 915856453524688897,
                "id_str": "915856453524688897",
                "indices": [
                    74,
                    89
                ]
            },
            {
                "screen_name": "beastonishing_",
                "name": "Be Astonishing Agency",
                "id": 3859572137,
                "id_str": "3859572137",
                "indices": [
                    90,
                    105
                ]
            }
        ],
        "urls": [
            {
                "url": "https://t.co/O6JhpaJvpl",
                "expanded_url": "https://twitter.com/i/web/status/1106148394421104640",
                "display_url": "twitter.com/i/web/status/1\u2026",
                "indices": [
                    107,
                    130
                ]
            }
        ]
    },
    "metadata": {
        "iso_language_code": "en",
        "result_type": "recent"
    },
    "source": "<a href=\"https://about.twitter.com/products/tweetdeck\" rel=\"nofollow\">TweetDeck</a>",
    "in_reply_to_status_id": 1106148082520129537,
    "in_reply_to_status_id_str": "1106148082520129537",
    "in_reply_to_user_id": 932972041443139584,
    "in_reply_to_user_id_str": "932972041443139584",
    "in_reply_to_screen_name": "ProSolveProduct",
    "user": {
        "id": 132819878,
        "id_str": "132819878",
        "name": "Charles Watson Ltd",
        "screen_name": "CWatsonLtd",
        "location": "Halifax, England",
        "description": "Based in West Yorkshire, we have been a supplier of architectural ironmongery & hardware for over 100 years. We also stock many more products to suit!",
        "url": "http://t.co/guKxIasAAV",
        "entities": {
            "url": {
                "urls": [
                    {
                        "url": "http://t.co/guKxIasAAV",
                        "expanded_url": "http://www.cwatson.co.uk",
                        "display_url": "cwatson.co.uk",
                        "indices": [
                            0,
                            22
                        ]
                    }
                ]
            },
            "description": {
                "urls": []
            }
        },
        "protected": false,
        "followers_count": 1802,
        "friends_count": 802,
        "listed_count": 18,
        "created_at": "Wed Apr 14 07:56:26 +0000 2010",
        "favourites_count": 10580,
        "utc_offset": null,
        "time_zone": null,
        "geo_enabled": true,
        "verified": false,
        "statuses_count": 3136,
        "lang": "en",
        "contributors_enabled": false,
        "is_translator": false,
        "is_translation_enabled": false,
        "profile_background_color": "89C9FA",
        "profile_background_image_url": "http://abs.twimg.com/images/themes/theme1/bg.png",
        "profile_background_image_url_https": "https://abs.twimg.com/images/themes/theme1/bg.png",
        "profile_background_tile": false,
        "profile_image_url": "http://pbs.twimg.com/profile_images/1061910002003271680/JZDf7QgI_normal.jpg",
        "profile_image_url_https": "https://pbs.twimg.com/profile_images/1061910002003271680/JZDf7QgI_normal.jpg",
        "profile_banner_url": "https://pbs.twimg.com/profile_banners/132819878/1546534211",
        "profile_link_color": "1B95E0",
        "profile_sidebar_border_color": "C0DEED",
        "profile_sidebar_fill_color": "DDEEF6",
        "profile_text_color": "333333",
        "profile_use_background_image": true,
        "has_extended_profile": false,
        "default_profile": false,
        "default_profile_image": false,
        "following": null,
        "follow_request_sent": null,
        "notifications": null,
        "translator_type": "none"
    },
    "geo": null,
    "coordinates": null,
    "place": null,
    "contributors": null,
    "is_quote_status": false,
    "retweet_count": 0,
    "favorite_count": 6,
    "favorited": false,
    "retweeted": false,
    "lang": "en"
}