{
    "created_at": "Thu Mar 14 05:05:04 +0000 2019",
    "id": 1106058641919102976,
    "id_str": "1106058641919102976",
    "text": "Urban Decay All Nighter Long-Lasting Makeup Setting Spray https://t.co/99QrHzY4Dc on @bloglovin",
    "truncated": false,
    "entities": {
        "hashtags": [],
        "symbols": [],
        "user_mentions": [
            {
                "screen_name": "bloglovin",
                "name": "Bloglovin'",
                "id": 983831766665490432,
                "id_str": "983831766665490432",
                "indices": [
                    85,
                    95
                ]
            }
        ],
        "urls": [
            {
                "url": "https://t.co/99QrHzY4Dc",
                "expanded_url": "https://www.bloglovin.com/blogs/makeupholic-world-12510011/urban-decay-all-nighter-long-lasting-makeup-6835196985",
                "display_url": "bloglovin.com/blogs/makeupho\u2026",
                "indices": [
                    58,
                    81
                ]
            }
        ]
    },
    "metadata": {
        "iso_language_code": "en",
        "result_type": "recent"
    },
    "source": "<a href=\"https://www.bloglovin.com\" rel=\"nofollow\">Bloglovin</a>",
    "in_reply_to_status_id": null,
    "in_reply_to_status_id_str": null,
    "in_reply_to_user_id": null,
    "in_reply_to_user_id_str": null,
    "in_reply_to_screen_name": null,
    "user": {
        "id": 63954361,
        "id_str": "63954361",
        "name": "Makeupholic World",
        "screen_name": "RenjiAnooj",
        "location": "Auckland Central, New Zealand",
        "description": "Luxury makeup, skincare & lifestyle blogger :) Day Dreamer, Makeup Obsessed. \n \u00a9All \ud83d\udcf7 are mine. tag @renjianooj & https://t.co/kn8xwTtsRb for retweets",
        "url": "http://t.co/kn8xwTtsRb",
        "entities": {
            "url": {
                "urls": [
                    {
                        "url": "http://t.co/kn8xwTtsRb",
                        "expanded_url": "http://www.makeupholicworld.com",
                        "display_url": "makeupholicworld.com",
                        "indices": [
                            0,
                            22
                        ]
                    }
                ]
            },
            "description": {
                "urls": [
                    {
                        "url": "https://t.co/kn8xwTtsRb",
                        "expanded_url": "http://www.makeupholicworld.com",
                        "display_url": "makeupholicworld.com",
                        "indices": [
                            114,
                            137
                        ]
                    }
                ]
            }
        },
        "protected": false,
        "followers_count": 1328,
        "friends_count": 693,
        "listed_count": 16,
        "created_at": "Sat Aug 08 11:56:10 +0000 2009",
        "favourites_count": 56,
        "utc_offset": null,
        "time_zone": null,
        "geo_enabled": false,
        "verified": false,
        "statuses_count": 4991,
        "lang": "en",
        "contributors_enabled": false,
        "is_translator": false,
        "is_translation_enabled": false,
        "profile_background_color": "000000",
        "profile_background_image_url": "http://abs.twimg.com/images/themes/theme4/bg.gif",
        "profile_background_image_url_https": "https://abs.twimg.com/images/themes/theme4/bg.gif",
        "profile_background_tile": false,
        "profile_image_url": "http://pbs.twimg.com/profile_images/961128257415516160/TAcwuOkd_normal.jpg",
        "profile_image_url_https": "https://pbs.twimg.com/profile_images/961128257415516160/TAcwuOkd_normal.jpg",
        "profile_banner_url": "https://pbs.twimg.com/profile_banners/63954361/1517985833",
        "profile_link_color": "94D487",
        "profile_sidebar_border_color": "000000",
        "profile_sidebar_fill_color": "000000",
        "profile_text_color": "000000",
        "profile_use_background_image": false,
        "has_extended_profile": true,
        "default_profile": false,
        "default_profile_image": false,
        "following": null,
        "follow_request_sent": null,
        "notifications": null,
        "translator_type": "none"
    },
    "geo": null,
    "coordinates": null,
    "place": null,
    "contributors": null,
    "is_quote_status": false,
    "retweet_count": 0,
    "favorite_count": 0,
    "favorited": false,
    "retweeted": false,
    "possibly_sensitive": false,
    "lang": "en"
}