{
    "created_at": "Thu Mar 14 01:45:44 +0000 2019",
    "id": 1106008477196058624,
    "id_str": "1106008477196058624",
    "text": "Okay so can we just talk about the fact Urban Decay have Game of Thrones Make up coming out... https://t.co/ELtpaf5lPZ",
    "truncated": false,
    "entities": {
        "hashtags": [],
        "symbols": [],
        "user_mentions": [],
        "urls": [],
        "media": [
            {
                "id": 1106008469210124289,
                "id_str": "1106008469210124289",
                "indices": [
                    95,
                    118
                ],
                "media_url": "http://pbs.twimg.com/tweet_video_thumb/D1lU18XX0AEtkpB.jpg",
                "media_url_https": "https://pbs.twimg.com/tweet_video_thumb/D1lU18XX0AEtkpB.jpg",
                "url": "https://t.co/ELtpaf5lPZ",
                "display_url": "pic.twitter.com/ELtpaf5lPZ",
                "expanded_url": "https://twitter.com/NaoCarleton/status/1106008477196058624/photo/1",
                "type": "photo",
                "sizes": {
                    "thumb": {
                        "w": 150,
                        "h": 150,
                        "resize": "crop"
                    },
                    "small": {
                        "w": 400,
                        "h": 224,
                        "resize": "fit"
                    },
                    "large": {
                        "w": 400,
                        "h": 224,
                        "resize": "fit"
                    },
                    "medium": {
                        "w": 400,
                        "h": 224,
                        "resize": "fit"
                    }
                }
            }
        ]
    },
    "extended_entities": {
        "media": [
            {
                "id": 1106008469210124289,
                "id_str": "1106008469210124289",
                "indices": [
                    95,
                    118
                ],
                "media_url": "http://pbs.twimg.com/tweet_video_thumb/D1lU18XX0AEtkpB.jpg",
                "media_url_https": "https://pbs.twimg.com/tweet_video_thumb/D1lU18XX0AEtkpB.jpg",
                "url": "https://t.co/ELtpaf5lPZ",
                "display_url": "pic.twitter.com/ELtpaf5lPZ",
                "expanded_url": "https://twitter.com/NaoCarleton/status/1106008477196058624/photo/1",
                "type": "animated_gif",
                "sizes": {
                    "thumb": {
                        "w": 150,
                        "h": 150,
                        "resize": "crop"
                    },
                    "small": {
                        "w": 400,
                        "h": 224,
                        "resize": "fit"
                    },
                    "large": {
                        "w": 400,
                        "h": 224,
                        "resize": "fit"
                    },
                    "medium": {
                        "w": 400,
                        "h": 224,
                        "resize": "fit"
                    }
                },
                "video_info": {
                    "aspect_ratio": [
                        25,
                        14
                    ],
                    "variants": [
                        {
                            "bitrate": 0,
                            "content_type": "video/mp4",
                            "url": "https://video.twimg.com/tweet_video/D1lU18XX0AEtkpB.mp4"
                        }
                    ]
                }
            }
        ]
    },
    "metadata": {
        "iso_language_code": "en",
        "result_type": "recent"
    },
    "source": "<a href=\"http://twitter.com/download/iphone\" rel=\"nofollow\">Twitter for iPhone</a>",
    "in_reply_to_status_id": null,
    "in_reply_to_status_id_str": null,
    "in_reply_to_user_id": null,
    "in_reply_to_user_id_str": null,
    "in_reply_to_screen_name": null,
    "user": {
        "id": 298573587,
        "id_str": "298573587",
        "name": "Nao Carleton\u2744\ufe0f",
        "screen_name": "NaoCarleton",
        "location": "Blackpool, England",
        "description": "Cakes & Portraits \ud83c\udf49",
        "url": null,
        "entities": {
            "description": {
                "urls": []
            }
        },
        "protected": false,
        "followers_count": 582,
        "friends_count": 1933,
        "listed_count": 8,
        "created_at": "Sat May 14 15:12:33 +0000 2011",
        "favourites_count": 9961,
        "utc_offset": null,
        "time_zone": null,
        "geo_enabled": true,
        "verified": false,
        "statuses_count": 18590,
        "lang": "en",
        "contributors_enabled": false,
        "is_translator": false,
        "is_translation_enabled": false,
        "profile_background_color": "C6E2EE",
        "profile_background_image_url": "http://abs.twimg.com/images/themes/theme1/bg.png",
        "profile_background_image_url_https": "https://abs.twimg.com/images/themes/theme1/bg.png",
        "profile_background_tile": true,
        "profile_image_url": "http://pbs.twimg.com/profile_images/1057437702155653120/7zf7KuIq_normal.jpg",
        "profile_image_url_https": "https://pbs.twimg.com/profile_images/1057437702155653120/7zf7KuIq_normal.jpg",
        "profile_banner_url": "https://pbs.twimg.com/profile_banners/298573587/1550875760",
        "profile_link_color": "1F98C7",
        "profile_sidebar_border_color": "FFFFFF",
        "profile_sidebar_fill_color": "DAECF4",
        "profile_text_color": "000000",
        "profile_use_background_image": true,
        "has_extended_profile": true,
        "default_profile": false,
        "default_profile_image": false,
        "following": null,
        "follow_request_sent": null,
        "notifications": null,
        "translator_type": "none"
    },
    "geo": null,
    "coordinates": null,
    "place": {
        "id": "02a8ed5b791223de",
        "url": "https://api.twitter.com/1.1/geo/id/02a8ed5b791223de.json",
        "place_type": "city",
        "name": "Lytham St. Annes",
        "full_name": "Lytham St. Annes, England",
        "country_code": "GB",
        "country": "United Kingdom",
        "contained_within": [],
        "bounding_box": {
            "type": "Polygon",
            "coordinates": [
                [
                    [
                        -3.0571475,
                        53.734748
                    ],
                    [
                        -2.9363878,
                        53.734748
                    ],
                    [
                        -2.9363878,
                        53.780813
                    ],
                    [
                        -3.0571475,
                        53.780813
                    ]
                ]
            ]
        },
        "attributes": {}
    },
    "contributors": null,
    "is_quote_status": false,
    "retweet_count": 0,
    "favorite_count": 0,
    "favorited": false,
    "retweeted": false,
    "possibly_sensitive": false,
    "lang": "en"
}