{
    "created_at": "Thu Mar 14 07:49:34 +0000 2019",
    "id": 1106100040697823233,
    "id_str": "1106100040697823233",
    "text": "\u0627\u0634\u062a\u0631\u0649 \u0645\u0646\u062a\u062c\u0627\u062a Urban Decay \u0639\u0644\u0649 https://t.co/D9Qopk4OgH\nUrban Decay Naked Flushed Palette available on\u2026 https://t.co/76URMuzIHA",
    "truncated": true,
    "entities": {
        "hashtags": [],
        "symbols": [],
        "user_mentions": [],
        "urls": [
            {
                "url": "https://t.co/D9Qopk4OgH",
                "expanded_url": "http://Looliacloset.com",
                "display_url": "Looliacloset.com",
                "indices": [
                    29,
                    52
                ]
            },
            {
                "url": "https://t.co/76URMuzIHA",
                "expanded_url": "https://twitter.com/i/web/status/1106100040697823233",
                "display_url": "twitter.com/i/web/status/1\u2026",
                "indices": [
                    101,
                    124
                ]
            }
        ]
    },
    "metadata": {
        "iso_language_code": "und",
        "result_type": "recent"
    },
    "source": "<a href=\"http://www.facebook.com/twitter\" rel=\"nofollow\">Facebook</a>",
    "in_reply_to_status_id": null,
    "in_reply_to_status_id_str": null,
    "in_reply_to_user_id": null,
    "in_reply_to_user_id_str": null,
    "in_reply_to_screen_name": null,
    "user": {
        "id": 80824820,
        "id_str": "80824820",
        "name": "ounousa \u0623\u0646\u0648\u062b\u0629",
        "screen_name": "ounousa",
        "location": "Lebanon",
        "description": "",
        "url": "http://t.co/V0NYAlqaof",
        "entities": {
            "url": {
                "urls": [
                    {
                        "url": "http://t.co/V0NYAlqaof",
                        "expanded_url": "http://www.ounousa.com",
                        "display_url": "ounousa.com",
                        "indices": [
                            0,
                            22
                        ]
                    }
                ]
            },
            "description": {
                "urls": []
            }
        },
        "protected": false,
        "followers_count": 4976,
        "friends_count": 141,
        "listed_count": 32,
        "created_at": "Thu Oct 08 11:17:20 +0000 2009",
        "favourites_count": 5,
        "utc_offset": null,
        "time_zone": null,
        "geo_enabled": true,
        "verified": false,
        "statuses_count": 47524,
        "lang": "en",
        "contributors_enabled": false,
        "is_translator": false,
        "is_translation_enabled": false,
        "profile_background_color": "FF6699",
        "profile_background_image_url": "http://abs.twimg.com/images/themes/theme11/bg.gif",
        "profile_background_image_url_https": "https://abs.twimg.com/images/themes/theme11/bg.gif",
        "profile_background_tile": true,
        "profile_image_url": "http://pbs.twimg.com/profile_images/706069676472795137/B50Wo6iy_normal.jpg",
        "profile_image_url_https": "https://pbs.twimg.com/profile_images/706069676472795137/B50Wo6iy_normal.jpg",
        "profile_banner_url": "https://pbs.twimg.com/profile_banners/80824820/1498654770",
        "profile_link_color": "B40B43",
        "profile_sidebar_border_color": "CC3366",
        "profile_sidebar_fill_color": "E5507E",
        "profile_text_color": "362720",
        "profile_use_background_image": true,
        "has_extended_profile": false,
        "default_profile": false,
        "default_profile_image": false,
        "following": null,
        "follow_request_sent": null,
        "notifications": null,
        "translator_type": "none"
    },
    "geo": null,
    "coordinates": null,
    "place": null,
    "contributors": null,
    "is_quote_status": false,
    "retweet_count": 0,
    "favorite_count": 0,
    "favorited": false,
    "retweeted": false,
    "possibly_sensitive": false,
    "lang": "und"
}