{
    "created_at": "Thu Mar 14 02:30:12 +0000 2019",
    "id": 1106019669268459521,
    "id_str": "1106019669268459521",
    "text": "Hermoso dia para que urban decay haga un evento para presentar paleta y sus influencceeerrrSsss$$ no puedan compartir nada",
    "truncated": false,
    "entities": {
        "hashtags": [],
        "symbols": [],
        "user_mentions": [],
        "urls": []
    },
    "metadata": {
        "iso_language_code": "es",
        "result_type": "recent"
    },
    "source": "<a href=\"http://twitter.com/download/iphone\" rel=\"nofollow\">Twitter for iPhone</a>",
    "in_reply_to_status_id": null,
    "in_reply_to_status_id_str": null,
    "in_reply_to_user_id": null,
    "in_reply_to_user_id_str": null,
    "in_reply_to_screen_name": null,
    "user": {
        "id": 38739542,
        "id_str": "38739542",
        "name": "Rafaela",
        "screen_name": "dannahueso",
        "location": "Buenos Aires, Argentina",
        "description": "Le dije a Paul Gallagher que era el mejor Gallagher.",
        "url": "https://t.co/vdHVW3vNA7",
        "entities": {
            "url": {
                "urls": [
                    {
                        "url": "https://t.co/vdHVW3vNA7",
                        "expanded_url": "http://www.instagram.com/dannahueso",
                        "display_url": "instagram.com/dannahueso",
                        "indices": [
                            0,
                            23
                        ]
                    }
                ]
            },
            "description": {
                "urls": []
            }
        },
        "protected": false,
        "followers_count": 1052,
        "friends_count": 1041,
        "listed_count": 12,
        "created_at": "Fri May 08 20:39:47 +0000 2009",
        "favourites_count": 22516,
        "utc_offset": null,
        "time_zone": null,
        "geo_enabled": true,
        "verified": false,
        "statuses_count": 73714,
        "lang": "es",
        "contributors_enabled": false,
        "is_translator": false,
        "is_translation_enabled": false,
        "profile_background_color": "000000",
        "profile_background_image_url": "http://abs.twimg.com/images/themes/theme15/bg.png",
        "profile_background_image_url_https": "https://abs.twimg.com/images/themes/theme15/bg.png",
        "profile_background_tile": false,
        "profile_image_url": "http://pbs.twimg.com/profile_images/1103844756545785856/_0fb9Rfm_normal.jpg",
        "profile_image_url_https": "https://pbs.twimg.com/profile_images/1103844756545785856/_0fb9Rfm_normal.jpg",
        "profile_banner_url": "https://pbs.twimg.com/profile_banners/38739542/1552012550",
        "profile_link_color": "3B94D9",
        "profile_sidebar_border_color": "FFFFFF",
        "profile_sidebar_fill_color": "252429",
        "profile_text_color": "666666",
        "profile_use_background_image": false,
        "has_extended_profile": true,
        "default_profile": false,
        "default_profile_image": false,
        "following": null,
        "follow_request_sent": null,
        "notifications": null,
        "translator_type": "none"
    },
    "geo": null,
    "coordinates": null,
    "place": null,
    "contributors": null,
    "is_quote_status": false,
    "retweet_count": 0,
    "favorite_count": 1,
    "favorited": false,
    "retweeted": false,
    "lang": "es"
}