{
    "created_at": "Thu Mar 14 02:13:59 +0000 2019",
    "id": 1106015588059660288,
    "id_str": "1106015588059660288",
    "text": "Vendo rifas para mi equipo de debate! Se est\u00e1 sorteando: \n- 1 entrada al concierto de Fito P\u00e1ez\n- 1 paleta de sombr\u2026 https://t.co/O6fyYlJWSG",
    "truncated": true,
    "entities": {
        "hashtags": [],
        "symbols": [],
        "user_mentions": [],
        "urls": [
            {
                "url": "https://t.co/O6fyYlJWSG",
                "expanded_url": "https://twitter.com/i/web/status/1106015588059660288",
                "display_url": "twitter.com/i/web/status/1\u2026",
                "indices": [
                    117,
                    140
                ]
            }
        ]
    },
    "metadata": {
        "iso_language_code": "es",
        "result_type": "recent"
    },
    "source": "<a href=\"http://twitter.com/download/iphone\" rel=\"nofollow\">Twitter for iPhone</a>",
    "in_reply_to_status_id": null,
    "in_reply_to_status_id_str": null,
    "in_reply_to_user_id": null,
    "in_reply_to_user_id_str": null,
    "in_reply_to_screen_name": null,
    "user": {
        "id": 740703399017107456,
        "id_str": "740703399017107456",
        "name": "Valeria Mazuelos",
        "screen_name": "otherperception",
        "location": "Lima, Peru",
        "description": "Big fan of photography going through life trying not to totally screw it up",
        "url": "https://t.co/IYIaKcgbvS",
        "entities": {
            "url": {
                "urls": [
                    {
                        "url": "https://t.co/IYIaKcgbvS",
                        "expanded_url": "http://www.instagram.com/valwithacam",
                        "display_url": "instagram.com/valwithacam",
                        "indices": [
                            0,
                            23
                        ]
                    }
                ]
            },
            "description": {
                "urls": []
            }
        },
        "protected": false,
        "followers_count": 81,
        "friends_count": 96,
        "listed_count": 0,
        "created_at": "Thu Jun 09 00:33:46 +0000 2016",
        "favourites_count": 593,
        "utc_offset": null,
        "time_zone": null,
        "geo_enabled": true,
        "verified": false,
        "statuses_count": 682,
        "lang": "en",
        "contributors_enabled": false,
        "is_translator": false,
        "is_translation_enabled": false,
        "profile_background_color": "F5F8FA",
        "profile_background_image_url": null,
        "profile_background_image_url_https": null,
        "profile_background_tile": false,
        "profile_image_url": "http://pbs.twimg.com/profile_images/1100636702031392768/hC6nBIyu_normal.jpg",
        "profile_image_url_https": "https://pbs.twimg.com/profile_images/1100636702031392768/hC6nBIyu_normal.jpg",
        "profile_banner_url": "https://pbs.twimg.com/profile_banners/740703399017107456/1531455864",
        "profile_link_color": "1DA1F2",
        "profile_sidebar_border_color": "C0DEED",
        "profile_sidebar_fill_color": "DDEEF6",
        "profile_text_color": "333333",
        "profile_use_background_image": true,
        "has_extended_profile": true,
        "default_profile": true,
        "default_profile_image": false,
        "following": null,
        "follow_request_sent": null,
        "notifications": null,
        "translator_type": "none"
    },
    "geo": null,
    "coordinates": null,
    "place": null,
    "contributors": null,
    "is_quote_status": false,
    "retweet_count": 3,
    "favorite_count": 1,
    "favorited": false,
    "retweeted": false,
    "lang": "es"
}