{
    "created_at": "Thu Mar 14 02:57:36 +0000 2019",
    "id": 1106026564343365633,
    "id_str": "1106026564343365633",
    "text": "(\u0e1e\u0e23\u0e49\u0e2d\u0e21\u0e2a\u0e48\u0e07)  Urban Decay \ud83d\udca7 Makeup Setting Spray 15 ml.\n\n\ud83c\udf6d \u0e2a\u0e40\u0e1b\u0e23\u0e22\u0e4c\u0e0a\u0e48\u0e27\u0e22\u0e43\u0e2b\u0e49\u0e40\u0e21\u0e04\u0e2d\u0e31\u0e1e\u0e15\u0e34\u0e14\u0e17\u0e19 \u0e40\u0e1e\u0e23\u0e32\u0e30\u0e0a\u0e48\u0e27\u0e22\u0e04\u0e27\u0e1a\u0e04\u0e38\u0e21\u0e04\u0e27\u0e32\u0e21\u0e21\u0e31\u0e19\u0e2a\u0e48\u0e27\u0e19\u0e40\u0e01\u0e34\u0e19 \u0e25\u0e14\u2026 https://t.co/XxwDhThHqB",
    "truncated": true,
    "entities": {
        "hashtags": [],
        "symbols": [],
        "user_mentions": [],
        "urls": [
            {
                "url": "https://t.co/XxwDhThHqB",
                "expanded_url": "https://twitter.com/i/web/status/1106026564343365633",
                "display_url": "twitter.com/i/web/status/1\u2026",
                "indices": [
                    117,
                    140
                ]
            }
        ]
    },
    "metadata": {
        "iso_language_code": "th",
        "result_type": "recent"
    },
    "source": "<a href=\"http://twitter.com/download/android\" rel=\"nofollow\">Twitter for Android</a>",
    "in_reply_to_status_id": null,
    "in_reply_to_status_id_str": null,
    "in_reply_to_user_id": null,
    "in_reply_to_user_id_str": null,
    "in_reply_to_screen_name": null,
    "user": {
        "id": 4464877814,
        "id_str": "4464877814",
        "name": "\ud654\uc9c4\ub534 : \u0e1e\u0e23\u0e49\u0e2d\u0e21\u0e2a\u0e48\u0e07\u0e40\u0e22\u0e2d\u0e30\ud83c\udf3e",
        "screen_name": "hwajintan_shop",
        "location": "Line / Kakao : Jiakijae",
        "description": "\u2665\u0e1e\u0e23\u0e49\u0e2d\u0e21\u0e2a\u0e48\u0e07 (\u0e40\u0e22\u0e2d\u0e30\u0e21\u0e32\u0e01) \u0e04\u0e2a\u0e2d.,\u0e2a\u0e01\u0e34\u0e19\u0e41\u0e04\u0e23\u0e4c \u0e41\u0e17\u0e49\u0e04\u0e48\u0e32 \ud83c\udf90\u0e04\u0e48\u0e32\u0e2a\u0e48\u0e07\u0e40\u0e23\u0e34\u0e48\u0e21\u0e15\u0e49\u0e19\u26a1 \u0e25\u0e17\u0e1a 40 EMS 60 \u0e2a\u0e48\u0e07\u0e02\u0e2d\u0e07\u0e2b\u0e25\u0e31\u0e07\u0e42\u0e2d\u0e191-2 \u0e27\u0e31\u0e19 \u0e08-\u0e2a \u2665\u0e1e\u0e23\u0e49\u0e2d\u0e21\u0e2a\u0e48\u0e07\u0e43\u0e19 Likes\u2665#hwajin_rv\n#\u0e23\u0e35\u0e27\u0e34\u0e27hwajintan_shop",
        "url": null,
        "entities": {
            "description": {
                "urls": []
            }
        },
        "protected": false,
        "followers_count": 5789,
        "friends_count": 116,
        "listed_count": 14,
        "created_at": "Sat Dec 05 14:37:05 +0000 2015",
        "favourites_count": 622,
        "utc_offset": null,
        "time_zone": null,
        "geo_enabled": true,
        "verified": false,
        "statuses_count": 60636,
        "lang": "en",
        "contributors_enabled": false,
        "is_translator": false,
        "is_translation_enabled": false,
        "profile_background_color": "000000",
        "profile_background_image_url": "http://abs.twimg.com/images/themes/theme1/bg.png",
        "profile_background_image_url_https": "https://abs.twimg.com/images/themes/theme1/bg.png",
        "profile_background_tile": false,
        "profile_image_url": "http://pbs.twimg.com/profile_images/1073770157539975168/supk2caN_normal.jpg",
        "profile_image_url_https": "https://pbs.twimg.com/profile_images/1073770157539975168/supk2caN_normal.jpg",
        "profile_banner_url": "https://pbs.twimg.com/profile_banners/4464877814/1551792381",
        "profile_link_color": "F58EA8",
        "profile_sidebar_border_color": "000000",
        "profile_sidebar_fill_color": "000000",
        "profile_text_color": "000000",
        "profile_use_background_image": false,
        "has_extended_profile": false,
        "default_profile": false,
        "default_profile_image": false,
        "following": null,
        "follow_request_sent": null,
        "notifications": null,
        "translator_type": "none"
    },
    "geo": null,
    "coordinates": null,
    "place": null,
    "contributors": null,
    "is_quote_status": false,
    "retweet_count": 2,
    "favorite_count": 2,
    "favorited": false,
    "retweeted": false,
    "possibly_sensitive": false,
    "lang": "th"
}