{
    "created_at": "Thu Mar 14 14:08:09 +0000 2019",
    "id": 1106195313293955073,
    "id_str": "1106195313293955073",
    "text": "Urban Decay Long Sleeve No Gi Rash Guard\nhttps://t.co/xwjbXYrkDX\n#mma #nogi #bjj #bjjlifestyle #judo #wrestling",
    "truncated": false,
    "entities": {
        "hashtags": [
            {
                "text": "mma",
                "indices": [
                    65,
                    69
                ]
            },
            {
                "text": "nogi",
                "indices": [
                    70,
                    75
                ]
            },
            {
                "text": "bjj",
                "indices": [
                    76,
                    80
                ]
            },
            {
                "text": "bjjlifestyle",
                "indices": [
                    81,
                    94
                ]
            },
            {
                "text": "judo",
                "indices": [
                    95,
                    100
                ]
            },
            {
                "text": "wrestling",
                "indices": [
                    101,
                    111
                ]
            }
        ],
        "symbols": [],
        "user_mentions": [],
        "urls": [
            {
                "url": "https://t.co/xwjbXYrkDX",
                "expanded_url": "http://bit.ly/2O2QCKA",
                "display_url": "bit.ly/2O2QCKA",
                "indices": [
                    41,
                    64
                ]
            }
        ]
    },
    "metadata": {
        "iso_language_code": "en",
        "result_type": "recent"
    },
    "source": "<a href=\"https://crowdfireapp.com\" rel=\"nofollow\">Crowdfire App</a>",
    "in_reply_to_status_id": null,
    "in_reply_to_status_id_str": null,
    "in_reply_to_user_id": null,
    "in_reply_to_user_id_str": null,
    "in_reply_to_screen_name": null,
    "user": {
        "id": 16116517,
        "id_str": "16116517",
        "name": "Egad Apparel",
        "screen_name": "egadapparel",
        "location": "Philadelphia, Pa",
        "description": "We are the social media, promotion and custom creative branch of Soldier Complex. If you are interested in any of our services or other needs DM us ASAP! \ud83d\ude0e",
        "url": "https://t.co/UrWbgmBrKG",
        "entities": {
            "url": {
                "urls": [
                    {
                        "url": "https://t.co/UrWbgmBrKG",
                        "expanded_url": "http://www.soldiercomplex.com",
                        "display_url": "soldiercomplex.com",
                        "indices": [
                            0,
                            23
                        ]
                    }
                ]
            },
            "description": {
                "urls": []
            }
        },
        "protected": false,
        "followers_count": 108,
        "friends_count": 33,
        "listed_count": 4,
        "created_at": "Wed Sep 03 17:51:17 +0000 2008",
        "favourites_count": 4,
        "utc_offset": null,
        "time_zone": null,
        "geo_enabled": false,
        "verified": false,
        "statuses_count": 1454,
        "lang": "en",
        "contributors_enabled": false,
        "is_translator": false,
        "is_translation_enabled": false,
        "profile_background_color": "C0DEED",
        "profile_background_image_url": "http://abs.twimg.com/images/themes/theme1/bg.png",
        "profile_background_image_url_https": "https://abs.twimg.com/images/themes/theme1/bg.png",
        "profile_background_tile": false,
        "profile_image_url": "http://pbs.twimg.com/profile_images/74269279/egadapparel-50x50_normal.jpg",
        "profile_image_url_https": "https://pbs.twimg.com/profile_images/74269279/egadapparel-50x50_normal.jpg",
        "profile_link_color": "1DA1F2",
        "profile_sidebar_border_color": "C0DEED",
        "profile_sidebar_fill_color": "DDEEF6",
        "profile_text_color": "333333",
        "profile_use_background_image": true,
        "has_extended_profile": true,
        "default_profile": true,
        "default_profile_image": false,
        "following": null,
        "follow_request_sent": null,
        "notifications": null,
        "translator_type": "none"
    },
    "geo": null,
    "coordinates": null,
    "place": null,
    "contributors": null,
    "is_quote_status": false,
    "retweet_count": 0,
    "favorite_count": 0,
    "favorited": false,
    "retweeted": false,
    "possibly_sensitive": false,
    "lang": "en"
}