{
    "created_at": "Thu Mar 14 12:00:18 +0000 2019",
    "id": 1106163139912130561,
    "id_str": "1106163139912130561",
    "text": "The perfect addition to your neutral palette collection: Urban Decay's NAKED Reloaded Eyeshadow Palette!\u2026 https://t.co/52L7zZiAnW",
    "truncated": true,
    "entities": {
        "hashtags": [],
        "symbols": [],
        "user_mentions": [],
        "urls": [
            {
                "url": "https://t.co/52L7zZiAnW",
                "expanded_url": "https://twitter.com/i/web/status/1106163139912130561",
                "display_url": "twitter.com/i/web/status/1\u2026",
                "indices": [
                    106,
                    129
                ]
            }
        ]
    },
    "metadata": {
        "iso_language_code": "en",
        "result_type": "recent"
    },
    "source": "<a href=\"https://www.hootsuite.com\" rel=\"nofollow\">Hootsuite Inc.</a>",
    "in_reply_to_status_id": null,
    "in_reply_to_status_id_str": null,
    "in_reply_to_user_id": null,
    "in_reply_to_user_id_str": null,
    "in_reply_to_screen_name": null,
    "user": {
        "id": 12887832,
        "id_str": "12887832",
        "name": "Beauty411",
        "screen_name": "Beauty411",
        "location": "Midwest",
        "description": "Beauty expert with a passion for finding & sharing the best in beauty! Official account; Founder @Beauty411. https://t.co/MvFvGYCmcQ",
        "url": "https://t.co/jt3XXpebmi",
        "entities": {
            "url": {
                "urls": [
                    {
                        "url": "https://t.co/jt3XXpebmi",
                        "expanded_url": "http://www.beauty411.net",
                        "display_url": "beauty411.net",
                        "indices": [
                            0,
                            23
                        ]
                    }
                ]
            },
            "description": {
                "urls": [
                    {
                        "url": "https://t.co/MvFvGYCmcQ",
                        "expanded_url": "http://Beauty411.net",
                        "display_url": "Beauty411.net",
                        "indices": [
                            109,
                            132
                        ]
                    }
                ]
            }
        },
        "protected": false,
        "followers_count": 66814,
        "friends_count": 1157,
        "listed_count": 888,
        "created_at": "Wed Jan 30 21:36:26 +0000 2008",
        "favourites_count": 1652,
        "utc_offset": null,
        "time_zone": null,
        "geo_enabled": false,
        "verified": false,
        "statuses_count": 48023,
        "lang": "en",
        "contributors_enabled": false,
        "is_translator": false,
        "is_translation_enabled": false,
        "profile_background_color": "9AE4E8",
        "profile_background_image_url": "http://abs.twimg.com/images/themes/theme1/bg.png",
        "profile_background_image_url_https": "https://abs.twimg.com/images/themes/theme1/bg.png",
        "profile_background_tile": true,
        "profile_image_url": "http://pbs.twimg.com/profile_images/1024273510/6-24button_normal.jpg",
        "profile_image_url_https": "https://pbs.twimg.com/profile_images/1024273510/6-24button_normal.jpg",
        "profile_banner_url": "https://pbs.twimg.com/profile_banners/12887832/1468981951",
        "profile_link_color": "AD328E",
        "profile_sidebar_border_color": "BDDCAD",
        "profile_sidebar_fill_color": "CEFAB7",
        "profile_text_color": "333333",
        "profile_use_background_image": true,
        "has_extended_profile": false,
        "default_profile": false,
        "default_profile_image": false,
        "following": null,
        "follow_request_sent": null,
        "notifications": null,
        "translator_type": "none"
    },
    "geo": null,
    "coordinates": null,
    "place": null,
    "contributors": null,
    "is_quote_status": false,
    "retweet_count": 0,
    "favorite_count": 1,
    "favorited": false,
    "retweeted": false,
    "possibly_sensitive": false,
    "lang": "en"
}