{
    "created_at": "Thu Mar 14 13:31:34 +0000 2019",
    "id": 1106186107752980480,
    "id_str": "1106186107752980480",
    "text": "@Influenster @KATVONDbeauty Urban Decay 24hr is my jam!",
    "truncated": false,
    "entities": {
        "hashtags": [],
        "symbols": [],
        "user_mentions": [
            {
                "screen_name": "Influenster",
                "name": "Influenster",
                "id": 60152652,
                "id_str": "60152652",
                "indices": [
                    0,
                    12
                ]
            },
            {
                "screen_name": "KATVONDbeauty",
                "name": "Kat Von D Beauty",
                "id": 3165886640,
                "id_str": "3165886640",
                "indices": [
                    13,
                    27
                ]
            }
        ],
        "urls": []
    },
    "metadata": {
        "iso_language_code": "en",
        "result_type": "recent"
    },
    "source": "<a href=\"http://twitter.com/download/iphone\" rel=\"nofollow\">Twitter for iPhone</a>",
    "in_reply_to_status_id": 1105921638930022402,
    "in_reply_to_status_id_str": "1105921638930022402",
    "in_reply_to_user_id": 60152652,
    "in_reply_to_user_id_str": "60152652",
    "in_reply_to_screen_name": "Influenster",
    "user": {
        "id": 287928965,
        "id_str": "287928965",
        "name": "Courtney",
        "screen_name": "staskosgirl",
        "location": "\u263c Maryland",
        "description": "Happy Camper | Disney addict | Target junkie | FireWife | Mom of 3 | Random at Everything",
        "url": null,
        "entities": {
            "description": {
                "urls": []
            }
        },
        "protected": false,
        "followers_count": 186,
        "friends_count": 165,
        "listed_count": 9,
        "created_at": "Mon Apr 25 23:13:26 +0000 2011",
        "favourites_count": 3893,
        "utc_offset": null,
        "time_zone": null,
        "geo_enabled": true,
        "verified": false,
        "statuses_count": 8275,
        "lang": "en",
        "contributors_enabled": false,
        "is_translator": false,
        "is_translation_enabled": false,
        "profile_background_color": "341F54",
        "profile_background_image_url": "http://abs.twimg.com/images/themes/theme1/bg.png",
        "profile_background_image_url_https": "https://abs.twimg.com/images/themes/theme1/bg.png",
        "profile_background_tile": false,
        "profile_image_url": "http://pbs.twimg.com/profile_images/1098963951721873414/yJmDGXB__normal.jpg",
        "profile_image_url_https": "https://pbs.twimg.com/profile_images/1098963951721873414/yJmDGXB__normal.jpg",
        "profile_banner_url": "https://pbs.twimg.com/profile_banners/287928965/1550848399",
        "profile_link_color": "4B088A",
        "profile_sidebar_border_color": "39B1B6",
        "profile_sidebar_fill_color": "3C84A1",
        "profile_text_color": "3E6591",
        "profile_use_background_image": true,
        "has_extended_profile": true,
        "default_profile": false,
        "default_profile_image": false,
        "following": null,
        "follow_request_sent": null,
        "notifications": null,
        "translator_type": "none"
    },
    "geo": null,
    "coordinates": null,
    "place": null,
    "contributors": null,
    "is_quote_status": false,
    "retweet_count": 0,
    "favorite_count": 0,
    "favorited": false,
    "retweeted": false,
    "lang": "en"
}