{
    "created_at": "Thu Mar 14 11:32:22 +0000 2019",
    "id": 1106156108371111937,
    "id_str": "1106156108371111937",
    "text": "@patrickstarrr Unpopular opinion!! I have to put in the urban decay velvet powder to get it to even stay on my face for longer than an hour",
    "truncated": false,
    "entities": {
        "hashtags": [],
        "symbols": [],
        "user_mentions": [
            {
                "screen_name": "patrickstarrr",
                "name": "PATRICKSTARRR",
                "id": 31328425,
                "id_str": "31328425",
                "indices": [
                    0,
                    14
                ]
            }
        ],
        "urls": []
    },
    "metadata": {
        "iso_language_code": "en",
        "result_type": "recent"
    },
    "source": "<a href=\"http://twitter.com/download/iphone\" rel=\"nofollow\">Twitter for iPhone</a>",
    "in_reply_to_status_id": 1105919565836443649,
    "in_reply_to_status_id_str": "1105919565836443649",
    "in_reply_to_user_id": 31328425,
    "in_reply_to_user_id_str": "31328425",
    "in_reply_to_screen_name": "patrickstarrr",
    "user": {
        "id": 26633024,
        "id_str": "26633024",
        "name": "Casei Mizell",
        "screen_name": "CaseiMizell",
        "location": "Erlanger, KY",
        "description": "I\u2019m just a Louisiana girl living in Kentucky trying to make it in this YouTube world",
        "url": null,
        "entities": {
            "description": {
                "urls": []
            }
        },
        "protected": false,
        "followers_count": 24,
        "friends_count": 153,
        "listed_count": 1,
        "created_at": "Wed Mar 25 23:56:19 +0000 2009",
        "favourites_count": 1899,
        "utc_offset": null,
        "time_zone": null,
        "geo_enabled": false,
        "verified": false,
        "statuses_count": 532,
        "lang": "en",
        "contributors_enabled": false,
        "is_translator": false,
        "is_translation_enabled": false,
        "profile_background_color": "EBEBEB",
        "profile_background_image_url": "http://abs.twimg.com/images/themes/theme7/bg.gif",
        "profile_background_image_url_https": "https://abs.twimg.com/images/themes/theme7/bg.gif",
        "profile_background_tile": false,
        "profile_image_url": "http://pbs.twimg.com/profile_images/1062087219920494592/Bj1E_myd_normal.jpg",
        "profile_image_url_https": "https://pbs.twimg.com/profile_images/1062087219920494592/Bj1E_myd_normal.jpg",
        "profile_banner_url": "https://pbs.twimg.com/profile_banners/26633024/1550512140",
        "profile_link_color": "990000",
        "profile_sidebar_border_color": "DFDFDF",
        "profile_sidebar_fill_color": "F3F3F3",
        "profile_text_color": "333333",
        "profile_use_background_image": true,
        "has_extended_profile": true,
        "default_profile": false,
        "default_profile_image": false,
        "following": null,
        "follow_request_sent": null,
        "notifications": null,
        "translator_type": "none"
    },
    "geo": null,
    "coordinates": null,
    "place": null,
    "contributors": null,
    "is_quote_status": false,
    "retweet_count": 0,
    "favorite_count": 0,
    "favorited": false,
    "retweeted": false,
    "lang": "en"
}