{
    "created_at": "Thu Mar 14 13:03:05 +0000 2019",
    "id": 1106178937766510597,
    "id_str": "1106178937766510597",
    "text": "yes I'm back to using the urban decay eye shadow palette that I got for my 8TH GRADE graduation in 2010...greetings to the termites",
    "truncated": false,
    "entities": {
        "hashtags": [],
        "symbols": [],
        "user_mentions": [],
        "urls": []
    },
    "metadata": {
        "iso_language_code": "en",
        "result_type": "recent"
    },
    "source": "<a href=\"http://twitter.com/download/android\" rel=\"nofollow\">Twitter for Android</a>",
    "in_reply_to_status_id": null,
    "in_reply_to_status_id_str": null,
    "in_reply_to_user_id": null,
    "in_reply_to_user_id_str": null,
    "in_reply_to_screen_name": null,
    "user": {
        "id": 1015230007730425857,
        "id_str": "1015230007730425857",
        "name": "lil russian bot",
        "screen_name": "snackieonassis_",
        "location": "",
        "description": "android rights activist",
        "url": null,
        "entities": {
            "description": {
                "urls": []
            }
        },
        "protected": false,
        "followers_count": 88,
        "friends_count": 114,
        "listed_count": 0,
        "created_at": "Fri Jul 06 13:44:30 +0000 2018",
        "favourites_count": 3613,
        "utc_offset": null,
        "time_zone": null,
        "geo_enabled": true,
        "verified": false,
        "statuses_count": 1629,
        "lang": "en",
        "contributors_enabled": false,
        "is_translator": false,
        "is_translation_enabled": false,
        "profile_background_color": "F5F8FA",
        "profile_background_image_url": null,
        "profile_background_image_url_https": null,
        "profile_background_tile": false,
        "profile_image_url": "http://pbs.twimg.com/profile_images/1101272285938401280/xE-IdFxr_normal.jpg",
        "profile_image_url_https": "https://pbs.twimg.com/profile_images/1101272285938401280/xE-IdFxr_normal.jpg",
        "profile_banner_url": "https://pbs.twimg.com/profile_banners/1015230007730425857/1535929341",
        "profile_link_color": "1DA1F2",
        "profile_sidebar_border_color": "C0DEED",
        "profile_sidebar_fill_color": "DDEEF6",
        "profile_text_color": "333333",
        "profile_use_background_image": true,
        "has_extended_profile": false,
        "default_profile": true,
        "default_profile_image": false,
        "following": null,
        "follow_request_sent": null,
        "notifications": null,
        "translator_type": "none"
    },
    "geo": null,
    "coordinates": null,
    "place": null,
    "contributors": null,
    "is_quote_status": false,
    "retweet_count": 0,
    "favorite_count": 1,
    "favorited": false,
    "retweeted": false,
    "lang": "en"
}