{
    "created_at": "Thu Mar 14 08:54:44 +0000 2019",
    "id": 1106116438077530112,
    "id_str": "1106116438077530112",
    "text": "RT @TEYA_Wu: \u0e41\u0e08\u0e01\u0e02\u0e2d\u0e07\u0e1b\u0e23\u0e30\u0e08\u0e33\u0e40\u0e14\u0e37\u0e2d\u0e19\u0e21\u0e35\u0e19\u0e32\u0e04\u0e21\u0e04\u0e48\u0e30 \u203c\ufe0f\u0e21\u0e35\u0e19\u0e32\u0e41\u0e25\u0e49\u0e27\u0e22\u0e31\u0e07\u0e44\u0e21\u0e48\u0e21\u0e35\u0e40\u0e18\u0e2d\u0e44\u0e21\u0e48\u0e40\u0e1b\u0e47\u0e19\u0e44\u0e23 \u0e40\u0e17\u0e22\u0e48\u0e32\u0e41\u0e08\u0e01 Urban decay naked reloaded \u0e1e\u0e32\u0e40\u0e25\u0e17\u0e43\u0e2b\u0e21\u0e48\u0e25\u0e48\u0e32\u0e2a\u0e38\u0e14\u0e02\u0e2d\u0e07 Naked (\u0e21\u0e39\u0e25\u0e04\u0e48\u0e32\u2026",
    "truncated": false,
    "entities": {
        "hashtags": [],
        "symbols": [],
        "user_mentions": [
            {
                "screen_name": "TEYA_Wu",
                "name": "\u0e23\u0e31\u0e1a\u0e2b\u0e34\u0e49\u0e27kingpower\u0e23\u0e32\u0e04\u0e32\u0e16\u0e39\u0e01",
                "id": 1315923216,
                "id_str": "1315923216",
                "indices": [
                    3,
                    11
                ]
            }
        ],
        "urls": []
    },
    "metadata": {
        "iso_language_code": "th",
        "result_type": "recent"
    },
    "source": "<a href=\"http://twitter.com/download/iphone\" rel=\"nofollow\">Twitter for iPhone</a>",
    "in_reply_to_status_id": null,
    "in_reply_to_status_id_str": null,
    "in_reply_to_user_id": null,
    "in_reply_to_user_id_str": null,
    "in_reply_to_screen_name": null,
    "user": {
        "id": 931147526656335872,
        "id_str": "931147526656335872",
        "name": "\u0e19\u0e49\u0e2d\u0e07\u0e41\u0e14\u0e07\u0e07\u0e07\u0e07\u0e07\u0e07",
        "screen_name": "greentea2912",
        "location": "Thailand",
        "description": "dodaengggggggg / \u0e21\u0e01\u0e22\ud83e\udd8a / ioi / weme / pristin",
        "url": null,
        "entities": {
            "description": {
                "urls": []
            }
        },
        "protected": false,
        "followers_count": 7,
        "friends_count": 98,
        "listed_count": 0,
        "created_at": "Thu Nov 16 13:10:45 +0000 2017",
        "favourites_count": 477,
        "utc_offset": null,
        "time_zone": null,
        "geo_enabled": false,
        "verified": false,
        "statuses_count": 3262,
        "lang": "en",
        "contributors_enabled": false,
        "is_translator": false,
        "is_translation_enabled": false,
        "profile_background_color": "F5F8FA",
        "profile_background_image_url": null,
        "profile_background_image_url_https": null,
        "profile_background_tile": false,
        "profile_image_url": "http://pbs.twimg.com/profile_images/1101916253638160384/ctpzlkjw_normal.jpg",
        "profile_image_url_https": "https://pbs.twimg.com/profile_images/1101916253638160384/ctpzlkjw_normal.jpg",
        "profile_banner_url": "https://pbs.twimg.com/profile_banners/931147526656335872/1520096595",
        "profile_link_color": "1DA1F2",
        "profile_sidebar_border_color": "C0DEED",
        "profile_sidebar_fill_color": "DDEEF6",
        "profile_text_color": "333333",
        "profile_use_background_image": true,
        "has_extended_profile": false,
        "default_profile": true,
        "default_profile_image": false,
        "following": null,
        "follow_request_sent": null,
        "notifications": null,
        "translator_type": "none"
    },
    "geo": null,
    "coordinates": null,
    "place": null,
    "contributors": null,
    "retweeted_status": {
        "created_at": "Fri Mar 01 09:05:40 +0000 2019",
        "id": 1101408147162329088,
        "id_str": "1101408147162329088",
        "text": "\u0e41\u0e08\u0e01\u0e02\u0e2d\u0e07\u0e1b\u0e23\u0e30\u0e08\u0e33\u0e40\u0e14\u0e37\u0e2d\u0e19\u0e21\u0e35\u0e19\u0e32\u0e04\u0e21\u0e04\u0e48\u0e30 \u203c\ufe0f\u0e21\u0e35\u0e19\u0e32\u0e41\u0e25\u0e49\u0e27\u0e22\u0e31\u0e07\u0e44\u0e21\u0e48\u0e21\u0e35\u0e40\u0e18\u0e2d\u0e44\u0e21\u0e48\u0e40\u0e1b\u0e47\u0e19\u0e44\u0e23 \u0e40\u0e17\u0e22\u0e48\u0e32\u0e41\u0e08\u0e01 Urban decay naked reloaded \u0e1e\u0e32\u0e40\u0e25\u0e17\u0e43\u0e2b\u0e21\u0e48\u0e25\u0e48\u0e32\u0e2a\u0e38\u0e14\u0e02\u0e2d\u0e07 Nak\u2026 https://t.co/BQNyeHNB5W",
        "truncated": true,
        "entities": {
            "hashtags": [],
            "symbols": [],
            "user_mentions": [],
            "urls": [
                {
                    "url": "https://t.co/BQNyeHNB5W",
                    "expanded_url": "https://twitter.com/i/web/status/1101408147162329088",
                    "display_url": "twitter.com/i/web/status/1\u2026",
                    "indices": [
                        117,
                        140
                    ]
                }
            ]
        },
        "metadata": {
            "iso_language_code": "th",
            "result_type": "recent"
        },
        "source": "<a href=\"http://twitter.com/download/iphone\" rel=\"nofollow\">Twitter for iPhone</a>",
        "in_reply_to_status_id": null,
        "in_reply_to_status_id_str": null,
        "in_reply_to_user_id": null,
        "in_reply_to_user_id_str": null,
        "in_reply_to_screen_name": null,
        "user": {
            "id": 1315923216,
            "id_str": "1315923216",
            "name": "\u0e23\u0e31\u0e1a\u0e2b\u0e34\u0e49\u0e27kingpower\u0e23\u0e32\u0e04\u0e32\u0e16\u0e39\u0e01",
            "screen_name": "TEYA_Wu",
            "location": "",
            "description": "\u0e23\u0e31\u0e1a\u0e2b\u0e34\u0e49\u0e27\u0e2a\u0e34\u0e19\u0e04\u0e49\u0e32\u0e08\u0e32\u0e01 king power \u0e23\u0e32\u0e04\u0e32\u0e16\u0e39\u0e01\u0e01\u0e27\u0e48\u0e32\u0e1b\u0e49\u0e32\u0e22 (~10-18%) \u0e2b\u0e34\u0e49\u0e27\u0e40\u0e2d\u0e07 \u0e41\u0e17\u0e49 \ud83d\udcaf \u0e23\u0e2d\u0e1a\u0e2a\u0e31\u0e48\u0e07\u0e20\u0e32\u0e22\u0e43\u0e19\u0e27\u0e31\u0e19\u0e17\u0e35\u0e4816/3\u0e44\u0e14\u0e49\u0e02\u0e2d\u0e0717/3\u0e23\u0e2d\u0e02\u0e2d\u0e07\u0e44\u0e21\u0e48\u0e19\u0e32\u0e19\u0e21\u0e35\u0e23\u0e2d\u0e1a\u0e2b\u0e34\u0e49\u0e27\u0e15\u0e25\u0e2d\u0e14\u0e08\u0e49\u0e32 #\u0e40\u0e17\u0e22\u0e48\u0e32\u0e23\u0e31\u0e1a\u0e1e\u0e23\u0e35 #\u0e23\u0e35\u0e27\u0e34\u0e27\u0e23\u0e49\u0e32\u0e19\u0e40\u0e17\u0e22\u0e48\u0e32",
            "url": "https://t.co/KyNb3z2l4n",
            "entities": {
                "url": {
                    "urls": [
                        {
                            "url": "https://t.co/KyNb3z2l4n",
                            "expanded_url": "http://www.kingpower.com",
                            "display_url": "kingpower.com",
                            "indices": [
                                0,
                                23
                            ]
                        }
                    ]
                },
                "description": {
                    "urls": []
                }
            },
            "protected": false,
            "followers_count": 3192,
            "friends_count": 207,
            "listed_count": 6,
            "created_at": "Sat Mar 30 07:12:06 +0000 2013",
            "favourites_count": 981,
            "utc_offset": null,
            "time_zone": null,
            "geo_enabled": false,
            "verified": false,
            "statuses_count": 58359,
            "lang": "en",
            "contributors_enabled": false,
            "is_translator": false,
            "is_translation_enabled": false,
            "profile_background_color": "C0DEED",
            "profile_background_image_url": "http://abs.twimg.com/images/themes/theme1/bg.png",
            "profile_background_image_url_https": "https://abs.twimg.com/images/themes/theme1/bg.png",
            "profile_background_tile": true,
            "profile_image_url": "http://pbs.twimg.com/profile_images/741706318587691009/53Mrites_normal.jpg",
            "profile_image_url_https": "https://pbs.twimg.com/profile_images/741706318587691009/53Mrites_normal.jpg",
            "profile_link_color": "0084B4",
            "profile_sidebar_border_color": "FFFFFF",
            "profile_sidebar_fill_color": "DDEEF6",
            "profile_text_color": "333333",
            "profile_use_background_image": true,
            "has_extended_profile": false,
            "default_profile": false,
            "default_profile_image": false,
            "following": null,
            "follow_request_sent": null,
            "notifications": null,
            "translator_type": "none"
        },
        "geo": null,
        "coordinates": null,
        "place": null,
        "contributors": null,
        "is_quote_status": false,
        "retweet_count": 461,
        "favorite_count": 71,
        "favorited": false,
        "retweeted": false,
        "possibly_sensitive": false,
        "lang": "th"
    },
    "is_quote_status": false,
    "retweet_count": 461,
    "favorite_count": 0,
    "favorited": false,
    "retweeted": false,
    "lang": "th"
}