{
    "created_at": "Thu Mar 14 05:11:45 +0000 2019",
    "id": 1106060323478536192,
    "id_str": "1106060323478536192",
    "text": "Boerderij Vellema Netherlands https://t.co/0sn6Q10waN Check also my YouTube channel for urbex videos link in bio\u2026 https://t.co/AvqJm1aNui",
    "truncated": true,
    "entities": {
        "hashtags": [],
        "symbols": [],
        "user_mentions": [],
        "urls": [
            {
                "url": "https://t.co/0sn6Q10waN",
                "expanded_url": "http://www.youtube.com/lostintimeuenl",
                "display_url": "youtube.com/lostintimeuenl",
                "indices": [
                    30,
                    53
                ]
            },
            {
                "url": "https://t.co/AvqJm1aNui",
                "expanded_url": "https://twitter.com/i/web/status/1106060323478536192",
                "display_url": "twitter.com/i/web/status/1\u2026",
                "indices": [
                    114,
                    137
                ]
            }
        ]
    },
    "metadata": {
        "iso_language_code": "en",
        "result_type": "recent"
    },
    "source": "<a href=\"https://ifttt.com\" rel=\"nofollow\">IFTTT</a>",
    "in_reply_to_status_id": null,
    "in_reply_to_status_id_str": null,
    "in_reply_to_user_id": null,
    "in_reply_to_user_id_str": null,
    "in_reply_to_screen_name": null,
    "user": {
        "id": 417843516,
        "id_str": "417843516",
        "name": "Jascha Hoste",
        "screen_name": "lostintimeNL",
        "location": "",
        "description": "Check also my YouTube channel: https://t.co/3C5PRpCBXJ",
        "url": "http://t.co/HFptLjePRS",
        "entities": {
            "url": {
                "urls": [
                    {
                        "url": "http://t.co/HFptLjePRS",
                        "expanded_url": "http://lost-in-time-ue.nl/",
                        "display_url": "lost-in-time-ue.nl",
                        "indices": [
                            0,
                            22
                        ]
                    }
                ]
            },
            "description": {
                "urls": [
                    {
                        "url": "https://t.co/3C5PRpCBXJ",
                        "expanded_url": "https://www.youtube.com/lostintimeuenl",
                        "display_url": "youtube.com/lostintimeuenl",
                        "indices": [
                            31,
                            54
                        ]
                    }
                ]
            }
        },
        "protected": false,
        "followers_count": 563,
        "friends_count": 527,
        "listed_count": 59,
        "created_at": "Mon Nov 21 12:44:50 +0000 2011",
        "favourites_count": 688,
        "utc_offset": null,
        "time_zone": null,
        "geo_enabled": true,
        "verified": false,
        "statuses_count": 12216,
        "lang": "nl",
        "contributors_enabled": false,
        "is_translator": false,
        "is_translation_enabled": false,
        "profile_background_color": "C0DEED",
        "profile_background_image_url": "http://abs.twimg.com/images/themes/theme1/bg.png",
        "profile_background_image_url_https": "https://abs.twimg.com/images/themes/theme1/bg.png",
        "profile_background_tile": false,
        "profile_image_url": "http://pbs.twimg.com/profile_images/1650436094/142758278_6_TLNx_normal.jpg",
        "profile_image_url_https": "https://pbs.twimg.com/profile_images/1650436094/142758278_6_TLNx_normal.jpg",
        "profile_banner_url": "https://pbs.twimg.com/profile_banners/417843516/1449937800",
        "profile_link_color": "1DA1F2",
        "profile_sidebar_border_color": "C0DEED",
        "profile_sidebar_fill_color": "DDEEF6",
        "profile_text_color": "333333",
        "profile_use_background_image": true,
        "has_extended_profile": true,
        "default_profile": true,
        "default_profile_image": false,
        "following": null,
        "follow_request_sent": null,
        "notifications": null,
        "translator_type": "none"
    },
    "geo": null,
    "coordinates": null,
    "place": null,
    "contributors": null,
    "is_quote_status": false,
    "retweet_count": 0,
    "favorite_count": 0,
    "favorited": false,
    "retweeted": false,
    "possibly_sensitive": false,
    "lang": "en"
}