{
    "created_at": "Thu Mar 14 03:27:22 +0000 2019",
    "id": 1106034055441760256,
    "id_str": "1106034055441760256",
    "text": "Naked Heat, lo nuevo de Urban Decay #beauty https://t.co/kuLoEglgVm",
    "truncated": false,
    "entities": {
        "hashtags": [
            {
                "text": "beauty",
                "indices": [
                    36,
                    43
                ]
            }
        ],
        "symbols": [],
        "user_mentions": [],
        "urls": [
            {
                "url": "https://t.co/kuLoEglgVm",
                "expanded_url": "http://quebonita.cl/naked-heat-lo-nuevo-de-urban-decay/?utm_source=ReviveOldPost&utm_medium=social&utm_campaign=ReviveOldPost",
                "display_url": "quebonita.cl/naked-heat-lo-\u2026",
                "indices": [
                    44,
                    67
                ]
            }
        ]
    },
    "metadata": {
        "iso_language_code": "es",
        "result_type": "recent"
    },
    "source": "<a href=\"http://www.facebook.com/twitter\" rel=\"nofollow\">Facebook</a>",
    "in_reply_to_status_id": null,
    "in_reply_to_status_id_str": null,
    "in_reply_to_user_id": null,
    "in_reply_to_user_id_str": null,
    "in_reply_to_screen_name": null,
    "user": {
        "id": 1936517360,
        "id_str": "1936517360",
        "name": "Natalia",
        "screen_name": "quebonitacl",
        "location": "Santiago, Chile",
        "description": "Rese\u00f1as de productos #PielGrasa.\n#SomosHijos \ud83e\udd70\nContact: quebonita.cl@gmail.com",
        "url": "https://t.co/OjgSQra7sl",
        "entities": {
            "url": {
                "urls": [
                    {
                        "url": "https://t.co/OjgSQra7sl",
                        "expanded_url": "http://quebonita.cl",
                        "display_url": "quebonita.cl",
                        "indices": [
                            0,
                            23
                        ]
                    }
                ]
            },
            "description": {
                "urls": []
            }
        },
        "protected": false,
        "followers_count": 683,
        "friends_count": 356,
        "listed_count": 11,
        "created_at": "Sat Oct 05 05:19:48 +0000 2013",
        "favourites_count": 321,
        "utc_offset": null,
        "time_zone": null,
        "geo_enabled": false,
        "verified": false,
        "statuses_count": 5524,
        "lang": "es",
        "contributors_enabled": false,
        "is_translator": false,
        "is_translation_enabled": false,
        "profile_background_color": "FFFFFF",
        "profile_background_image_url": "http://abs.twimg.com/images/themes/theme1/bg.png",
        "profile_background_image_url_https": "https://abs.twimg.com/images/themes/theme1/bg.png",
        "profile_background_tile": true,
        "profile_image_url": "http://pbs.twimg.com/profile_images/696213449756516352/j_YVy-nP_normal.jpg",
        "profile_image_url_https": "https://pbs.twimg.com/profile_images/696213449756516352/j_YVy-nP_normal.jpg",
        "profile_banner_url": "https://pbs.twimg.com/profile_banners/1936517360/1516158636",
        "profile_link_color": "F72D99",
        "profile_sidebar_border_color": "FFFFFF",
        "profile_sidebar_fill_color": "DDEEF6",
        "profile_text_color": "333333",
        "profile_use_background_image": true,
        "has_extended_profile": true,
        "default_profile": false,
        "default_profile_image": false,
        "following": null,
        "follow_request_sent": null,
        "notifications": null,
        "translator_type": "none"
    },
    "geo": null,
    "coordinates": null,
    "place": null,
    "contributors": null,
    "is_quote_status": false,
    "retweet_count": 0,
    "favorite_count": 0,
    "favorited": false,
    "retweeted": false,
    "possibly_sensitive": false,
    "lang": "es"
}