{
    "created_at": "Thu Mar 14 13:18:11 +0000 2019",
    "id": 1106182739924078593,
    "id_str": "1106182739924078593",
    "text": "Abandoned Ceramics Manufacturer Factrory   #urbex #urban_exploration #abandoned_buildings #industrial_decay #ue\u2026 https://t.co/HD7dJC8B1L",
    "truncated": true,
    "entities": {
        "hashtags": [
            {
                "text": "urbex",
                "indices": [
                    43,
                    49
                ]
            },
            {
                "text": "urban_exploration",
                "indices": [
                    50,
                    68
                ]
            },
            {
                "text": "abandoned_buildings",
                "indices": [
                    69,
                    89
                ]
            },
            {
                "text": "industrial_decay",
                "indices": [
                    90,
                    107
                ]
            },
            {
                "text": "ue",
                "indices": [
                    108,
                    111
                ]
            }
        ],
        "symbols": [],
        "user_mentions": [],
        "urls": [
            {
                "url": "https://t.co/HD7dJC8B1L",
                "expanded_url": "https://twitter.com/i/web/status/1106182739924078593",
                "display_url": "twitter.com/i/web/status/1\u2026",
                "indices": [
                    113,
                    136
                ]
            }
        ]
    },
    "metadata": {
        "iso_language_code": "en",
        "result_type": "recent"
    },
    "source": "<a href=\"http://twitter.com\" rel=\"nofollow\">Twitter Web Client</a>",
    "in_reply_to_status_id": null,
    "in_reply_to_status_id_str": null,
    "in_reply_to_user_id": null,
    "in_reply_to_user_id_str": null,
    "in_reply_to_screen_name": null,
    "user": {
        "id": 403079299,
        "id_str": "403079299",
        "name": "Cindy Vasko Photography",
        "screen_name": "Cindy_Vasko",
        "location": "Arlington, VA",
        "description": "Formerly LongLensGypsy.  Photographer of events and abandoned sites. Author/Photographer of Abandoned New York, Abandoned Maryland, published by Fonthill Media.",
        "url": "https://t.co/YWLzwQNrnV",
        "entities": {
            "url": {
                "urls": [
                    {
                        "url": "https://t.co/YWLzwQNrnV",
                        "expanded_url": "http://www.cindyvasko.com",
                        "display_url": "cindyvasko.com",
                        "indices": [
                            0,
                            23
                        ]
                    }
                ]
            },
            "description": {
                "urls": []
            }
        },
        "protected": false,
        "followers_count": 290,
        "friends_count": 467,
        "listed_count": 5,
        "created_at": "Wed Nov 02 00:19:22 +0000 2011",
        "favourites_count": 1401,
        "utc_offset": null,
        "time_zone": null,
        "geo_enabled": true,
        "verified": false,
        "statuses_count": 2608,
        "lang": "en",
        "contributors_enabled": false,
        "is_translator": false,
        "is_translation_enabled": false,
        "profile_background_color": "131516",
        "profile_background_image_url": "http://abs.twimg.com/images/themes/theme14/bg.gif",
        "profile_background_image_url_https": "https://abs.twimg.com/images/themes/theme14/bg.gif",
        "profile_background_tile": true,
        "profile_image_url": "http://pbs.twimg.com/profile_images/1043684127130755072/pdiZN2Jp_normal.jpg",
        "profile_image_url_https": "https://pbs.twimg.com/profile_images/1043684127130755072/pdiZN2Jp_normal.jpg",
        "profile_banner_url": "https://pbs.twimg.com/profile_banners/403079299/1537669090",
        "profile_link_color": "045D0B",
        "profile_sidebar_border_color": "EEEEEE",
        "profile_sidebar_fill_color": "EFEFEF",
        "profile_text_color": "333333",
        "profile_use_background_image": true,
        "has_extended_profile": false,
        "default_profile": false,
        "default_profile_image": false,
        "following": null,
        "follow_request_sent": null,
        "notifications": null,
        "translator_type": "none"
    },
    "geo": null,
    "coordinates": null,
    "place": null,
    "contributors": null,
    "is_quote_status": false,
    "retweet_count": 0,
    "favorite_count": 1,
    "favorited": false,
    "retweeted": false,
    "possibly_sensitive": false,
    "lang": "en"
}