{
    "created_at": "Thu Mar 14 02:31:35 +0000 2019",
    "id": 1106020016112238592,
    "id_str": "1106020016112238592",
    "text": "@ahoycinderella Urban decay Naked smoky, and Anastasia modern renaissance and norvina. My boyfriend\u2019s sisters bought the other two \ud83d\ude4c\ud83c\udffb",
    "truncated": false,
    "entities": {
        "hashtags": [],
        "symbols": [],
        "user_mentions": [
            {
                "screen_name": "ahoycinderella",
                "name": "jade",
                "id": 2234411754,
                "id_str": "2234411754",
                "indices": [
                    0,
                    15
                ]
            }
        ],
        "urls": []
    },
    "metadata": {
        "iso_language_code": "en",
        "result_type": "recent"
    },
    "source": "<a href=\"http://twitter.com/download/iphone\" rel=\"nofollow\">Twitter for iPhone</a>",
    "in_reply_to_status_id": 1106019535084236801,
    "in_reply_to_status_id_str": "1106019535084236801",
    "in_reply_to_user_id": 2234411754,
    "in_reply_to_user_id_str": "2234411754",
    "in_reply_to_screen_name": "ahoycinderella",
    "user": {
        "id": 2244806785,
        "id_str": "2244806785",
        "name": "morgan \ud83e\udddc\ud83c\udffb\u200d\u2640\ufe0f",
        "screen_name": "k_morgaan",
        "location": "",
        "description": "makeup lover // esthetician",
        "url": null,
        "entities": {
            "description": {
                "urls": []
            }
        },
        "protected": false,
        "followers_count": 1081,
        "friends_count": 135,
        "listed_count": 18,
        "created_at": "Sat Dec 14 01:40:08 +0000 2013",
        "favourites_count": 25228,
        "utc_offset": null,
        "time_zone": null,
        "geo_enabled": true,
        "verified": false,
        "statuses_count": 30349,
        "lang": "en",
        "contributors_enabled": false,
        "is_translator": false,
        "is_translation_enabled": false,
        "profile_background_color": "000000",
        "profile_background_image_url": "http://abs.twimg.com/images/themes/theme1/bg.png",
        "profile_background_image_url_https": "https://abs.twimg.com/images/themes/theme1/bg.png",
        "profile_background_tile": false,
        "profile_image_url": "http://pbs.twimg.com/profile_images/1037691255860473858/Yfvgo9c1_normal.jpg",
        "profile_image_url_https": "https://pbs.twimg.com/profile_images/1037691255860473858/Yfvgo9c1_normal.jpg",
        "profile_banner_url": "https://pbs.twimg.com/profile_banners/2244806785/1532745626",
        "profile_link_color": "000000",
        "profile_sidebar_border_color": "FFFFFF",
        "profile_sidebar_fill_color": "DDEEF6",
        "profile_text_color": "333333",
        "profile_use_background_image": true,
        "has_extended_profile": true,
        "default_profile": false,
        "default_profile_image": false,
        "following": null,
        "follow_request_sent": null,
        "notifications": null,
        "translator_type": "none"
    },
    "geo": null,
    "coordinates": null,
    "place": null,
    "contributors": null,
    "is_quote_status": false,
    "retweet_count": 0,
    "favorite_count": 0,
    "favorited": false,
    "retweeted": false,
    "lang": "en"
}