{
    "created_at": "Thu Mar 14 02:59:27 +0000 2019",
    "id": 1106027028539756545,
    "id_str": "1106027028539756545",
    "text": "RT @ThatGirlSental: @StyleNBeautyDoc Colored eyeliner. I have so many good ones by urban decay and Marc Jacobs but it is a rare occasion th\u2026",
    "truncated": false,
    "entities": {
        "hashtags": [],
        "symbols": [],
        "user_mentions": [
            {
                "screen_name": "ThatGirlSental",
                "name": "that girl Sental",
                "id": 178946785,
                "id_str": "178946785",
                "indices": [
                    3,
                    18
                ]
            },
            {
                "screen_name": "StyleNBeautyDoc",
                "name": "Danielle Gray",
                "id": 16716726,
                "id_str": "16716726",
                "indices": [
                    20,
                    36
                ]
            }
        ],
        "urls": []
    },
    "metadata": {
        "iso_language_code": "en",
        "result_type": "recent"
    },
    "source": "<a href=\"http://twitter.com/download/iphone\" rel=\"nofollow\">Twitter for iPhone</a>",
    "in_reply_to_status_id": null,
    "in_reply_to_status_id_str": null,
    "in_reply_to_user_id": null,
    "in_reply_to_user_id_str": null,
    "in_reply_to_screen_name": null,
    "user": {
        "id": 16716726,
        "id_str": "16716726",
        "name": "Danielle Gray",
        "screen_name": "StyleNBeautyDoc",
        "location": "New York City",
        "description": "Fashion & Beauty Expert and Consultant. Blogger and Freelance Writer. Owns too much makeup. Loves to travel. Named one of https://t.co/aVmgFbvr0A's top 100 bloggers.",
        "url": "https://t.co/5GsHIUolzF",
        "entities": {
            "url": {
                "urls": [
                    {
                        "url": "https://t.co/5GsHIUolzF",
                        "expanded_url": "http://www.thestyleandbeautydoctor.com",
                        "display_url": "thestyleandbeautydoctor.com",
                        "indices": [
                            0,
                            23
                        ]
                    }
                ]
            },
            "description": {
                "urls": [
                    {
                        "url": "https://t.co/aVmgFbvr0A",
                        "expanded_url": "http://Babble.com",
                        "display_url": "Babble.com",
                        "indices": [
                            122,
                            145
                        ]
                    }
                ]
            }
        },
        "protected": false,
        "followers_count": 15308,
        "friends_count": 922,
        "listed_count": 478,
        "created_at": "Mon Oct 13 04:50:31 +0000 2008",
        "favourites_count": 15824,
        "utc_offset": null,
        "time_zone": null,
        "geo_enabled": true,
        "verified": true,
        "statuses_count": 111313,
        "lang": "en",
        "contributors_enabled": false,
        "is_translator": false,
        "is_translation_enabled": false,
        "profile_background_color": "EBEBEB",
        "profile_background_image_url": "http://abs.twimg.com/images/themes/theme7/bg.gif",
        "profile_background_image_url_https": "https://abs.twimg.com/images/themes/theme7/bg.gif",
        "profile_background_tile": true,
        "profile_image_url": "http://pbs.twimg.com/profile_images/1007404667066650624/kNBMJ72b_normal.jpg",
        "profile_image_url_https": "https://pbs.twimg.com/profile_images/1007404667066650624/kNBMJ72b_normal.jpg",
        "profile_banner_url": "https://pbs.twimg.com/profile_banners/16716726/1412807629",
        "profile_link_color": "DD2E44",
        "profile_sidebar_border_color": "000000",
        "profile_sidebar_fill_color": "F3F3F3",
        "profile_text_color": "333333",
        "profile_use_background_image": true,
        "has_extended_profile": true,
        "default_profile": false,
        "default_profile_image": false,
        "following": null,
        "follow_request_sent": null,
        "notifications": null,
        "translator_type": "none"
    },
    "geo": null,
    "coordinates": null,
    "place": null,
    "contributors": null,
    "retweeted_status": {
        "created_at": "Thu Mar 14 02:58:29 +0000 2019",
        "id": 1106026787543400449,
        "id_str": "1106026787543400449",
        "text": "@StyleNBeautyDoc Colored eyeliner. I have so many good ones by urban decay and Marc Jacobs but it is a rare occasio\u2026 https://t.co/n7czxjSMzB",
        "truncated": true,
        "entities": {
            "hashtags": [],
            "symbols": [],
            "user_mentions": [
                {
                    "screen_name": "StyleNBeautyDoc",
                    "name": "Danielle Gray",
                    "id": 16716726,
                    "id_str": "16716726",
                    "indices": [
                        0,
                        16
                    ]
                }
            ],
            "urls": [
                {
                    "url": "https://t.co/n7czxjSMzB",
                    "expanded_url": "https://twitter.com/i/web/status/1106026787543400449",
                    "display_url": "twitter.com/i/web/status/1\u2026",
                    "indices": [
                        117,
                        140
                    ]
                }
            ]
        },
        "metadata": {
            "iso_language_code": "en",
            "result_type": "recent"
        },
        "source": "<a href=\"http://twitter.com/download/iphone\" rel=\"nofollow\">Twitter for iPhone</a>",
        "in_reply_to_status_id": 1105872424707518465,
        "in_reply_to_status_id_str": "1105872424707518465",
        "in_reply_to_user_id": 16716726,
        "in_reply_to_user_id_str": "16716726",
        "in_reply_to_screen_name": "StyleNBeautyDoc",
        "user": {
            "id": 178946785,
            "id_str": "178946785",
            "name": "that girl Sental",
            "screen_name": "ThatGirlSental",
            "location": "",
            "description": "I'm a rainbow secret agent giraffe.",
            "url": null,
            "entities": {
                "description": {
                    "urls": []
                }
            },
            "protected": false,
            "followers_count": 327,
            "friends_count": 298,
            "listed_count": 0,
            "created_at": "Mon Aug 16 03:02:29 +0000 2010",
            "favourites_count": 16204,
            "utc_offset": null,
            "time_zone": null,
            "geo_enabled": true,
            "verified": false,
            "statuses_count": 9100,
            "lang": "en",
            "contributors_enabled": false,
            "is_translator": false,
            "is_translation_enabled": false,
            "profile_background_color": "9266CC",
            "profile_background_image_url": "http://abs.twimg.com/images/themes/theme1/bg.png",
            "profile_background_image_url_https": "https://abs.twimg.com/images/themes/theme1/bg.png",
            "profile_background_tile": true,
            "profile_image_url": "http://pbs.twimg.com/profile_images/2416532212/image_normal.jpg",
            "profile_image_url_https": "https://pbs.twimg.com/profile_images/2416532212/image_normal.jpg",
            "profile_banner_url": "https://pbs.twimg.com/profile_banners/178946785/1420492146",
            "profile_link_color": "9266CC",
            "profile_sidebar_border_color": "FFFFFF",
            "profile_sidebar_fill_color": "D945E6",
            "profile_text_color": "F7F7F7",
            "profile_use_background_image": true,
            "has_extended_profile": true,
            "default_profile": false,
            "default_profile_image": false,
            "following": null,
            "follow_request_sent": null,
            "notifications": null,
            "translator_type": "none"
        },
        "geo": null,
        "coordinates": null,
        "place": null,
        "contributors": null,
        "is_quote_status": false,
        "retweet_count": 1,
        "favorite_count": 1,
        "favorited": false,
        "retweeted": false,
        "lang": "en"
    },
    "is_quote_status": false,
    "retweet_count": 1,
    "favorite_count": 0,
    "favorited": false,
    "retweeted": false,
    "lang": "en"
}