{
    "created_at": "Thu Mar 14 11:44:22 +0000 2019",
    "id": 1106159130618880000,
    "id_str": "1106159130618880000",
    "text": "RT @NinaLouiseLaw: NEW: REVIEW - Urban Decay's Liquid Moondust Eyeshadow \u2728#bloggerstribe #BBlogRT @Cbeechat @sotonbloggers @LovingBlogs #bl\u2026",
    "truncated": false,
    "entities": {
        "hashtags": [
            {
                "text": "bloggerstribe",
                "indices": [
                    74,
                    88
                ]
            },
            {
                "text": "BBlogRT",
                "indices": [
                    89,
                    97
                ]
            }
        ],
        "symbols": [],
        "user_mentions": [
            {
                "screen_name": "NinaLouiseLaw",
                "name": "Nina Louise",
                "id": 914495993789415425,
                "id_str": "914495993789415425",
                "indices": [
                    3,
                    17
                ]
            },
            {
                "screen_name": "Cbeechat",
                "name": "beechat",
                "id": 722739367958220800,
                "id_str": "722739367958220800",
                "indices": [
                    98,
                    107
                ]
            },
            {
                "screen_name": "sotonbloggers",
                "name": "Southampton Bloggers\u00ae",
                "id": 2878429589,
                "id_str": "2878429589",
                "indices": [
                    108,
                    122
                ]
            },
            {
                "screen_name": "LovingBlogs",
                "name": "Loving Blogs",
                "id": 392144570,
                "id_str": "392144570",
                "indices": [
                    123,
                    135
                ]
            }
        ],
        "urls": []
    },
    "metadata": {
        "iso_language_code": "en",
        "result_type": "recent"
    },
    "source": "<a href=\"http://twitter.com/download/iphone\" rel=\"nofollow\">Twitter for iPhone</a>",
    "in_reply_to_status_id": null,
    "in_reply_to_status_id_str": null,
    "in_reply_to_user_id": null,
    "in_reply_to_user_id_str": null,
    "in_reply_to_screen_name": null,
    "user": {
        "id": 722739367958220800,
        "id_str": "722739367958220800",
        "name": "beechat",
        "screen_name": "Cbeechat",
        "location": "Glasgow, Scotland",
        "description": "#BEECHAT Twitter Chat & Retweet Account. Founder & Manager: @blogabtnothing1 Monday 5-6pm&Thursday 9-10pm BST (account co-managed by @afrugalfrenchie)",
        "url": "https://t.co/fJMrIptggH",
        "entities": {
            "url": {
                "urls": [
                    {
                        "url": "https://t.co/fJMrIptggH",
                        "expanded_url": "http://www.charlenemcelhinney.co.uk",
                        "display_url": "charlenemcelhinney.co.uk",
                        "indices": [
                            0,
                            23
                        ]
                    }
                ]
            },
            "description": {
                "urls": []
            }
        },
        "protected": false,
        "followers_count": 7556,
        "friends_count": 1718,
        "listed_count": 287,
        "created_at": "Wed Apr 20 10:51:07 +0000 2016",
        "favourites_count": 68371,
        "utc_offset": null,
        "time_zone": null,
        "geo_enabled": true,
        "verified": false,
        "statuses_count": 139689,
        "lang": "en-GB",
        "contributors_enabled": false,
        "is_translator": false,
        "is_translation_enabled": false,
        "profile_background_color": "F5F8FA",
        "profile_background_image_url": null,
        "profile_background_image_url_https": null,
        "profile_background_tile": false,
        "profile_image_url": "http://pbs.twimg.com/profile_images/722740699855196160/N9ZqzlDT_normal.jpg",
        "profile_image_url_https": "https://pbs.twimg.com/profile_images/722740699855196160/N9ZqzlDT_normal.jpg",
        "profile_banner_url": "https://pbs.twimg.com/profile_banners/722739367958220800/1487940767",
        "profile_link_color": "1DA1F2",
        "profile_sidebar_border_color": "C0DEED",
        "profile_sidebar_fill_color": "DDEEF6",
        "profile_text_color": "333333",
        "profile_use_background_image": true,
        "has_extended_profile": true,
        "default_profile": true,
        "default_profile_image": false,
        "following": null,
        "follow_request_sent": null,
        "notifications": null,
        "translator_type": "none"
    },
    "geo": null,
    "coordinates": null,
    "place": null,
    "contributors": null,
    "retweeted_status": {
        "created_at": "Tue Mar 12 17:00:01 +0000 2019",
        "id": 1105513791075307522,
        "id_str": "1105513791075307522",
        "text": "NEW: REVIEW - Urban Decay's Liquid Moondust Eyeshadow \u2728#bloggerstribe #BBlogRT @Cbeechat @sotonbloggers\u2026 https://t.co/xlOYX7fNcl",
        "truncated": true,
        "entities": {
            "hashtags": [
                {
                    "text": "bloggerstribe",
                    "indices": [
                        55,
                        69
                    ]
                },
                {
                    "text": "BBlogRT",
                    "indices": [
                        70,
                        78
                    ]
                }
            ],
            "symbols": [],
            "user_mentions": [
                {
                    "screen_name": "Cbeechat",
                    "name": "beechat",
                    "id": 722739367958220800,
                    "id_str": "722739367958220800",
                    "indices": [
                        79,
                        88
                    ]
                },
                {
                    "screen_name": "sotonbloggers",
                    "name": "Southampton Bloggers\u00ae",
                    "id": 2878429589,
                    "id_str": "2878429589",
                    "indices": [
                        89,
                        103
                    ]
                }
            ],
            "urls": [
                {
                    "url": "https://t.co/xlOYX7fNcl",
                    "expanded_url": "https://twitter.com/i/web/status/1105513791075307522",
                    "display_url": "twitter.com/i/web/status/1\u2026",
                    "indices": [
                        105,
                        128
                    ]
                }
            ]
        },
        "metadata": {
            "iso_language_code": "en",
            "result_type": "recent"
        },
        "source": "<a href=\"https://buffer.com\" rel=\"nofollow\">Buffer</a>",
        "in_reply_to_status_id": null,
        "in_reply_to_status_id_str": null,
        "in_reply_to_user_id": null,
        "in_reply_to_user_id_str": null,
        "in_reply_to_screen_name": null,
        "user": {
            "id": 914495993789415425,
            "id_str": "914495993789415425",
            "name": "Nina Louise",
            "screen_name": "NinaLouiseLaw",
            "location": "England, United Kingdom",
            "description": "Nina. 21. Beauty & lifestyle blogger| PR Friendly \ud83d\udc49\ud83c\udffc ninalouiselaw@gmail.com \u2022 Nottingham/Buckinghamshire \u2022 https://t.co/XWC2wEPfgW \ud83d\udcf8",
            "url": "https://t.co/nLhm3xC761",
            "entities": {
                "url": {
                    "urls": [
                        {
                            "url": "https://t.co/nLhm3xC761",
                            "expanded_url": "https://ninalouiselaw.com",
                            "display_url": "ninalouiselaw.com",
                            "indices": [
                                0,
                                23
                            ]
                        }
                    ]
                },
                "description": {
                    "urls": [
                        {
                            "url": "https://t.co/XWC2wEPfgW",
                            "expanded_url": "https://www.instagram.com/ninalouiselaw/",
                            "display_url": "instagram.com/ninalouiselaw/",
                            "indices": [
                                108,
                                131
                            ]
                        }
                    ]
                }
            },
            "protected": false,
            "followers_count": 558,
            "friends_count": 315,
            "listed_count": 3,
            "created_at": "Sun Oct 01 14:23:30 +0000 2017",
            "favourites_count": 5154,
            "utc_offset": null,
            "time_zone": null,
            "geo_enabled": false,
            "verified": false,
            "statuses_count": 2690,
            "lang": "en",
            "contributors_enabled": false,
            "is_translator": false,
            "is_translation_enabled": false,
            "profile_background_color": "000000",
            "profile_background_image_url": "http://abs.twimg.com/images/themes/theme1/bg.png",
            "profile_background_image_url_https": "https://abs.twimg.com/images/themes/theme1/bg.png",
            "profile_background_tile": false,
            "profile_image_url": "http://pbs.twimg.com/profile_images/1095376172198907906/R_tV9f3W_normal.jpg",
            "profile_image_url_https": "https://pbs.twimg.com/profile_images/1095376172198907906/R_tV9f3W_normal.jpg",
            "profile_banner_url": "https://pbs.twimg.com/profile_banners/914495993789415425/1513731646",
            "profile_link_color": "F58EA8",
            "profile_sidebar_border_color": "000000",
            "profile_sidebar_fill_color": "000000",
            "profile_text_color": "000000",
            "profile_use_background_image": false,
            "has_extended_profile": true,
            "default_profile": false,
            "default_profile_image": false,
            "following": null,
            "follow_request_sent": null,
            "notifications": null,
            "translator_type": "none"
        },
        "geo": null,
        "coordinates": null,
        "place": null,
        "contributors": null,
        "is_quote_status": false,
        "retweet_count": 6,
        "favorite_count": 1,
        "favorited": false,
        "retweeted": false,
        "possibly_sensitive": false,
        "lang": "en"
    },
    "is_quote_status": false,
    "retweet_count": 6,
    "favorite_count": 0,
    "favorited": false,
    "retweeted": false,
    "lang": "en"
}