{
    "created_at": "Thu Mar 14 04:52:11 +0000 2019",
    "id": 1106055398589632512,
    "id_str": "1106055398589632512",
    "text": "Continued x2: eye lashes, urban decay eyeshow pallets, lipsticks, piercings, tattoos, bad ideas, Bernie, cats (all\u2026 https://t.co/XCS9jwhs9b",
    "truncated": true,
    "entities": {
        "hashtags": [],
        "symbols": [],
        "user_mentions": [],
        "urls": [
            {
                "url": "https://t.co/XCS9jwhs9b",
                "expanded_url": "https://twitter.com/i/web/status/1106055398589632512",
                "display_url": "twitter.com/i/web/status/1\u2026",
                "indices": [
                    116,
                    139
                ]
            }
        ]
    },
    "metadata": {
        "iso_language_code": "en",
        "result_type": "recent"
    },
    "source": "<a href=\"http://twitter.com/download/iphone\" rel=\"nofollow\">Twitter for iPhone</a>",
    "in_reply_to_status_id": 1106054552820899841,
    "in_reply_to_status_id_str": "1106054552820899841",
    "in_reply_to_user_id": 701899986,
    "in_reply_to_user_id_str": "701899986",
    "in_reply_to_screen_name": "Lexie_Kilgore",
    "user": {
        "id": 701899986,
        "id_str": "701899986",
        "name": "alexandria hut(mess) kilgore",
        "screen_name": "Lexie_Kilgore",
        "location": "",
        "description": "someday this pain will be useful to you",
        "url": "https://t.co/q0fuvXbRJn",
        "entities": {
            "url": {
                "urls": [
                    {
                        "url": "https://t.co/q0fuvXbRJn",
                        "expanded_url": "http://www.lexiekilgore.com",
                        "display_url": "lexiekilgore.com",
                        "indices": [
                            0,
                            23
                        ]
                    }
                ]
            },
            "description": {
                "urls": []
            }
        },
        "protected": false,
        "followers_count": 677,
        "friends_count": 427,
        "listed_count": 5,
        "created_at": "Tue Jul 17 22:34:46 +0000 2012",
        "favourites_count": 54977,
        "utc_offset": null,
        "time_zone": null,
        "geo_enabled": true,
        "verified": false,
        "statuses_count": 29911,
        "lang": "en",
        "contributors_enabled": false,
        "is_translator": false,
        "is_translation_enabled": false,
        "profile_background_color": "642D8B",
        "profile_background_image_url": "http://abs.twimg.com/images/themes/theme10/bg.gif",
        "profile_background_image_url_https": "https://abs.twimg.com/images/themes/theme10/bg.gif",
        "profile_background_tile": true,
        "profile_image_url": "http://pbs.twimg.com/profile_images/1080316171520536576/8YtpItcl_normal.jpg",
        "profile_image_url_https": "https://pbs.twimg.com/profile_images/1080316171520536576/8YtpItcl_normal.jpg",
        "profile_banner_url": "https://pbs.twimg.com/profile_banners/701899986/1548630145",
        "profile_link_color": "FF0000",
        "profile_sidebar_border_color": "65B0DA",
        "profile_sidebar_fill_color": "7AC3EE",
        "profile_text_color": "3D1957",
        "profile_use_background_image": true,
        "has_extended_profile": true,
        "default_profile": false,
        "default_profile_image": false,
        "following": null,
        "follow_request_sent": null,
        "notifications": null,
        "translator_type": "none"
    },
    "geo": null,
    "coordinates": null,
    "place": null,
    "contributors": null,
    "is_quote_status": false,
    "retweet_count": 0,
    "favorite_count": 0,
    "favorited": false,
    "retweeted": false,
    "lang": "en"
}