{
    "created_at": "Thu Mar 14 13:21:04 +0000 2019",
    "id": 1106183465706442752,
    "id_str": "1106183465706442752",
    "text": "@yespaulineeyre Urban Decay. They\u2019re one of my favs.",
    "truncated": false,
    "entities": {
        "hashtags": [],
        "symbols": [],
        "user_mentions": [
            {
                "screen_name": "yespaulineeyre",
                "name": "Pauline Eyre",
                "id": 47561508,
                "id_str": "47561508",
                "indices": [
                    0,
                    15
                ]
            }
        ],
        "urls": []
    },
    "metadata": {
        "iso_language_code": "en",
        "result_type": "recent"
    },
    "source": "<a href=\"https://mobile.twitter.com\" rel=\"nofollow\">Twitter Web App</a>",
    "in_reply_to_status_id": 1105947622278393858,
    "in_reply_to_status_id_str": "1105947622278393858",
    "in_reply_to_user_id": 47561508,
    "in_reply_to_user_id_str": "47561508",
    "in_reply_to_screen_name": "yespaulineeyre",
    "user": {
        "id": 85383361,
        "id_str": "85383361",
        "name": "Laura Lexx",
        "screen_name": "lauralexx",
        "location": "Brighton",
        "description": "clear eyes. full hearts. can\u2019t lose. Comedian and QB1. all views my own: I do not share vistas.",
        "url": "https://t.co/G7PeIiJ5o9",
        "entities": {
            "url": {
                "urls": [
                    {
                        "url": "https://t.co/G7PeIiJ5o9",
                        "expanded_url": "http://www.lauralexx.co.uk",
                        "display_url": "lauralexx.co.uk",
                        "indices": [
                            0,
                            23
                        ]
                    }
                ]
            },
            "description": {
                "urls": []
            }
        },
        "protected": false,
        "followers_count": 6598,
        "friends_count": 653,
        "listed_count": 91,
        "created_at": "Mon Oct 26 18:47:21 +0000 2009",
        "favourites_count": 3231,
        "utc_offset": null,
        "time_zone": null,
        "geo_enabled": false,
        "verified": false,
        "statuses_count": 20441,
        "lang": "en",
        "contributors_enabled": false,
        "is_translator": false,
        "is_translation_enabled": false,
        "profile_background_color": "EDECE9",
        "profile_background_image_url": "http://abs.twimg.com/images/themes/theme3/bg.gif",
        "profile_background_image_url_https": "https://abs.twimg.com/images/themes/theme3/bg.gif",
        "profile_background_tile": false,
        "profile_image_url": "http://pbs.twimg.com/profile_images/1529866820/New_Twitter_Pic_normal.jpg",
        "profile_image_url_https": "https://pbs.twimg.com/profile_images/1529866820/New_Twitter_Pic_normal.jpg",
        "profile_banner_url": "https://pbs.twimg.com/profile_banners/85383361/1545609109",
        "profile_link_color": "1B95E0",
        "profile_sidebar_border_color": "D3D2CF",
        "profile_sidebar_fill_color": "E3E2DE",
        "profile_text_color": "634047",
        "profile_use_background_image": true,
        "has_extended_profile": false,
        "default_profile": false,
        "default_profile_image": false,
        "following": null,
        "follow_request_sent": null,
        "notifications": null,
        "translator_type": "none"
    },
    "geo": null,
    "coordinates": null,
    "place": null,
    "contributors": null,
    "is_quote_status": false,
    "retweet_count": 0,
    "favorite_count": 2,
    "favorited": false,
    "retweeted": false,
    "lang": "en"
}