{
    "created_at": "Thu Mar 14 05:10:11 +0000 2019",
    "id": 1106059929029431296,
    "id_str": "1106059929029431296",
    "text": "@phillyfala7a L.A girl has new ones out! also any urban decay liner \ud83d\ude0f the nyx ones are ok, makeup forever too",
    "truncated": false,
    "entities": {
        "hashtags": [],
        "symbols": [],
        "user_mentions": [
            {
                "screen_name": "phillyfala7a",
                "name": "Majeda \ud83c\uddf5\ud83c\uddf8\ud83d\udda4",
                "id": 846053010660741121,
                "id_str": "846053010660741121",
                "indices": [
                    0,
                    13
                ]
            }
        ],
        "urls": []
    },
    "metadata": {
        "iso_language_code": "en",
        "result_type": "recent"
    },
    "source": "<a href=\"http://twitter.com/download/iphone\" rel=\"nofollow\">Twitter for iPhone</a>",
    "in_reply_to_status_id": 1106030572323946497,
    "in_reply_to_status_id_str": "1106030572323946497",
    "in_reply_to_user_id": 846053010660741121,
    "in_reply_to_user_id_str": "846053010660741121",
    "in_reply_to_screen_name": "phillyfala7a",
    "user": {
        "id": 88576854,
        "id_str": "88576854",
        "name": "lydia",
        "screen_name": "wabisabiii",
        "location": "USA",
        "description": "do i contradict myself? very well then, i contradict myself // angry at the world but in awe of the planet. intp. faerieeeee \ud83d\ude08\u2728",
        "url": "https://t.co/vh5jF3FCWz",
        "entities": {
            "url": {
                "urls": [
                    {
                        "url": "https://t.co/vh5jF3FCWz",
                        "expanded_url": "https://www.16personalities.com/intp-personality",
                        "display_url": "16personalities.com/intp-personali\u2026",
                        "indices": [
                            0,
                            23
                        ]
                    }
                ]
            },
            "description": {
                "urls": []
            }
        },
        "protected": false,
        "followers_count": 12410,
        "friends_count": 7900,
        "listed_count": 501,
        "created_at": "Mon Nov 09 02:59:39 +0000 2009",
        "favourites_count": 25801,
        "utc_offset": null,
        "time_zone": null,
        "geo_enabled": true,
        "verified": false,
        "statuses_count": 175707,
        "lang": "en",
        "contributors_enabled": false,
        "is_translator": false,
        "is_translation_enabled": false,
        "profile_background_color": "FFFFFF",
        "profile_background_image_url": "http://abs.twimg.com/images/themes/theme17/bg.gif",
        "profile_background_image_url_https": "https://abs.twimg.com/images/themes/theme17/bg.gif",
        "profile_background_tile": true,
        "profile_image_url": "http://pbs.twimg.com/profile_images/1102787769456304130/3eTSGoIJ_normal.jpg",
        "profile_image_url_https": "https://pbs.twimg.com/profile_images/1102787769456304130/3eTSGoIJ_normal.jpg",
        "profile_banner_url": "https://pbs.twimg.com/profile_banners/88576854/1550469853",
        "profile_link_color": "DBBBBA",
        "profile_sidebar_border_color": "FFFFFF",
        "profile_sidebar_fill_color": "A8F0FF",
        "profile_text_color": "787878",
        "profile_use_background_image": false,
        "has_extended_profile": true,
        "default_profile": false,
        "default_profile_image": false,
        "following": null,
        "follow_request_sent": null,
        "notifications": null,
        "translator_type": "regular"
    },
    "geo": null,
    "coordinates": null,
    "place": null,
    "contributors": null,
    "is_quote_status": false,
    "retweet_count": 0,
    "favorite_count": 1,
    "favorited": false,
    "retweeted": false,
    "lang": "en"
}