{
    "created_at": "Thu Mar 14 08:30:19 +0000 2019",
    "id": 1106110294726602752,
    "id_str": "1106110294726602752",
    "text": "RT @chloeandcos: Instagram may be down but today I got retweeted by morphe and urban decay, it\u2019s still a good day \ud83d\ude05 https://t.co/WK1KMEyFWi",
    "truncated": false,
    "entities": {
        "hashtags": [],
        "symbols": [],
        "user_mentions": [
            {
                "screen_name": "chloeandcos",
                "name": "ChloeAndCosmetics",
                "id": 986340259851010048,
                "id_str": "986340259851010048",
                "indices": [
                    3,
                    15
                ]
            }
        ],
        "urls": [],
        "media": [
            {
                "id": 1105927186379390977,
                "id_str": "1105927186379390977",
                "indices": [
                    116,
                    139
                ],
                "media_url": "http://pbs.twimg.com/media/D1kK6qOXQAE_kZk.jpg",
                "media_url_https": "https://pbs.twimg.com/media/D1kK6qOXQAE_kZk.jpg",
                "url": "https://t.co/WK1KMEyFWi",
                "display_url": "pic.twitter.com/WK1KMEyFWi",
                "expanded_url": "https://twitter.com/chloeandcos/status/1105927194256265219/photo/1",
                "type": "photo",
                "sizes": {
                    "medium": {
                        "w": 675,
                        "h": 1200,
                        "resize": "fit"
                    },
                    "thumb": {
                        "w": 150,
                        "h": 150,
                        "resize": "crop"
                    },
                    "large": {
                        "w": 750,
                        "h": 1334,
                        "resize": "fit"
                    },
                    "small": {
                        "w": 382,
                        "h": 680,
                        "resize": "fit"
                    }
                },
                "source_status_id": 1105927194256265219,
                "source_status_id_str": "1105927194256265219",
                "source_user_id": 986340259851010048,
                "source_user_id_str": "986340259851010048"
            }
        ]
    },
    "extended_entities": {
        "media": [
            {
                "id": 1105927186379390977,
                "id_str": "1105927186379390977",
                "indices": [
                    116,
                    139
                ],
                "media_url": "http://pbs.twimg.com/media/D1kK6qOXQAE_kZk.jpg",
                "media_url_https": "https://pbs.twimg.com/media/D1kK6qOXQAE_kZk.jpg",
                "url": "https://t.co/WK1KMEyFWi",
                "display_url": "pic.twitter.com/WK1KMEyFWi",
                "expanded_url": "https://twitter.com/chloeandcos/status/1105927194256265219/photo/1",
                "type": "photo",
                "sizes": {
                    "medium": {
                        "w": 675,
                        "h": 1200,
                        "resize": "fit"
                    },
                    "thumb": {
                        "w": 150,
                        "h": 150,
                        "resize": "crop"
                    },
                    "large": {
                        "w": 750,
                        "h": 1334,
                        "resize": "fit"
                    },
                    "small": {
                        "w": 382,
                        "h": 680,
                        "resize": "fit"
                    }
                },
                "source_status_id": 1105927194256265219,
                "source_status_id_str": "1105927194256265219",
                "source_user_id": 986340259851010048,
                "source_user_id_str": "986340259851010048"
            },
            {
                "id": 1105927186391937024,
                "id_str": "1105927186391937024",
                "indices": [
                    116,
                    139
                ],
                "media_url": "http://pbs.twimg.com/media/D1kK6qRWsAAgDOy.jpg",
                "media_url_https": "https://pbs.twimg.com/media/D1kK6qRWsAAgDOy.jpg",
                "url": "https://t.co/WK1KMEyFWi",
                "display_url": "pic.twitter.com/WK1KMEyFWi",
                "expanded_url": "https://twitter.com/chloeandcos/status/1105927194256265219/photo/1",
                "type": "photo",
                "sizes": {
                    "thumb": {
                        "w": 150,
                        "h": 150,
                        "resize": "crop"
                    },
                    "small": {
                        "w": 382,
                        "h": 680,
                        "resize": "fit"
                    },
                    "large": {
                        "w": 750,
                        "h": 1334,
                        "resize": "fit"
                    },
                    "medium": {
                        "w": 675,
                        "h": 1200,
                        "resize": "fit"
                    }
                },
                "source_status_id": 1105927194256265219,
                "source_status_id_str": "1105927194256265219",
                "source_user_id": 986340259851010048,
                "source_user_id_str": "986340259851010048"
            }
        ]
    },
    "metadata": {
        "iso_language_code": "en",
        "result_type": "recent"
    },
    "source": "<a href=\"http://twitter.com/download/iphone\" rel=\"nofollow\">Twitter for iPhone</a>",
    "in_reply_to_status_id": null,
    "in_reply_to_status_id_str": null,
    "in_reply_to_user_id": null,
    "in_reply_to_user_id_str": null,
    "in_reply_to_screen_name": null,
    "user": {
        "id": 1074445377183600640,
        "id_str": "1074445377183600640",
        "name": "grace",
        "screen_name": "gracechinn_xo",
        "location": "England, United Kingdom",
        "description": "Hua Hin, Thailand \ud83d\udccd",
        "url": null,
        "entities": {
            "description": {
                "urls": []
            }
        },
        "protected": false,
        "followers_count": 2,
        "friends_count": 56,
        "listed_count": 0,
        "created_at": "Sun Dec 16 23:25:14 +0000 2018",
        "favourites_count": 20,
        "utc_offset": null,
        "time_zone": null,
        "geo_enabled": false,
        "verified": false,
        "statuses_count": 55,
        "lang": "en",
        "contributors_enabled": false,
        "is_translator": false,
        "is_translation_enabled": false,
        "profile_background_color": "F5F8FA",
        "profile_background_image_url": null,
        "profile_background_image_url_https": null,
        "profile_background_tile": false,
        "profile_image_url": "http://pbs.twimg.com/profile_images/1103865418089783299/iFk9YuZT_normal.jpg",
        "profile_image_url_https": "https://pbs.twimg.com/profile_images/1103865418089783299/iFk9YuZT_normal.jpg",
        "profile_banner_url": "https://pbs.twimg.com/profile_banners/1074445377183600640/1552017013",
        "profile_link_color": "1DA1F2",
        "profile_sidebar_border_color": "C0DEED",
        "profile_sidebar_fill_color": "DDEEF6",
        "profile_text_color": "333333",
        "profile_use_background_image": true,
        "has_extended_profile": false,
        "default_profile": true,
        "default_profile_image": false,
        "following": null,
        "follow_request_sent": null,
        "notifications": null,
        "translator_type": "none"
    },
    "geo": null,
    "coordinates": null,
    "place": null,
    "contributors": null,
    "retweeted_status": {
        "created_at": "Wed Mar 13 20:22:44 +0000 2019",
        "id": 1105927194256265219,
        "id_str": "1105927194256265219",
        "text": "Instagram may be down but today I got retweeted by morphe and urban decay, it\u2019s still a good day \ud83d\ude05 https://t.co/WK1KMEyFWi",
        "truncated": false,
        "entities": {
            "hashtags": [],
            "symbols": [],
            "user_mentions": [],
            "urls": [],
            "media": [
                {
                    "id": 1105927186379390977,
                    "id_str": "1105927186379390977",
                    "indices": [
                        99,
                        122
                    ],
                    "media_url": "http://pbs.twimg.com/media/D1kK6qOXQAE_kZk.jpg",
                    "media_url_https": "https://pbs.twimg.com/media/D1kK6qOXQAE_kZk.jpg",
                    "url": "https://t.co/WK1KMEyFWi",
                    "display_url": "pic.twitter.com/WK1KMEyFWi",
                    "expanded_url": "https://twitter.com/chloeandcos/status/1105927194256265219/photo/1",
                    "type": "photo",
                    "sizes": {
                        "medium": {
                            "w": 675,
                            "h": 1200,
                            "resize": "fit"
                        },
                        "thumb": {
                            "w": 150,
                            "h": 150,
                            "resize": "crop"
                        },
                        "large": {
                            "w": 750,
                            "h": 1334,
                            "resize": "fit"
                        },
                        "small": {
                            "w": 382,
                            "h": 680,
                            "resize": "fit"
                        }
                    }
                }
            ]
        },
        "extended_entities": {
            "media": [
                {
                    "id": 1105927186379390977,
                    "id_str": "1105927186379390977",
                    "indices": [
                        99,
                        122
                    ],
                    "media_url": "http://pbs.twimg.com/media/D1kK6qOXQAE_kZk.jpg",
                    "media_url_https": "https://pbs.twimg.com/media/D1kK6qOXQAE_kZk.jpg",
                    "url": "https://t.co/WK1KMEyFWi",
                    "display_url": "pic.twitter.com/WK1KMEyFWi",
                    "expanded_url": "https://twitter.com/chloeandcos/status/1105927194256265219/photo/1",
                    "type": "photo",
                    "sizes": {
                        "medium": {
                            "w": 675,
                            "h": 1200,
                            "resize": "fit"
                        },
                        "thumb": {
                            "w": 150,
                            "h": 150,
                            "resize": "crop"
                        },
                        "large": {
                            "w": 750,
                            "h": 1334,
                            "resize": "fit"
                        },
                        "small": {
                            "w": 382,
                            "h": 680,
                            "resize": "fit"
                        }
                    }
                },
                {
                    "id": 1105927186391937024,
                    "id_str": "1105927186391937024",
                    "indices": [
                        99,
                        122
                    ],
                    "media_url": "http://pbs.twimg.com/media/D1kK6qRWsAAgDOy.jpg",
                    "media_url_https": "https://pbs.twimg.com/media/D1kK6qRWsAAgDOy.jpg",
                    "url": "https://t.co/WK1KMEyFWi",
                    "display_url": "pic.twitter.com/WK1KMEyFWi",
                    "expanded_url": "https://twitter.com/chloeandcos/status/1105927194256265219/photo/1",
                    "type": "photo",
                    "sizes": {
                        "thumb": {
                            "w": 150,
                            "h": 150,
                            "resize": "crop"
                        },
                        "small": {
                            "w": 382,
                            "h": 680,
                            "resize": "fit"
                        },
                        "large": {
                            "w": 750,
                            "h": 1334,
                            "resize": "fit"
                        },
                        "medium": {
                            "w": 675,
                            "h": 1200,
                            "resize": "fit"
                        }
                    }
                }
            ]
        },
        "metadata": {
            "iso_language_code": "en",
            "result_type": "recent"
        },
        "source": "<a href=\"http://twitter.com/download/iphone\" rel=\"nofollow\">Twitter for iPhone</a>",
        "in_reply_to_status_id": null,
        "in_reply_to_status_id_str": null,
        "in_reply_to_user_id": null,
        "in_reply_to_user_id_str": null,
        "in_reply_to_screen_name": null,
        "user": {
            "id": 986340259851010048,
            "id_str": "986340259851010048",
            "name": "ChloeAndCosmetics",
            "screen_name": "chloeandcos",
            "location": "",
            "description": "18 \u2022 Makeup Enthusiast \u2022 England",
            "url": "https://t.co/9fhDi5YXLL",
            "entities": {
                "url": {
                    "urls": [
                        {
                            "url": "https://t.co/9fhDi5YXLL",
                            "expanded_url": "http://instagram.com/chloeandcosmetics",
                            "display_url": "instagram.com/chloeandcosmet\u2026",
                            "indices": [
                                0,
                                23
                            ]
                        }
                    ]
                },
                "description": {
                    "urls": []
                }
            },
            "protected": false,
            "followers_count": 534,
            "friends_count": 142,
            "listed_count": 1,
            "created_at": "Tue Apr 17 20:26:58 +0000 2018",
            "favourites_count": 174,
            "utc_offset": null,
            "time_zone": null,
            "geo_enabled": false,
            "verified": false,
            "statuses_count": 192,
            "lang": "en",
            "contributors_enabled": false,
            "is_translator": false,
            "is_translation_enabled": false,
            "profile_background_color": "F5F8FA",
            "profile_background_image_url": null,
            "profile_background_image_url_https": null,
            "profile_background_tile": false,
            "profile_image_url": "http://pbs.twimg.com/profile_images/1105131183162167298/0JS9lfna_normal.jpg",
            "profile_image_url_https": "https://pbs.twimg.com/profile_images/1105131183162167298/0JS9lfna_normal.jpg",
            "profile_banner_url": "https://pbs.twimg.com/profile_banners/986340259851010048/1552318809",
            "profile_link_color": "1DA1F2",
            "profile_sidebar_border_color": "C0DEED",
            "profile_sidebar_fill_color": "DDEEF6",
            "profile_text_color": "333333",
            "profile_use_background_image": true,
            "has_extended_profile": true,
            "default_profile": true,
            "default_profile_image": false,
            "following": null,
            "follow_request_sent": null,
            "notifications": null,
            "translator_type": "none"
        },
        "geo": null,
        "coordinates": null,
        "place": null,
        "contributors": null,
        "is_quote_status": false,
        "retweet_count": 2,
        "favorite_count": 62,
        "favorited": false,
        "retweeted": false,
        "possibly_sensitive": false,
        "lang": "en"
    },
    "is_quote_status": false,
    "retweet_count": 2,
    "favorite_count": 0,
    "favorited": false,
    "retweeted": false,
    "possibly_sensitive": false,
    "lang": "en"
}