{
    "created_at": "Thu Mar 14 14:18:05 +0000 2019",
    "id": 1106197812495216641,
    "id_str": "1106197812495216641",
    "text": "\"Environmental racism is a type of discrimination where people of low-income or minority communities are forced to\u2026 https://t.co/NRZH0QAHBj",
    "truncated": true,
    "entities": {
        "hashtags": [],
        "symbols": [],
        "user_mentions": [],
        "urls": [
            {
                "url": "https://t.co/NRZH0QAHBj",
                "expanded_url": "https://twitter.com/i/web/status/1106197812495216641",
                "display_url": "twitter.com/i/web/status/1\u2026",
                "indices": [
                    116,
                    139
                ]
            }
        ]
    },
    "metadata": {
        "iso_language_code": "en",
        "result_type": "recent"
    },
    "source": "<a href=\"http://twitter.com\" rel=\"nofollow\">Twitter Web Client</a>",
    "in_reply_to_status_id": null,
    "in_reply_to_status_id_str": null,
    "in_reply_to_user_id": null,
    "in_reply_to_user_id_str": null,
    "in_reply_to_screen_name": null,
    "user": {
        "id": 21657742,
        "id_str": "21657742",
        "name": "Tara Burk",
        "screen_name": "TJKB",
        "location": "Philadelphia, PA",
        "description": "writer and educator | posting misc content for students at @RutgersU & @TempleUniv | PhD art history @CUNYGradCenter | member @ruaaup @taup |",
        "url": "https://t.co/z1dSsbu2YU",
        "entities": {
            "url": {
                "urls": [
                    {
                        "url": "https://t.co/z1dSsbu2YU",
                        "expanded_url": "https://gc-cuny.academia.edu/TaraBurk",
                        "display_url": "gc-cuny.academia.edu/TaraBurk",
                        "indices": [
                            0,
                            23
                        ]
                    }
                ]
            },
            "description": {
                "urls": []
            }
        },
        "protected": false,
        "followers_count": 526,
        "friends_count": 1707,
        "listed_count": 16,
        "created_at": "Mon Feb 23 14:54:23 +0000 2009",
        "favourites_count": 1822,
        "utc_offset": null,
        "time_zone": null,
        "geo_enabled": true,
        "verified": false,
        "statuses_count": 2810,
        "lang": "en",
        "contributors_enabled": false,
        "is_translator": false,
        "is_translation_enabled": false,
        "profile_background_color": "000000",
        "profile_background_image_url": "http://abs.twimg.com/images/themes/theme10/bg.gif",
        "profile_background_image_url_https": "https://abs.twimg.com/images/themes/theme10/bg.gif",
        "profile_background_tile": false,
        "profile_image_url": "http://pbs.twimg.com/profile_images/1051954749996756992/AOywNNZw_normal.jpg",
        "profile_image_url_https": "https://pbs.twimg.com/profile_images/1051954749996756992/AOywNNZw_normal.jpg",
        "profile_banner_url": "https://pbs.twimg.com/profile_banners/21657742/1443014986",
        "profile_link_color": "E81C4F",
        "profile_sidebar_border_color": "000000",
        "profile_sidebar_fill_color": "000000",
        "profile_text_color": "000000",
        "profile_use_background_image": false,
        "has_extended_profile": true,
        "default_profile": false,
        "default_profile_image": false,
        "following": null,
        "follow_request_sent": null,
        "notifications": null,
        "translator_type": "none"
    },
    "geo": null,
    "coordinates": null,
    "place": null,
    "contributors": null,
    "is_quote_status": false,
    "retweet_count": 0,
    "favorite_count": 0,
    "favorited": false,
    "retweeted": false,
    "possibly_sensitive": false,
    "lang": "en"
}