{
    "created_at": "Thu Mar 14 07:40:09 +0000 2019",
    "id": 1106097671792668672,
    "id_str": "1106097671792668672",
    "text": "R\u00fcyamda urban decay\u2019in t\u00fcm far paletleri belirsiz biri taraf\u0131ndan kap\u0131ma b\u0131rak\u0131l\u0131yordu.. ALLAHIM YA\u015eATMAYACAKSIN BAR\u0130 R\u00dcYADA DA G\u00d6STERME",
    "truncated": false,
    "entities": {
        "hashtags": [],
        "symbols": [],
        "user_mentions": [],
        "urls": []
    },
    "metadata": {
        "result_type": "recent",
        "iso_language_code": "tr"
    },
    "source": "<a href=\"http://twitter.com/download/iphone\" rel=\"nofollow\">Twitter for iPhone</a>",
    "in_reply_to_status_id": null,
    "in_reply_to_status_id_str": null,
    "in_reply_to_user_id": null,
    "in_reply_to_user_id_str": null,
    "in_reply_to_screen_name": null,
    "user": {
        "id": 4689521887,
        "id_str": "4689521887",
        "name": "Sena Adnan",
        "screen_name": "senaadnan",
        "location": "Ankara, T\u00fcrkiye",
        "description": "",
        "url": null,
        "entities": {
            "description": {
                "urls": []
            }
        },
        "protected": false,
        "followers_count": 160,
        "friends_count": 126,
        "listed_count": 0,
        "created_at": "Fri Jan 01 13:19:25 +0000 2016",
        "favourites_count": 3556,
        "utc_offset": null,
        "time_zone": null,
        "geo_enabled": true,
        "verified": false,
        "statuses_count": 884,
        "lang": "tr",
        "contributors_enabled": false,
        "is_translator": false,
        "is_translation_enabled": false,
        "profile_background_color": "F5F8FA",
        "profile_background_image_url": null,
        "profile_background_image_url_https": null,
        "profile_background_tile": false,
        "profile_image_url": "http://pbs.twimg.com/profile_images/1099759632564793345/yrV60uuB_normal.jpg",
        "profile_image_url_https": "https://pbs.twimg.com/profile_images/1099759632564793345/yrV60uuB_normal.jpg",
        "profile_banner_url": "https://pbs.twimg.com/profile_banners/4689521887/1521669494",
        "profile_link_color": "1DA1F2",
        "profile_sidebar_border_color": "C0DEED",
        "profile_sidebar_fill_color": "DDEEF6",
        "profile_text_color": "333333",
        "profile_use_background_image": true,
        "has_extended_profile": true,
        "default_profile": true,
        "default_profile_image": false,
        "following": null,
        "follow_request_sent": null,
        "notifications": null,
        "translator_type": "none"
    },
    "geo": null,
    "coordinates": null,
    "place": null,
    "contributors": null,
    "is_quote_status": false,
    "retweet_count": 0,
    "favorite_count": 5,
    "favorited": false,
    "retweeted": false,
    "lang": "tr"
}