{
    "created_at": "Thu Mar 14 11:31:42 +0000 2019",
    "id": 1106155943283384320,
    "id_str": "1106155943283384320",
    "text": "RT @DavidBillboard: So we went to Urban Decay Sandton the other day... \n\nShe was just supposed to get her make up done an dip but she likes\u2026",
    "truncated": false,
    "entities": {
        "hashtags": [],
        "symbols": [],
        "user_mentions": [
            {
                "screen_name": "DavidBillboard",
                "name": "BIG.Banner",
                "id": 256997751,
                "id_str": "256997751",
                "indices": [
                    3,
                    18
                ]
            }
        ],
        "urls": []
    },
    "metadata": {
        "iso_language_code": "en",
        "result_type": "recent"
    },
    "source": "<a href=\"http://twitter.com/download/android\" rel=\"nofollow\">Twitter for Android</a>",
    "in_reply_to_status_id": null,
    "in_reply_to_status_id_str": null,
    "in_reply_to_user_id": null,
    "in_reply_to_user_id_str": null,
    "in_reply_to_screen_name": null,
    "user": {
        "id": 714451721506963456,
        "id_str": "714451721506963456",
        "name": "Tequila wining bird\ud83c\udf77\ud83c\udf08",
        "screen_name": "Tumza49",
        "location": "Botswana",
        "description": "The guy who loves wine",
        "url": null,
        "entities": {
            "description": {
                "urls": []
            }
        },
        "protected": false,
        "followers_count": 138,
        "friends_count": 246,
        "listed_count": 1,
        "created_at": "Mon Mar 28 13:58:59 +0000 2016",
        "favourites_count": 11677,
        "utc_offset": null,
        "time_zone": null,
        "geo_enabled": false,
        "verified": false,
        "statuses_count": 6335,
        "lang": "en",
        "contributors_enabled": false,
        "is_translator": false,
        "is_translation_enabled": false,
        "profile_background_color": "000000",
        "profile_background_image_url": "http://abs.twimg.com/images/themes/theme1/bg.png",
        "profile_background_image_url_https": "https://abs.twimg.com/images/themes/theme1/bg.png",
        "profile_background_tile": false,
        "profile_image_url": "http://pbs.twimg.com/profile_images/1078390099375804417/7DTw2YKq_normal.jpg",
        "profile_image_url_https": "https://pbs.twimg.com/profile_images/1078390099375804417/7DTw2YKq_normal.jpg",
        "profile_banner_url": "https://pbs.twimg.com/profile_banners/714451721506963456/1531749531",
        "profile_link_color": "19CF86",
        "profile_sidebar_border_color": "000000",
        "profile_sidebar_fill_color": "000000",
        "profile_text_color": "000000",
        "profile_use_background_image": false,
        "has_extended_profile": true,
        "default_profile": false,
        "default_profile_image": false,
        "following": null,
        "follow_request_sent": null,
        "notifications": null,
        "translator_type": "none"
    },
    "geo": null,
    "coordinates": null,
    "place": null,
    "contributors": null,
    "retweeted_status": {
        "created_at": "Wed Mar 13 14:26:14 +0000 2019",
        "id": 1105837474952216576,
        "id_str": "1105837474952216576",
        "text": "So we went to Urban Decay Sandton the other day... \n\nShe was just supposed to get her make up done an dip but she l\u2026 https://t.co/O4dUi8uSNN",
        "truncated": true,
        "entities": {
            "hashtags": [],
            "symbols": [],
            "user_mentions": [],
            "urls": [
                {
                    "url": "https://t.co/O4dUi8uSNN",
                    "expanded_url": "https://twitter.com/i/web/status/1105837474952216576",
                    "display_url": "twitter.com/i/web/status/1\u2026",
                    "indices": [
                        117,
                        140
                    ]
                }
            ]
        },
        "metadata": {
            "iso_language_code": "en",
            "result_type": "recent"
        },
        "source": "<a href=\"http://twitter.com\" rel=\"nofollow\">Twitter Web Client</a>",
        "in_reply_to_status_id": null,
        "in_reply_to_status_id_str": null,
        "in_reply_to_user_id": null,
        "in_reply_to_user_id_str": null,
        "in_reply_to_screen_name": null,
        "user": {
            "id": 256997751,
            "id_str": "256997751",
            "name": "BIG.Banner",
            "screen_name": "DavidBillboard",
            "location": "Instagram",
            "description": "I care, but not enough |                        \nIG:davidbillboard - photographer  david.billboard@yahoo.com",
            "url": null,
            "entities": {
                "description": {
                    "urls": []
                }
            },
            "protected": false,
            "followers_count": 606,
            "friends_count": 345,
            "listed_count": 3,
            "created_at": "Thu Feb 24 14:12:35 +0000 2011",
            "favourites_count": 294,
            "utc_offset": null,
            "time_zone": null,
            "geo_enabled": true,
            "verified": false,
            "statuses_count": 3114,
            "lang": "en",
            "contributors_enabled": false,
            "is_translator": false,
            "is_translation_enabled": false,
            "profile_background_color": "131516",
            "profile_background_image_url": "http://abs.twimg.com/images/themes/theme1/bg.png",
            "profile_background_image_url_https": "https://abs.twimg.com/images/themes/theme1/bg.png",
            "profile_background_tile": true,
            "profile_image_url": "http://pbs.twimg.com/profile_images/378800000729514804/cd9a134204b3f41e23bcff54473c8443_normal.jpeg",
            "profile_image_url_https": "https://pbs.twimg.com/profile_images/378800000729514804/cd9a134204b3f41e23bcff54473c8443_normal.jpeg",
            "profile_banner_url": "https://pbs.twimg.com/profile_banners/256997751/1487546727",
            "profile_link_color": "ABB8C2",
            "profile_sidebar_border_color": "FA23FA",
            "profile_sidebar_fill_color": "F5FA55",
            "profile_text_color": "333333",
            "profile_use_background_image": true,
            "has_extended_profile": false,
            "default_profile": false,
            "default_profile_image": false,
            "following": null,
            "follow_request_sent": null,
            "notifications": null,
            "translator_type": "none"
        },
        "geo": null,
        "coordinates": null,
        "place": null,
        "contributors": null,
        "is_quote_status": false,
        "retweet_count": 4,
        "favorite_count": 29,
        "favorited": false,
        "retweeted": false,
        "possibly_sensitive": false,
        "lang": "en"
    },
    "is_quote_status": false,
    "retweet_count": 4,
    "favorite_count": 0,
    "favorited": false,
    "retweeted": false,
    "lang": "en"
}