{
    "created_at": "Thu Mar 14 14:06:00 +0000 2019",
    "id": 1106194774267252742,
    "id_str": "1106194774267252742",
    "text": "RT @JuniorNeuvo: Leave them, Baby. For real Who do you want?? I\u2019ll ask at work for any of our best Makeup artists or educators either from\u2026",
    "truncated": false,
    "entities": {
        "hashtags": [],
        "symbols": [],
        "user_mentions": [
            {
                "screen_name": "JuniorNeuvo",
                "name": "Kylo Ren",
                "id": 413082629,
                "id_str": "413082629",
                "indices": [
                    3,
                    15
                ]
            }
        ],
        "urls": []
    },
    "metadata": {
        "iso_language_code": "en",
        "result_type": "recent"
    },
    "source": "<a href=\"http://twitter.com/download/android\" rel=\"nofollow\">Twitter for Android</a>",
    "in_reply_to_status_id": null,
    "in_reply_to_status_id_str": null,
    "in_reply_to_user_id": null,
    "in_reply_to_user_id_str": null,
    "in_reply_to_screen_name": null,
    "user": {
        "id": 4866604816,
        "id_str": "4866604816",
        "name": "Kokii\ud83c\udf6a",
        "screen_name": "kokie_mabetoa",
        "location": "EastRand ",
        "description": "Keep The Faith Alive\ud83c\udf43,Count Your Blessings.",
        "url": null,
        "entities": {
            "description": {
                "urls": []
            }
        },
        "protected": false,
        "followers_count": 1129,
        "friends_count": 719,
        "listed_count": 4,
        "created_at": "Sun Jan 31 13:48:54 +0000 2016",
        "favourites_count": 2102,
        "utc_offset": null,
        "time_zone": null,
        "geo_enabled": true,
        "verified": false,
        "statuses_count": 2381,
        "lang": "en",
        "contributors_enabled": false,
        "is_translator": false,
        "is_translation_enabled": false,
        "profile_background_color": "F5F8FA",
        "profile_background_image_url": null,
        "profile_background_image_url_https": null,
        "profile_background_tile": false,
        "profile_image_url": "http://pbs.twimg.com/profile_images/1090334029755355136/FLoW71dm_normal.jpg",
        "profile_image_url_https": "https://pbs.twimg.com/profile_images/1090334029755355136/FLoW71dm_normal.jpg",
        "profile_banner_url": "https://pbs.twimg.com/profile_banners/4866604816/1544562351",
        "profile_link_color": "1DA1F2",
        "profile_sidebar_border_color": "C0DEED",
        "profile_sidebar_fill_color": "DDEEF6",
        "profile_text_color": "333333",
        "profile_use_background_image": true,
        "has_extended_profile": true,
        "default_profile": true,
        "default_profile_image": false,
        "following": null,
        "follow_request_sent": null,
        "notifications": null,
        "translator_type": "none"
    },
    "geo": null,
    "coordinates": null,
    "place": null,
    "contributors": null,
    "retweeted_status": {
        "created_at": "Thu Mar 14 06:16:36 +0000 2019",
        "id": 1106076642668089344,
        "id_str": "1106076642668089344",
        "text": "Leave them, Baby. For real Who do you want?? I\u2019ll ask at work for any of our best Makeup artists or educators eithe\u2026 https://t.co/CmImhhZmHe",
        "truncated": true,
        "entities": {
            "hashtags": [],
            "symbols": [],
            "user_mentions": [],
            "urls": [
                {
                    "url": "https://t.co/CmImhhZmHe",
                    "expanded_url": "https://twitter.com/i/web/status/1106076642668089344",
                    "display_url": "twitter.com/i/web/status/1\u2026",
                    "indices": [
                        117,
                        140
                    ]
                }
            ]
        },
        "metadata": {
            "iso_language_code": "en",
            "result_type": "recent"
        },
        "source": "<a href=\"http://twitter.com/download/iphone\" rel=\"nofollow\">Twitter for iPhone</a>",
        "in_reply_to_status_id": null,
        "in_reply_to_status_id_str": null,
        "in_reply_to_user_id": null,
        "in_reply_to_user_id_str": null,
        "in_reply_to_screen_name": null,
        "user": {
            "id": 413082629,
            "id_str": "413082629",
            "name": "Kylo Ren",
            "screen_name": "JuniorNeuvo",
            "location": "Johannesburg, South Africa",
            "description": "Strategic Marketing communications GRADUATE\ud83c\udf93| L\u2019Or\u00e9al SA | Swati | Chelsea FC",
            "url": null,
            "entities": {
                "description": {
                    "urls": []
                }
            },
            "protected": false,
            "followers_count": 2702,
            "friends_count": 1261,
            "listed_count": 2,
            "created_at": "Tue Nov 15 13:22:39 +0000 2011",
            "favourites_count": 1633,
            "utc_offset": null,
            "time_zone": null,
            "geo_enabled": true,
            "verified": false,
            "statuses_count": 10490,
            "lang": "en",
            "contributors_enabled": false,
            "is_translator": false,
            "is_translation_enabled": false,
            "profile_background_color": "000000",
            "profile_background_image_url": "http://abs.twimg.com/images/themes/theme1/bg.png",
            "profile_background_image_url_https": "https://abs.twimg.com/images/themes/theme1/bg.png",
            "profile_background_tile": false,
            "profile_image_url": "http://pbs.twimg.com/profile_images/1040895471311642624/diEZdnkM_normal.jpg",
            "profile_image_url_https": "https://pbs.twimg.com/profile_images/1040895471311642624/diEZdnkM_normal.jpg",
            "profile_banner_url": "https://pbs.twimg.com/profile_banners/413082629/1546797255",
            "profile_link_color": "1B95E0",
            "profile_sidebar_border_color": "000000",
            "profile_sidebar_fill_color": "000000",
            "profile_text_color": "000000",
            "profile_use_background_image": false,
            "has_extended_profile": true,
            "default_profile": false,
            "default_profile_image": false,
            "following": null,
            "follow_request_sent": null,
            "notifications": null,
            "translator_type": "none"
        },
        "geo": null,
        "coordinates": null,
        "place": null,
        "contributors": null,
        "is_quote_status": true,
        "quoted_status_id": 1105909479575556104,
        "quoted_status_id_str": "1105909479575556104",
        "quoted_status": {
            "created_at": "Wed Mar 13 19:12:21 +0000 2019",
            "id": 1105909479575556104,
            "id_str": "1105909479575556104",
            "text": "Been Emailing &amp; DMing Your Fave Asking Her To Do My Makeup For Grad &amp; Wow.. I Didn\u2019t Know We Had To Ncenga* To This Extent \ud83d\ude43.",
            "truncated": false,
            "entities": {
                "hashtags": [],
                "symbols": [],
                "user_mentions": [],
                "urls": []
            },
            "metadata": {
                "iso_language_code": "en",
                "result_type": "recent"
            },
            "source": "<a href=\"http://twitter.com/download/iphone\" rel=\"nofollow\">Twitter for iPhone</a>",
            "in_reply_to_status_id": null,
            "in_reply_to_status_id_str": null,
            "in_reply_to_user_id": null,
            "in_reply_to_user_id_str": null,
            "in_reply_to_screen_name": null,
            "user": {
                "id": 365889492,
                "id_str": "365889492",
                "name": "Amo Moche",
                "screen_name": "AmzMoche",
                "location": "Pretoria & Johannesburg",
                "description": "Wits Organisational Psychology & Media Studies Graduate \ud83c\udf93. Property & Interior Design Enthusiast \ud83c\udf06. You Can Call Me Peaches\ud83c\udf51. 18/03/2019 #HouseOfBNG",
                "url": null,
                "entities": {
                    "description": {
                        "urls": []
                    }
                },
                "protected": false,
                "followers_count": 583,
                "friends_count": 420,
                "listed_count": 0,
                "created_at": "Thu Sep 01 05:44:48 +0000 2011",
                "favourites_count": 30676,
                "utc_offset": null,
                "time_zone": null,
                "geo_enabled": true,
                "verified": false,
                "statuses_count": 9193,
                "lang": "en",
                "contributors_enabled": false,
                "is_translator": false,
                "is_translation_enabled": false,
                "profile_background_color": "C0DEED",
                "profile_background_image_url": "http://abs.twimg.com/images/themes/theme1/bg.png",
                "profile_background_image_url_https": "https://abs.twimg.com/images/themes/theme1/bg.png",
                "profile_background_tile": false,
                "profile_image_url": "http://pbs.twimg.com/profile_images/1082603356412145664/mlCeW1E5_normal.jpg",
                "profile_image_url_https": "https://pbs.twimg.com/profile_images/1082603356412145664/mlCeW1E5_normal.jpg",
                "profile_banner_url": "https://pbs.twimg.com/profile_banners/365889492/1546947729",
                "profile_link_color": "1DA1F2",
                "profile_sidebar_border_color": "C0DEED",
                "profile_sidebar_fill_color": "DDEEF6",
                "profile_text_color": "333333",
                "profile_use_background_image": true,
                "has_extended_profile": true,
                "default_profile": true,
                "default_profile_image": false,
                "following": null,
                "follow_request_sent": null,
                "notifications": null,
                "translator_type": "none"
            },
            "geo": null,
            "coordinates": null,
            "place": null,
            "contributors": null,
            "is_quote_status": false,
            "retweet_count": 1,
            "favorite_count": 0,
            "favorited": false,
            "retweeted": false,
            "lang": "en"
        },
        "retweet_count": 10,
        "favorite_count": 23,
        "favorited": false,
        "retweeted": false,
        "possibly_sensitive": false,
        "lang": "en"
    },
    "is_quote_status": true,
    "quoted_status_id": 1105909479575556104,
    "quoted_status_id_str": "1105909479575556104",
    "retweet_count": 10,
    "favorite_count": 0,
    "favorited": false,
    "retweeted": false,
    "lang": "en"
}