{
    "created_at": "Thu Mar 14 10:38:18 +0000 2019",
    "id": 1106142501004558338,
    "id_str": "1106142501004558338",
    "text": "@iamkamiam_ It cosmetics matte foundation with moisturizer. It lasts all day and has excellent coverage! Julep eye\u2026 https://t.co/8inBQOEkpn",
    "truncated": true,
    "entities": {
        "hashtags": [],
        "symbols": [],
        "user_mentions": [
            {
                "screen_name": "iamkamiam_",
                "name": "Kam I Am",
                "id": 795895787213438976,
                "id_str": "795895787213438976",
                "indices": [
                    0,
                    11
                ]
            }
        ],
        "urls": [
            {
                "url": "https://t.co/8inBQOEkpn",
                "expanded_url": "https://twitter.com/i/web/status/1106142501004558338",
                "display_url": "twitter.com/i/web/status/1\u2026",
                "indices": [
                    116,
                    139
                ]
            }
        ]
    },
    "metadata": {
        "iso_language_code": "en",
        "result_type": "recent"
    },
    "source": "<a href=\"http://twitter.com/download/iphone\" rel=\"nofollow\">Twitter for iPhone</a>",
    "in_reply_to_status_id": 1105920850560196608,
    "in_reply_to_status_id_str": "1105920850560196608",
    "in_reply_to_user_id": 795895787213438976,
    "in_reply_to_user_id_str": "795895787213438976",
    "in_reply_to_screen_name": "iamkamiam_",
    "user": {
        "id": 177566922,
        "id_str": "177566922",
        "name": "Jami Leigh",
        "screen_name": "leigh320",
        "location": "",
        "description": "**Live_Love_Laugh**",
        "url": null,
        "entities": {
            "description": {
                "urls": []
            }
        },
        "protected": false,
        "followers_count": 14,
        "friends_count": 296,
        "listed_count": 0,
        "created_at": "Thu Aug 12 13:42:48 +0000 2010",
        "favourites_count": 238,
        "utc_offset": null,
        "time_zone": null,
        "geo_enabled": false,
        "verified": false,
        "statuses_count": 93,
        "lang": "en",
        "contributors_enabled": false,
        "is_translator": false,
        "is_translation_enabled": false,
        "profile_background_color": "040005",
        "profile_background_image_url": "http://abs.twimg.com/images/themes/theme1/bg.png",
        "profile_background_image_url_https": "https://abs.twimg.com/images/themes/theme1/bg.png",
        "profile_background_tile": true,
        "profile_image_url": "http://pbs.twimg.com/profile_images/491204971723894784/wIQ2ZFWK_normal.jpeg",
        "profile_image_url_https": "https://pbs.twimg.com/profile_images/491204971723894784/wIQ2ZFWK_normal.jpeg",
        "profile_link_color": "8026E0",
        "profile_sidebar_border_color": "AF51C2",
        "profile_sidebar_fill_color": "050A0D",
        "profile_text_color": "882EDB",
        "profile_use_background_image": true,
        "has_extended_profile": false,
        "default_profile": false,
        "default_profile_image": false,
        "following": null,
        "follow_request_sent": null,
        "notifications": null,
        "translator_type": "none"
    },
    "geo": null,
    "coordinates": null,
    "place": null,
    "contributors": null,
    "is_quote_status": false,
    "retweet_count": 0,
    "favorite_count": 0,
    "favorited": false,
    "retweeted": false,
    "lang": "en"
}