{
    "created_at": "Thu Mar 14 14:17:04 +0000 2019",
    "id": 1106197558114684933,
    "id_str": "1106197558114684933",
    "text": "@cultsclassic Also!!! A lot of cruelty free makeup turns out to also be vegan. Tarte has several options as well as\u2026 https://t.co/Zv07F1jtZN",
    "truncated": true,
    "entities": {
        "hashtags": [],
        "symbols": [],
        "user_mentions": [
            {
                "screen_name": "cultsclassic",
                "name": ":: \ud835\udd76\ud835\udd86\ud835\udd99  ::",
                "id": 3237347121,
                "id_str": "3237347121",
                "indices": [
                    0,
                    13
                ]
            }
        ],
        "urls": [
            {
                "url": "https://t.co/Zv07F1jtZN",
                "expanded_url": "https://twitter.com/i/web/status/1106197558114684933",
                "display_url": "twitter.com/i/web/status/1\u2026",
                "indices": [
                    117,
                    140
                ]
            }
        ]
    },
    "metadata": {
        "iso_language_code": "en",
        "result_type": "recent"
    },
    "source": "<a href=\"http://twitter.com/download/iphone\" rel=\"nofollow\">Twitter for iPhone</a>",
    "in_reply_to_status_id": 1106171600062349312,
    "in_reply_to_status_id_str": "1106171600062349312",
    "in_reply_to_user_id": 3237347121,
    "in_reply_to_user_id_str": "3237347121",
    "in_reply_to_screen_name": "cultsclassic",
    "user": {
        "id": 1076866490597437446,
        "id_str": "1076866490597437446",
        "name": "\ud835\udd20\ud835\udd1e\ud835\udd30\ud835\udd30\ud835\udd26\ud835\udd21\ud835\udd36 \ud83e\udd40",
        "screen_name": "cassidyrion",
        "location": "Colorado, USA",
        "description": "\ud835\udd33\ud835\udd22\ud835\udd24\ud835\udd1e\ud835\udd2b \ud83d\udc07 \ud835\udd31\ud835\udd2f\ud835\udd32\ud835\udd2a\ud835\udd2d \ud835\udd25\ud835\udd1e\ud835\udd31\ud835\udd22\ud835\udd2f \ud83d\udd95\ud83c\udffb \ud835\udd2a\ud835\udd1e\ud835\udd28\ud835\udd22\ud835\udd32\ud835\udd2d \ud835\udd22\ud835\udd2b\ud835\udd31\ud835\udd25\ud835\udd32\ud835\udd30\ud835\udd26\ud835\udd1e\ud835\udd30\ud835\udd31 \ud83d\udc8b \ud835\udd1f\ud835\udd32\ud835\udd21\ud835\udd31\ud835\udd22\ud835\udd2b\ud835\udd21\ud835\udd22\ud835\udd2f \ud83c\udf3f \ud835\udd30\ud835\udd25\ud835\udd22/\ud835\udd25\ud835\udd22\ud835\udd2f \ud835\udd31\ud835\udd25\ud835\udd22\ud835\udd36/\ud835\udd31\ud835\udd25\ud835\udd22\ud835\udd2a",
        "url": "https://t.co/U5vPu24R6Q",
        "entities": {
            "url": {
                "urls": [
                    {
                        "url": "https://t.co/U5vPu24R6Q",
                        "expanded_url": "http://instagram.com/cassidyrion",
                        "display_url": "instagram.com/cassidyrion",
                        "indices": [
                            0,
                            23
                        ]
                    }
                ]
            },
            "description": {
                "urls": []
            }
        },
        "protected": false,
        "followers_count": 28,
        "friends_count": 124,
        "listed_count": 1,
        "created_at": "Sun Dec 23 15:45:53 +0000 2018",
        "favourites_count": 727,
        "utc_offset": null,
        "time_zone": null,
        "geo_enabled": false,
        "verified": false,
        "statuses_count": 1023,
        "lang": "en",
        "contributors_enabled": false,
        "is_translator": false,
        "is_translation_enabled": false,
        "profile_background_color": "000000",
        "profile_background_image_url": "http://abs.twimg.com/images/themes/theme1/bg.png",
        "profile_background_image_url_https": "https://abs.twimg.com/images/themes/theme1/bg.png",
        "profile_background_tile": false,
        "profile_image_url": "http://pbs.twimg.com/profile_images/1103681009403523072/-Lgw_FeX_normal.jpg",
        "profile_image_url_https": "https://pbs.twimg.com/profile_images/1103681009403523072/-Lgw_FeX_normal.jpg",
        "profile_banner_url": "https://pbs.twimg.com/profile_banners/1076866490597437446/1545580546",
        "profile_link_color": "E81C4F",
        "profile_sidebar_border_color": "000000",
        "profile_sidebar_fill_color": "000000",
        "profile_text_color": "000000",
        "profile_use_background_image": false,
        "has_extended_profile": true,
        "default_profile": false,
        "default_profile_image": false,
        "following": null,
        "follow_request_sent": null,
        "notifications": null,
        "translator_type": "none"
    },
    "geo": null,
    "coordinates": null,
    "place": null,
    "contributors": null,
    "is_quote_status": false,
    "retweet_count": 0,
    "favorite_count": 1,
    "favorited": false,
    "retweeted": false,
    "lang": "en"
}