{
    "created_at": "Thu Mar 14 03:16:13 +0000 2019",
    "id": 1106031249267744768,
    "id_str": "1106031249267744768",
    "text": "@JenLuvsReviews @ABHcosmetics Excited to watch this. Will you be reviewing the new palette from Urban Decay?",
    "truncated": false,
    "entities": {
        "hashtags": [],
        "symbols": [],
        "user_mentions": [
            {
                "screen_name": "JenLuvsReviews",
                "name": "Jen Luv",
                "id": 3081016409,
                "id_str": "3081016409",
                "indices": [
                    0,
                    15
                ]
            },
            {
                "screen_name": "ABHcosmetics",
                "name": "ABH Cosmetics",
                "id": 50089673,
                "id_str": "50089673",
                "indices": [
                    16,
                    29
                ]
            }
        ],
        "urls": []
    },
    "metadata": {
        "iso_language_code": "en",
        "result_type": "recent"
    },
    "source": "<a href=\"http://twitter.com/download/iphone\" rel=\"nofollow\">Twitter for iPhone</a>",
    "in_reply_to_status_id": 1105908051150860289,
    "in_reply_to_status_id_str": "1105908051150860289",
    "in_reply_to_user_id": 3081016409,
    "in_reply_to_user_id_str": "3081016409",
    "in_reply_to_screen_name": "JenLuvsReviews",
    "user": {
        "id": 228483634,
        "id_str": "228483634",
        "name": "Mandy",
        "screen_name": "MandsMac78",
        "location": "",
        "description": "",
        "url": null,
        "entities": {
            "description": {
                "urls": []
            }
        },
        "protected": false,
        "followers_count": 27,
        "friends_count": 98,
        "listed_count": 0,
        "created_at": "Sun Dec 19 21:20:39 +0000 2010",
        "favourites_count": 59,
        "utc_offset": null,
        "time_zone": null,
        "geo_enabled": false,
        "verified": false,
        "statuses_count": 427,
        "lang": "en",
        "contributors_enabled": false,
        "is_translator": false,
        "is_translation_enabled": false,
        "profile_background_color": "C0DEED",
        "profile_background_image_url": "http://abs.twimg.com/images/themes/theme1/bg.png",
        "profile_background_image_url_https": "https://abs.twimg.com/images/themes/theme1/bg.png",
        "profile_background_tile": false,
        "profile_image_url": "http://pbs.twimg.com/profile_images/579819843538440193/vUCsfqs4_normal.jpg",
        "profile_image_url_https": "https://pbs.twimg.com/profile_images/579819843538440193/vUCsfqs4_normal.jpg",
        "profile_link_color": "1DA1F2",
        "profile_sidebar_border_color": "C0DEED",
        "profile_sidebar_fill_color": "DDEEF6",
        "profile_text_color": "333333",
        "profile_use_background_image": true,
        "has_extended_profile": false,
        "default_profile": true,
        "default_profile_image": false,
        "following": null,
        "follow_request_sent": null,
        "notifications": null,
        "translator_type": "none"
    },
    "geo": null,
    "coordinates": null,
    "place": null,
    "contributors": null,
    "is_quote_status": false,
    "retweet_count": 0,
    "favorite_count": 1,
    "favorited": false,
    "retweeted": false,
    "lang": "en"
}