{
    "created_at": "Thu Mar 14 13:47:07 +0000 2019",
    "id": 1106190018710777856,
    "id_str": "1106190018710777856",
    "text": "The story of Baltimore is that of a FAILED CITY run into the ground by DEMOCRAT politicians and their FAILED LIBERA\u2026 https://t.co/kgipvOm42G",
    "truncated": true,
    "entities": {
        "hashtags": [],
        "symbols": [],
        "user_mentions": [],
        "urls": [
            {
                "url": "https://t.co/kgipvOm42G",
                "expanded_url": "https://twitter.com/i/web/status/1106190018710777856",
                "display_url": "twitter.com/i/web/status/1\u2026",
                "indices": [
                    117,
                    140
                ]
            }
        ]
    },
    "metadata": {
        "iso_language_code": "en",
        "result_type": "recent"
    },
    "source": "<a href=\"http://twitter.com/#!/download/ipad\" rel=\"nofollow\">Twitter for iPad</a>",
    "in_reply_to_status_id": null,
    "in_reply_to_status_id_str": null,
    "in_reply_to_user_id": null,
    "in_reply_to_user_id_str": null,
    "in_reply_to_screen_name": null,
    "user": {
        "id": 118845216,
        "id_str": "118845216",
        "name": "David A. Clarke, Jr.",
        "screen_name": "SheriffClarke",
        "location": "Washington DC",
        "description": "President of America's Sheriff LLC; Board of Directors We Build the Wall Inc; Former Sheriff(ret) Milwaukee County; NRA Member; MA Security Studies NPS",
        "url": null,
        "entities": {
            "description": {
                "urls": []
            }
        },
        "protected": false,
        "followers_count": 958257,
        "friends_count": 151,
        "listed_count": 4314,
        "created_at": "Mon Mar 01 22:39:39 +0000 2010",
        "favourites_count": 2525,
        "utc_offset": null,
        "time_zone": null,
        "geo_enabled": false,
        "verified": false,
        "statuses_count": 14087,
        "lang": "en",
        "contributors_enabled": false,
        "is_translator": false,
        "is_translation_enabled": false,
        "profile_background_color": "131516",
        "profile_background_image_url": "http://abs.twimg.com/images/themes/theme14/bg.gif",
        "profile_background_image_url_https": "https://abs.twimg.com/images/themes/theme14/bg.gif",
        "profile_background_tile": true,
        "profile_image_url": "http://pbs.twimg.com/profile_images/1007004418523516928/0RwglEZg_normal.jpg",
        "profile_image_url_https": "https://pbs.twimg.com/profile_images/1007004418523516928/0RwglEZg_normal.jpg",
        "profile_banner_url": "https://pbs.twimg.com/profile_banners/118845216/1517010762",
        "profile_link_color": "009999",
        "profile_sidebar_border_color": "EEEEEE",
        "profile_sidebar_fill_color": "EFEFEF",
        "profile_text_color": "333333",
        "profile_use_background_image": true,
        "has_extended_profile": false,
        "default_profile": false,
        "default_profile_image": false,
        "following": null,
        "follow_request_sent": null,
        "notifications": null,
        "translator_type": "none"
    },
    "geo": null,
    "coordinates": null,
    "place": null,
    "contributors": null,
    "is_quote_status": false,
    "retweet_count": 278,
    "favorite_count": 594,
    "favorited": false,
    "retweeted": false,
    "possibly_sensitive": false,
    "lang": "en"
}