{
    "created_at": "Thu Mar 14 03:12:11 +0000 2019",
    "id": 1106030232564318208,
    "id_str": "1106030232564318208",
    "text": "Ganhei uma paleta Naked da Urban Decay E EU NAO TO ACREDITANDO EM COMO AS CORES DELA S\u00c3O LINDAAAAAAAASSS",
    "truncated": false,
    "entities": {
        "hashtags": [],
        "symbols": [],
        "user_mentions": [],
        "urls": []
    },
    "metadata": {
        "iso_language_code": "pt",
        "result_type": "recent"
    },
    "source": "<a href=\"http://twitter.com/download/android\" rel=\"nofollow\">Twitter for Android</a>",
    "in_reply_to_status_id": null,
    "in_reply_to_status_id_str": null,
    "in_reply_to_user_id": null,
    "in_reply_to_user_id_str": null,
    "in_reply_to_screen_name": null,
    "user": {
        "id": 53428541,
        "id_str": "53428541",
        "name": "Miyuki Shake",
        "screen_name": "bianca_nunes",
        "location": "S\u00e3o Jos\u00e9 dos Campos - SP",
        "description": "Futura publicit\u00e1ria \u2764\nhttps://t.co/1bCI5FnwEA",
        "url": "https://t.co/JfsbgWCJu2",
        "entities": {
            "url": {
                "urls": [
                    {
                        "url": "https://t.co/JfsbgWCJu2",
                        "expanded_url": "https://www.facebook.com/BiancaNunesCosplay",
                        "display_url": "facebook.com/BiancaNunesCos\u2026",
                        "indices": [
                            0,
                            23
                        ]
                    }
                ]
            },
            "description": {
                "urls": [
                    {
                        "url": "https://t.co/1bCI5FnwEA",
                        "expanded_url": "http://curiouscat.me/bianca_nunes",
                        "display_url": "curiouscat.me/bianca_nunes",
                        "indices": [
                            22,
                            45
                        ]
                    }
                ]
            }
        },
        "protected": false,
        "followers_count": 533,
        "friends_count": 366,
        "listed_count": 16,
        "created_at": "Fri Jul 03 16:27:40 +0000 2009",
        "favourites_count": 902,
        "utc_offset": null,
        "time_zone": null,
        "geo_enabled": false,
        "verified": false,
        "statuses_count": 101773,
        "lang": "pt",
        "contributors_enabled": false,
        "is_translator": false,
        "is_translation_enabled": false,
        "profile_background_color": "131516",
        "profile_background_image_url": "http://abs.twimg.com/images/themes/theme10/bg.gif",
        "profile_background_image_url_https": "https://abs.twimg.com/images/themes/theme10/bg.gif",
        "profile_background_tile": true,
        "profile_image_url": "http://pbs.twimg.com/profile_images/1019771052103274496/biUaNclC_normal.jpg",
        "profile_image_url_https": "https://pbs.twimg.com/profile_images/1019771052103274496/biUaNclC_normal.jpg",
        "profile_banner_url": "https://pbs.twimg.com/profile_banners/53428541/1547991091",
        "profile_link_color": "009999",
        "profile_sidebar_border_color": "FFFFFF",
        "profile_sidebar_fill_color": "7AC3EE",
        "profile_text_color": "FF00C4",
        "profile_use_background_image": true,
        "has_extended_profile": true,
        "default_profile": false,
        "default_profile_image": false,
        "following": null,
        "follow_request_sent": null,
        "notifications": null,
        "translator_type": "none"
    },
    "geo": null,
    "coordinates": null,
    "place": null,
    "contributors": null,
    "is_quote_status": false,
    "retweet_count": 0,
    "favorite_count": 0,
    "favorited": false,
    "retweeted": false,
    "lang": "pt"
}