{
    "created_at": "Thu Mar 14 11:09:45 +0000 2019",
    "id": 1106150416767688704,
    "id_str": "1106150416767688704",
    "text": "SEPHORA CANADA MONTHLY WOW: Shu Uemura, Clinique, Smashbox, Urban Decay, Sephora Collection Brushes | March 14, 201\u2026 https://t.co/yvoxlPCthA",
    "truncated": true,
    "entities": {
        "hashtags": [],
        "symbols": [],
        "user_mentions": [],
        "urls": [
            {
                "url": "https://t.co/yvoxlPCthA",
                "expanded_url": "https://twitter.com/i/web/status/1106150416767688704",
                "display_url": "twitter.com/i/web/status/1\u2026",
                "indices": [
                    117,
                    140
                ]
            }
        ]
    },
    "metadata": {
        "iso_language_code": "en",
        "result_type": "recent"
    },
    "source": "<a href=\"http://publicize.wp.com/\" rel=\"nofollow\">WordPress.com</a>",
    "in_reply_to_status_id": null,
    "in_reply_to_status_id_str": null,
    "in_reply_to_user_id": null,
    "in_reply_to_user_id_str": null,
    "in_reply_to_screen_name": null,
    "user": {
        "id": 975651515590377472,
        "id_str": "975651515590377472",
        "name": "Glossense",
        "screen_name": "Glossense",
        "location": "Canada",
        "description": "Glossense is your Canadian source for beauty at a gloss and shopping that just makes sense!",
        "url": "https://t.co/GiBGXygESN",
        "entities": {
            "url": {
                "urls": [
                    {
                        "url": "https://t.co/GiBGXygESN",
                        "expanded_url": "http://glossense.com",
                        "display_url": "glossense.com",
                        "indices": [
                            0,
                            23
                        ]
                    }
                ]
            },
            "description": {
                "urls": []
            }
        },
        "protected": false,
        "followers_count": 27,
        "friends_count": 44,
        "listed_count": 0,
        "created_at": "Mon Mar 19 08:33:42 +0000 2018",
        "favourites_count": 17,
        "utc_offset": null,
        "time_zone": null,
        "geo_enabled": false,
        "verified": false,
        "statuses_count": 1816,
        "lang": "en",
        "contributors_enabled": false,
        "is_translator": false,
        "is_translation_enabled": false,
        "profile_background_color": "000000",
        "profile_background_image_url": "http://abs.twimg.com/images/themes/theme1/bg.png",
        "profile_background_image_url_https": "https://abs.twimg.com/images/themes/theme1/bg.png",
        "profile_background_tile": false,
        "profile_image_url": "http://pbs.twimg.com/profile_images/1000595335041826816/1b8y5MMp_normal.jpg",
        "profile_image_url_https": "https://pbs.twimg.com/profile_images/1000595335041826816/1b8y5MMp_normal.jpg",
        "profile_banner_url": "https://pbs.twimg.com/profile_banners/975651515590377472/1527398299",
        "profile_link_color": "FF0890",
        "profile_sidebar_border_color": "000000",
        "profile_sidebar_fill_color": "000000",
        "profile_text_color": "000000",
        "profile_use_background_image": false,
        "has_extended_profile": false,
        "default_profile": false,
        "default_profile_image": false,
        "following": null,
        "follow_request_sent": null,
        "notifications": null,
        "translator_type": "none"
    },
    "geo": null,
    "coordinates": null,
    "place": null,
    "contributors": null,
    "is_quote_status": false,
    "retweet_count": 0,
    "favorite_count": 1,
    "favorited": false,
    "retweeted": false,
    "possibly_sensitive": false,
    "lang": "en"
}